x,y
0,0.0
100,0.00019071685640803526
200,0.00038139733989683844
300,0.000572041457403305
400,0.0007626492158628873
500,0.0009532206222100381
600,0.0011437556833776563
700,0.0013342544062973083
800,0.0015247167978994502
900,0.001715142865112984
1000,0.0019055326148655904
1100,0.0020958860540836177
1200,0.002286203189692082
1300,0.0024764840286147782
1400,0.002666728577773947
1500,0.0028569368440908294
1600,0.0030471088344851127
1700,0.0032372445558751517
1800,0.003427344015178191
1900,0.0036174072193099205
2000,0.0038074341751848095
2100,0.003997424889716106
2200,0.004187379369815503
2300,0.004377297622393583
2400,0.004567179654359599
2500,0.004757025472621468
2600,0.004946835084085555
2700,0.0051366084956573355
2800,0.00532634571424051
2900,0.00551604674673789
3000,0.0057057116000506225
3100,0.0058953402810788536
3200,0.006084932796721065
3300,0.0062744891538747405
3400,0.006464009359435918
3500,0.006653493420299195
3600,0.0068429413433580555
3700,0.007032353135504654
3800,0.00722172880362959
3900,0.007411068354622463
4000,0.007600371795371319
4100,0.007789639132763093
4200,0.007978870373683278
4300,0.008168065525016033
4400,0.008357224593644297
4500,0.008546347586449676
4600,0.008735434510312334
4700,0.008924485372111213
4800,0.009113500178724143
4900,0.009302478937027292
5000,0.009491421653895715
5100,0.009680328336203248
5200,0.009869198990822059
5300,0.01005803362462343
5400,0.010246832244476978
5500,0.010435594857251318
5600,0.010624321469813514
5700,0.010813012089029406
5800,0.011001666721763614
5900,0.011190285374879316
6000,0.011378868055238467
6100,0.011567414769701578
6200,0.011755925525128053
6300,0.011944400328375848
6400,0.012132839186301703
6500,0.01232124210576091
6600,0.012509609093607543
6700,0.012697940156694454
6800,0.01288623530187305
6900,0.013074494535993408
7000,0.013262717865904494
7100,0.01345090529845383
7200,0.013639056840487607
7300,0.013827172498850682
7400,0.014015252280386803
7500,0.014203296191938275
7600,0.01439130424034607
7700,0.014579276432449828
7800,0.014767212775088079
7900,0.014955113275097798
8000,0.01514297793931485
8100,0.015330806774573769
8200,0.015518599787707643
8300,0.015706356985548342
8400,0.015894078374926623
8500,0.01608176396267158
8600,0.016269413755611195
8700,0.01645702776057223
8800,0.01664460598438
8900,0.016832148433858718
9000,0.017019655115830923
9100,0.01720712603711816
9200,0.017394561204540637
9300,0.017581960624917237
9400,0.017769324305065504
9500,0.017956652251801652
9600,0.018143944471940787
9700,0.018331200972296346
9800,0.01851842175968077
9900,0.018705606840905276
10000,0.018892756222779528
10100,0.01907986991211197
10200,0.01926694791570971
10300,0.01945399024037886
10400,0.019640996892923646
10500,0.019827967880147734
10600,0.020014903208852797
10700,0.020201802885839615
10800,0.020388666917907527
10900,0.020575495311854652
11000,0.020762288074477886
11100,0.02094904521257268
11200,0.021135766732933048
11300,0.021322452642352108
11400,0.021509102947621317
11500,0.021695717655531133
11600,0.021882296772870458
11700,0.022068840306427084
11800,0.022255348262987362
11900,0.02244182064933653
12000,0.022628257472258384
12100,0.022814658738535387
12200,0.023001024454948893
12300,0.02318735462827881
12400,0.02337364926530372
12500,0.023559908372801197
12600,0.023746131957547267
12700,0.02393232002631651
12800,0.024118472585882733
12900,0.02430458964301785
13000,0.024490671204492998
13100,0.024676717277077653
13200,0.02486272786754029
13300,0.02504870298264772
13400,0.02523464262916586
13500,0.02542054681385919
13600,0.025606415543490857
13700,0.02579224882482256
13800,0.025978046664615118
13900,0.026163809069627786
14000,0.026349536046618494
14100,0.026535227602343947
14200,0.026720883743559742
14300,0.02690650447701981
14400,0.027092089809477193
14500,0.02727763974768327
14600,0.027463154298388526
14700,0.027648633468341788
14800,0.02783407726429088
14900,0.02801948569298207
15000,0.028204858761160634
15100,0.028390196475570395
15200,0.02857549884295396
15300,0.028760765870052385
15400,0.02894599756360594
15500,0.029131193930353128
15600,0.029316354977031445
15700,0.02950148071037695
15800,0.029686571137124584
15900,0.029871626264007967
16000,0.030056646097759154
16100,0.03024163064510943
16200,0.030426579912788188
16300,0.030611493907524157
16400,0.03079637263604429
16500,0.030981216105074427
16600,0.031166024321339303
16700,0.031350797291562094
16800,0.03153553502246487
16900,0.03172023752076836
17000,0.03190490479319208
17100,0.03208953684645399
17200,0.03227413368727117
17300,0.03245869532235912
17400,0.03264322175843226
17500,0.03282771300220366
17600,0.033012169060384844
17700,0.03319658993968655
17800,0.03338097564681797
17900,0.033565326188486844
18000,0.033749641571400035
18100,0.033933921802262734
18200,0.03411816688777913
18300,0.03430237683465198
18400,0.03448655164958292
18500,0.03467069133927203
18600,0.03485479591041851
18700,0.035038865369719785
18800,0.03522289972387249
18900,0.03540689897957172
19000,0.03559086314351134
19100,0.03577479222238389
19200,0.035958686222880676
19300,0.036142545151691796
19400,0.03632636901550601
19500,0.03651015782101075
19600,0.036693911574892324
19700,0.036877630283835505
19800,0.03706131395452417
19900,0.03724496259364052
20000,0.03742857620786577
20100,0.037612154803879694
20200,0.03779569838836083
20300,0.03797920696798662
20400,0.03816268054943295
20500,0.03834611913937458
20600,0.038529522744484956
20700,0.0387128913714363
20800,0.0388962250268996
20900,0.03907952371754442
21000,0.039262787450039305
21100,0.03944601623105104
21200,0.039629210067245846
21300,0.03981236896528795
21400,0.039995492931840904
21500,0.040178581973566496
21600,0.04036163609712573
21700,0.040544655309177946
21800,0.04072763961638126
21900,0.04091058902539291
22000,0.041093503542868226
22100,0.041276383175461895
22200,0.041459227929826925
22300,0.04164203781261511
22400,0.04182481283047723
22500,0.042007552990062424
22600,0.04219025829801892
22700,0.04237292876099341
22800,0.04255556438563146
22900,0.042738165178577314
23000,0.04292073114647388
23100,0.04310326229596306
23200,0.04328575863368511
23300,0.04346822016627938
23400,0.04365064690038378
23500,0.0438330388426349
23600,0.04401539599966808
23700,0.04419771837811759
23800,0.04438000598461622
23900,0.044562258825795564
24000,0.04474447690828598
24100,0.04492666023871661
24200,0.04510880882371504
24300,0.045290922669907974
24400,0.045473001783920663
24500,0.045655046172377145
24600,0.04583705584190012
24700,0.04601903079911107
24800,0.04620097105063026
24900,0.046382876603076606
25000,0.04656474746306771
25100,0.046746583637220285
25200,0.046928385132149364
25300,0.04711015195446877
25400,0.047291884110791216
25500,0.04747358160772808
25600,0.04765524445188951
25700,0.047836872649884454
25800,0.0480184662083204
25900,0.048200025133803726
26000,0.048381549432939486
26100,0.04856303911233162
26200,0.04874449417858262
26300,0.048925914638293766
26400,0.04910730049806522
26500,0.049288651764495706
26600,0.04946996844418272
26700,0.04965125054372255
26800,0.04983249806971024
26900,0.05001371102873953
27000,0.05019488942740291
27100,0.050376033272291676
27200,0.05055714256999577
27300,0.05073821732710404
27400,0.05091925755020377
27500,0.05110026324588124
27600,0.05128123442072152
27700,0.05146217108130813
27800,0.05164307323422379
27900,0.05182394088604936
28000,0.05200477404336501
28100,0.05218557271274937
28200,0.05236633690077985
28300,0.052547066614032634
28400,0.05272776185908268
28500,0.052908422642503616
28600,0.05308904897086786
28700,0.05326964085074659
28800,0.05345019828870967
28900,0.053630721291325734
29000,0.0538112098651623
29100,0.053991664016785346
29200,0.05417208375275995
29300,0.054352469079649746
29400,0.054532820004016935
29500,0.054713136532422824
29600,0.054893418671427274
29700,0.05507366642758882
29800,0.0552538798074651
29900,0.055434058817611986
30000,0.055614203464584455
30100,0.05579431375493615
30200,0.055974389695219506
30300,0.05615443129198561
30400,0.05633443855178433
30500,0.05651441148116432
30600,0.05669435008667301
30700,0.05687425437485649
30800,0.05705412435225965
30900,0.057233960025426245
31000,0.05741376140089849
31100,0.057593528485217704
31200,0.05777326128492366
31300,0.057952959806555016
31400,0.05813262405664932
31500,0.05831225404174256
31600,0.05849184976836985
31700,0.05867141124306463
31800,0.05885093847235945
31900,0.059030431462785415
32000,0.05920989022087253
32100,0.05938931475314946
32200,0.059568705066143646
32300,0.059748061166381206
32400,0.05992738306038725
32500,0.06010667075468534
32600,0.06028592425579793
32700,0.06046514357024635
32800,0.0606443287045505
32900,0.06082347966522905
33000,0.061002596458799685
33100,0.06118167909177841
33200,0.06136072757068045
33300,0.061539741902019385
33400,0.061718722092307776
33500,0.06189766814805686
33600,0.06207658007577688
33700,0.062255457881976284
33800,0.06243430157316299
33900,0.062613111155843
34000,0.06279188663652158
34100,0.06297062802170239
34200,0.06314933531788824
34300,0.06332800853158027
34400,0.0635066476692786
34500,0.06368525273748227
34600,0.06386382374268873
34700,0.06404236069139446
34800,0.06422086359009449
34900,0.06439933244528295
35000,0.06457776726345232
35100,0.06475616805109408
35200,0.06493453481469846
35300,0.0651128675607544
35400,0.0652911662957496
35500,0.06546943102617064
35600,0.06564766175850256
35700,0.06582585849922962
35800,0.0660040212548344
35900,0.0661821500317985
36000,0.06636024483660219
36100,0.06653830567572461
36200,0.06671633255564358
36300,0.06689432548283558
36400,0.06707228446377611
36500,0.0672502095049391
36600,0.06742810061279769
36700,0.06760595779382339
36800,0.06778378105448657
36900,0.06796157040125661
37000,0.06813932584060123
37100,0.06831704737898725
37200,0.06849473502288017
37300,0.06867238877874415
37400,0.06885000865304236
37500,0.06902759465223651
37600,0.06920514678278722
37700,0.06938266505115365
37800,0.06956014946379396
37900,0.06973760002716511
38000,0.0699150167477226
38100,0.07009239963192082
38200,0.07026974868621305
38300,0.07044706391705113
38400,0.0706243453308858
38500,0.07080159293416655
38600,0.07097880673334156
38700,0.0711559867348579
38800,0.07133313294516141
38900,0.0715102453706965
39000,0.07168732401790645
39100,0.07186436889323367
39200,0.07204138000311866
39300,0.07221835735400128
39400,0.07239530095231994
39500,0.0725722108045117
39600,0.07274908691701254
39700,0.0729259292962573
39800,0.07310273794867939
39900,0.0732795128807111
40000,0.07345625409878354
40100,0.07363296160932642
40200,0.0738096354187684
40300,0.07398627553353687
40400,0.07416288196005782
40500,0.07433945470475634
40600,0.07451599377405616
40700,0.07469249917437948
40800,0.07486897091214784
40900,0.0750454089937811
41000,0.075221813425698
41100,0.07539818421431632
41200,0.07557452136605214
41300,0.07575082488732088
41400,0.07592709478453608
41500,0.07610333106411071
41600,0.0762795337324561
41700,0.07645570279598246
41800,0.07663183826109887
41900,0.0768079401342131
42000,0.0769840084217317
42100,0.07716004313005986
42200,0.07733604426560192
42300,0.07751201183476064
42400,0.07768794584393779
42500,0.0778638462995338
42600,0.07803971320794778
42700,0.07821554657557794
42800,0.07839134640882084
42900,0.07856711271407235
43000,0.07874284549772659
43100,0.07891854476617677
43200,0.07909421052581478
43300,0.07926984278303129
43400,0.07944544154421584
43500,0.07962100681575668
43600,0.0797965386040409
43700,0.07997203691545418
43800,0.0801475017563813
43900,0.08032293313320549
44000,0.08049833105230897
44100,0.08067369552007264
44200,0.0808490265428764
44300,0.08102432412709859
44400,0.08119958827911655
44500,0.08137481900530641
44600,0.08155001631204306
44700,0.08172518020570019
44800,0.08190031069265002
44900,0.08207540777926403
45000,0.08225047147191211
45100,0.08242550177696295
45200,0.08260049870078434
45300,0.08277546224974253
45400,0.08295039243020264
45500,0.08312528924852869
45600,0.08330015271108326
45700,0.08347498282422805
45800,0.08364977959432318
45900,0.0838245430277279
46000,0.08399927313079991
46100,0.0841739699098959
46200,0.08434863337137144
46300,0.08452326352158068
46400,0.08469786036687654
46500,0.08487242391361105
46600,0.08504695416813457
46700,0.08522145113679669
46800,0.08539591482594544
46900,0.08557034524192786
47000,0.08574474239108976
47100,0.0859191062797755
47200,0.08609343691432858
47300,0.08626773430109103
47400,0.08644199844640377
47500,0.08661622935660651
47600,0.08679042703803785
47700,0.08696459149703495
47800,0.08713872273993395
47900,0.08731282077306968
48000,0.08748688560277584
48100,0.08766091723538494
48200,0.08783491567722801
48300,0.08800888093463533
48400,0.0881828130139356
48500,0.08835671192145644
48600,0.08853057766352435
48700,0.08870441024646447
48800,0.08887820967660087
48900,0.08905197596025627
49000,0.08922570910375238
49100,0.08939940911340938
49200,0.08957307599554676
49300,0.08974670975648213
49400,0.08992031040253257
49500,0.09009387794001344
49600,0.09026741237523928
49700,0.09044091371452301
49800,0.09061438196417682
49900,0.09078781713051143
50000,0.09096121921983624
50100,0.09113458823845977
50200,0.09130792419268896
50300,0.09148122708882989
50400,0.09165449693318728
50500,0.09182773373206465
50600,0.0920009374917643
50700,0.0921741082185874
50800,0.09234724591883381
50900,0.09252035059880237
51000,0.09269342226479049
51100,0.09286646092309458
51200,0.09303946658000972
51300,0.09321243924182976
51400,0.09338537891484755
51500,0.09355828560535462
51600,0.09373115931964116
51700,0.09390400006399635
51800,0.09407680784470807
51900,0.09424958266806316
52000,0.09442232454034705
52100,0.09459503346784404
52200,0.09476770945683743
52300,0.09494035251360888
52400,0.09511296264443936
52500,0.09528553985560828
52600,0.09545808415339396
52700,0.0956305955440736
52800,0.09580307403392319
52900,0.09597551962921724
53000,0.09614793233622954
53100,0.09632031216123238
53200,0.09649265911049687
53300,0.09666497319029299
53400,0.0968372544068895
53500,0.09700950276655396
53600,0.09718171827555266
53700,0.09735390094015095
53800,0.09752605076661269
53900,0.09769816776120077
54000,0.09787025193017662
54100,0.09804230327980068
54200,0.09821432181633227
54300,0.0983863075460294
54400,0.0985582604751487
54500,0.09873018060994598
54600,0.09890206795667555
54700,0.09907392252159075
54800,0.09924574431094346
54900,0.09941753333098469
55000,0.09958928958796409
55100,0.09976101308813012
55200,0.09993270383773001
55300,0.10010436184300986
55400,0.10027598711021446
55500,0.1004475796455877
55600,0.10061913945537204
55700,0.1007906665458087
55800,0.10096216092313792
55900,0.1011336225935987
56000,0.10130505156342862
56100,0.10147644783886423
56200,0.1016478114261411
56300,0.10181914233149325
56400,0.1019904405611537
56500,0.10216170612135433
56600,0.10233293901832574
56700,0.10250413925829727
56800,0.10267530684749726
56900,0.10284644179215263
57000,0.1030175440984894
57100,0.10318861377273214
57200,0.10335965082110443
57300,0.10353065524982852
57400,0.10370162706512553
57500,0.1038725662732154
57600,0.1040434728803169
57700,0.10421434689264741
57800,0.10438518831642363
57900,0.10455599715786046
58000,0.10472677342317194
58100,0.1048975171185711
58200,0.10506822825026929
58300,0.10523890682447723
58400,0.10540955284740394
58500,0.10558016632525757
58600,0.10575074726424516
58700,0.10592129567057218
58800,0.10609181155044334
58900,0.1062622949100619
59000,0.10643274575563011
59100,0.1066031640933488
59200,0.1067735499294179
59300,0.106943903270036
59400,0.10711422412140037
59500,0.1072845124897075
59600,0.10745476838115231
59700,0.10762499180192875
59800,0.10779518275822941
59900,0.1079653412562459
60000,0.10813546730216861
60100,0.10830556090218668
60200,0.10847562206248806
60300,0.10864565078925947
60400,0.10881564708868663
60500,0.10898561096695403
60600,0.10915554243024472
60700,0.1093254414847411
60800,0.10949530813662378
60900,0.1096651423920727
61000,0.10983494425726625
61100,0.11000471373838183
61200,0.11017445084159572
61300,0.11034415557308286
61400,0.11051382793901698
61500,0.11068346794557105
61600,0.11085307559891622
61700,0.1110226509052229
61800,0.11119219387066026
61900,0.11136170450139626
62000,0.11153118280359764
62100,0.11170062878343001
62200,0.11187004244705778
62300,0.11203942380064413
62400,0.11220877285035125
62500,0.11237808960233986
62600,0.11254737406276993
62700,0.11271662623779977
62800,0.11288584613358688
62900,0.11305503375628745
63000,0.11322418911205645
63100,0.11339331220704774
63200,0.11356240304741405
63300,0.11373146163930681
63400,0.11390048798887642
63500,0.11406948210227197
63600,0.11423844398564142
63700,0.11440737364513165
63800,0.11457627108688828
63900,0.11474513631705574
64000,0.11491396934177733
64100,0.11508277016719515
64200,0.11525153879945027
64300,0.11542027524468235
64400,0.11558897950903013
64500,0.11575765159863083
64600,0.11592629151962086
64700,0.11609489927813532
64800,0.11626347488030808
64900,0.1164320183322719
65000,0.11660052964015855
65100,0.11676900881009811
65200,0.11693745584822013
65300,0.11710587076065249
65400,0.11727425355352217
65500,0.11744260423295494
65600,0.11761092280507546
65700,0.11777920927600694
65800,0.1179474636518717
65900,0.11811568593879074
66000,0.11828387614288416
66100,0.11845203427027051
66200,0.11862016032706746
66300,0.11878825431939144
66400,0.11895631625335756
66500,0.11912434613507994
66600,0.11929234397067146
66700,0.119460309766244
66800,0.11962824352790791
66900,0.11979614526177285
67000,0.11996401497394682
67100,0.12013185267053694
67200,0.12029965835764933
67300,0.12046743204138843
67400,0.12063517372785815
67500,0.12080288342316059
67600,0.12097056113339721
67700,0.12113820686466803
67800,0.12130582062307205
67900,0.12147340241470694
68000,0.12164095224566929
68100,0.12180847012205465
68200,0.12197595604995726
68300,0.12214341003547013
68400,0.1223108320846853
68500,0.12247822220369353
68600,0.12264558039858453
68700,0.12281290667544675
68800,0.12298020104036733
68900,0.12314746349943262
69000,0.12331469405872753
69100,0.12348189272433585
69200,0.12364905950234018
69300,0.12381619439882219
69400,0.12398329741986214
69500,0.12415036857153927
69600,0.1243174078599315
69700,0.12448441529111576
69800,0.12465139087116783
69900,0.1248183346061621
70000,0.12498524650217202
70100,0.12515212656526986
70200,0.12531897480152665
70300,0.1254857912170123
70400,0.12565257581779565
70500,0.12581932860994427
70600,0.12598604959952453
70700,0.1261527387926017
70800,0.12631939619524002
70900,0.12648602181350244
71000,0.12665261565345065
71100,0.12681917772114548
71200,0.12698570802264642
71300,0.12715220656401172
71400,0.12731867335129854
71500,0.12748510839056315
71600,0.12765151168786015
71700,0.12781788324924337
71800,0.1279842230807655
71900,0.12815053118847775
72000,0.12831680757843067
72100,0.1284830522566731
72200,0.12864926522925302
72300,0.12881544650221743
72400,0.12898159608161186
72500,0.1291477139734808
72600,0.12931380018386762
72700,0.1294798547188145
72800,0.1296458775843624
72900,0.12981186878655138
73000,0.12997782833142013
73100,0.13014375622500607
73200,0.1303096524733458
73300,0.13047551708247462
73400,0.1306413500584266
73500,0.13080715140723465
73600,0.13097292113493064
73700,0.1311386592475453
73800,0.13130436575110815
73900,0.13147004065164758
74000,0.13163568395519076
74100,0.13180129566776377
74200,0.13196687579539168
74300,0.1321324243440981
74400,0.1322979413199057
74500,0.13246342672883604
74600,0.13262888057690936
74700,0.13279430287014493
74800,0.13295969361456073
74900,0.1331250528161737
75000,0.13329038048099962
75100,0.13345567661505298
75200,0.1336209412243472
75300,0.1337861743148947
75400,0.13395137589270667
75500,0.13411654596379297
75600,0.13428168453416256
75700,0.1344467916098232
75800,0.1346118671967813
75900,0.1347769113010424
76000,0.13494192392861082
76100,0.13510690508548961
76200,0.13527185477768078
76300,0.13543677301118517
76400,0.13560165979200256
76500,0.13576651512613147
76600,0.13593133901956922
76700,0.13609613147831223
76800,0.1362608925083555
76900,0.13642562211569298
77000,0.13659032030631768
77100,0.13675498708622125
77200,0.1369196224613941
77300,0.1370842264378258
77400,0.13724879902150466
77500,0.13741334021841756
77600,0.1375778500345507
77700,0.13774232847588885
77800,0.13790677554841568
77900,0.13807119125811385
78000,0.13823557561096467
78100,0.13839992861294848
78200,0.1385642502700445
78300,0.1387285405882306
78400,0.13889279957348355
78500,0.13905702723177937
78600,0.1392212235690924
78700,0.13938538859139604
78800,0.1395495223046629
78900,0.1397136247148637
79000,0.13987769582796883
79100,0.14004173564994704
79200,0.14020574418676612
79300,0.14036972144439253
79400,0.14053366742879192
79500,0.14069758214592853
79600,0.1408614656017656
79700,0.14102531780226513
79800,0.141189138753388
79900,0.14135292846109415
80000,0.141516686931342
80100,0.14168041417008936
80200,0.14184411018329235
80300,0.1420077749769063
80400,0.14217140855688526
80500,0.14233501092918233
80600,0.1424985820997492
80700,0.14266212207453666
80800,0.14282563085949418
80900,0.14298910846057034
81000,0.14315255488371226
81100,0.1433159701348662
81200,0.14347935421997704
81300,0.14364270714498895
81400,0.14380602891584437
81500,0.14396931953848513
81600,0.14413257901885168
81700,0.14429580736288328
81800,0.14445900457651828
81900,0.14462217066569372
82000,0.14478530563634562
82100,0.14494840949440868
82200,0.1451114822458166
82300,0.14527452389650208
82400,0.1454375344523965
82500,0.14560051391943019
82600,0.1457634623035321
82700,0.1459263796106306
82800,0.14608926584665238
82900,0.14625212101752316
83000,0.14641494512916786
83100,0.14657773818750974
83200,0.1467405001984714
83300,0.14690323116797388
83400,0.14706593110193744
83500,0.14722860000628102
83600,0.14739123788692265
83700,0.14755384474977884
83800,0.1477164206007654
83900,0.1478789654457966
84000,0.14804147929078604
84100,0.14820396214164588
84200,0.14836641400428707
84300,0.14852883488461976
84400,0.14869122478855268
84500,0.14885358372199364
84600,0.14901591169084927
84700,0.14917820870102494
84800,0.14934047475842493
84900,0.14950270986895264
85000,0.14966491403851012
85100,0.1498270872729982
85200,0.14998922957831684
85300,0.15015134096036475
85400,0.15031342142503945
85500,0.15047547097823744
85600,0.150637489625854
85700,0.15079947737378352
85800,0.15096143422791886
85900,0.15112336019415218
86000,0.15128525527837422
86100,0.15144711948647482
86200,0.1516089528243424
86300,0.15177075529786455
86400,0.15193252691292758
86500,0.15209426767541667
86600,0.15225597759121612
86700,0.15241765666620866
86800,0.15257930490627636
86900,0.15274092231729974
87000,0.15290250890515866
87100,0.15306406467573141
87200,0.15322558963489563
87300,0.15338708378852728
87400,0.15354854714250166
87500,0.15370997970269273
87600,0.15387138147497337
87700,0.15403275246521542
87800,0.15419409267928952
87900,0.1543554021230651
88000,0.15451668080241066
88100,0.15467792872319353
88200,0.1548391458912799
88300,0.15500033231253474
88400,0.15516148799282192
88500,0.15532261293800453
88600,0.155483707153944
88700,0.15564477064650106
88800,0.15580580342153505
88900,0.1559668054849045
89000,0.15612777684246648
89100,0.15628871750007722
89200,0.1564496274635917
89300,0.1566105067388638
89400,0.15677135533174613
89500,0.1569321732480906
89600,0.15709296049374755
89700,0.15725371707456648
89800,0.15741444299639562
89900,0.15757513826508218
90000,0.15773580288647238
90100,0.15789643686641097
90200,0.15805704021074185
90300,0.15821761292530778
90400,0.15837815501595043
90500,0.15853866648851023
90600,0.1586991473488265
90700,0.1588595976027376
90800,0.15902001725608061
90900,0.15918040631469177
91000,0.15934076478440573
91100,0.1595010926710565
91200,0.15966138998047674
91300,0.15982165671849802
91400,0.15998189289095088
91500,0.16014209850366457
91600,0.1603022735624675
91700,0.16046241807318673
91800,0.16062253204164834
91900,0.16078261547367712
92000,0.16094266837509696
92100,0.16110269075173067
92200,0.1612626826093998
92300,0.1614226439539247
92400,0.1615825747911248
92500,0.1617424751268185
92600,0.16190234496682276
92700,0.16206218431695363
92800,0.16222199318302621
92900,0.1623817715708542
93000,0.1625415194862504
93100,0.16270123693502625
93200,0.16286092392299245
93300,0.16302058045595824
93400,0.16318020653973198
93500,0.16333980218012079
93600,0.1634993673829308
93700,0.16365890215396695
93800,0.16381840649903312
93900,0.1639778804239319
94000,0.16413732393446512
94100,0.16429673703643322
94200,0.16445611973563568
94300,0.16461547203787075
94400,0.16477479394893557
94500,0.1649340854746265
94600,0.16509334662073838
94700,0.1652525773930651
94800,0.16541177779739946
94900,0.1655709478395332
95000,0.16573008752525686
95100,0.16588919686035986
95200,0.16604827585063076
95300,0.1662073245018566
95400,0.16636634281982376
95500,0.16652533081031717
95600,0.16668428847912087
95700,0.16684321583201756
95800,0.16700211287478917
95900,0.1671609796132163
96000,0.16731981605307855
96100,0.1674786222001542
96200,0.1676373980602207
96300,0.16779614363905437
96400,0.16795485894243023
96500,0.16811354397612244
96600,0.16827219874590382
96700,0.1684308232575462
96800,0.16858941751682044
96900,0.1687479815294961
97000,0.1689065153013417
97100,0.16906501883812464
97200,0.1692234921456114
97300,0.16938193522956713
97400,0.1695403480957559
97500,0.1696987307499409
97600,0.16985708319788395
97700,0.17001540544534588
97800,0.17017369749808653
97900,0.1703319593618644
98000,0.17049019104243723
98100,0.1706483925455613
98200,0.1708065638769921
98300,0.17096470504248373
98400,0.17112281604778934
98500,0.17128089689866122
98600,0.17143894760085
98700,0.17159696816010583
98800,0.17175495858217726
98900,0.17191291887281202
99000,0.17207084903775682
99100,0.17222874908275698
99200,0.1723866190135569
99300,0.17254445883589997
99400,0.17270226855552828
99500,0.1728600481781829
99600,0.1730177977096039
99700,0.17317551715553026
99800,0.1733332065216996
99900,0.17349086581384876
100000,0.1736484950377134
100100,0.17380609419902793
100200,0.17396366330352575
100300,0.1741212023569394
100400,0.17427871136500006
100500,0.1744361903334377
100600,0.17459363926798166
100700,0.17475105817435976
100800,0.1749084470582989
100900,0.1750658059255248
101000,0.1752231347817622
101100,0.1753804336327348
101200,0.175537702484165
101300,0.1756949413417742
101400,0.17585215021128286
101500,0.17600932909841005
101600,0.17616647800887408
101700,0.17632359694839184
101800,0.1764806859226794
101900,0.17663774493745155
102000,0.17679477399842225
102100,0.17695177311130394
102200,0.1771087422818085
102300,0.17726568151564626
102400,0.17742259081852663
102500,0.17757947019615805
102600,0.17773631965424774
102700,0.17789313919850192
102800,0.17804992883462545
102900,0.17820668856832256
103000,0.17836341840529601
103100,0.1785201183512477
103200,0.17867678841187828
103300,0.17883342859288742
103400,0.17899003889997356
103500,0.17914661933883436
103600,0.17930316991516604
103700,0.17945969063466394
103800,0.17961618150302217
103900,0.17977264252593406
104000,0.1799290737090914
104100,0.18008547505818528
104200,0.18024184657890563
104300,0.18039818827694099
104400,0.18055450015797925
104500,0.18071078222770687
104600,0.18086703449180952
104700,0.18102325695597143
104800,0.18117944962587618
104900,0.18133561250720587
105000,0.18149174560564185
105100,0.18164784892686403
105200,0.18180392247655153
105300,0.18195996626038224
105400,0.18211598028403297
105500,0.18227196455317973
105600,0.18242791907349687
105700,0.1825838438506583
105800,0.18273973889033623
105900,0.1828956041982024
106000,0.183051439779927
106100,0.1832072456411793
106200,0.18336302178762753
106300,0.18351876822493884
106400,0.18367448495877914
106500,0.18383017199481355
106600,0.1839858293387059
106700,0.18414145699611884
106800,0.1842970549727143
106900,0.1844526232741528
107000,0.18460816190609375
107100,0.18476367087419587
107200,0.18491915018411653
107300,0.18507459984151187
107400,0.18523001985203713
107500,0.1853854102213467
107600,0.18554077095509347
107700,0.1856961020589295
107800,0.1858514035385057
107900,0.1860066753994719
108000,0.18616191764747692
108100,0.18631713028816843
108200,0.18647231332719305
108300,0.18662746677019626
108400,0.18678259062282254
108500,0.18693768489071527
108600,0.18709274957951683
108700,0.18724778469486836
108800,0.18740279024241013
108900,0.1875577662277811
109000,0.18771271265661937
109100,0.1878676295345617
109200,0.18802251686724425
109300,0.1881773746603015
109400,0.18833220291936725
109500,0.18848700165007415
109600,0.18864177085805378
109700,0.18879651054893665
109800,0.18895122072835202
109900,0.1891059014019283
110000,0.18926055257529284
110100,0.18941517425407173
110200,0.18956976644389012
110300,0.18972432915037207
110400,0.18987886237914053
110500,0.19003336613581734
110600,0.19018784042602332
110700,0.19034228525537833
110800,0.19049670062950108
110900,0.19065108655400897
111000,0.19080544303451874
111100,0.19095977007664577
111200,0.19111406768600447
111300,0.19126833586820813
111400,0.19142257462886902
111500,0.19157678397359845
111600,0.19173096390800637
111700,0.19188511443770184
111800,0.19203923556829283
111900,0.1921933273053864
112000,0.1923473896545882
112100,0.19250142262150305
112200,0.1926554262117347
112300,0.1928094004308858
112400,0.19296334528455783
112500,0.19311726077835123
112600,0.19327114691786562
112700,0.1934250037086992
112800,0.19357883115644925
112900,0.19373262926671198
113000,0.19388639804508268
113100,0.19404013749715543
113200,0.1941938476285231
113300,0.19434752844477765
113400,0.19450117995151006
113500,0.1946548021543102
113600,0.1948083950587668
113700,0.1949619586704674
113800,0.19511549299499864
113900,0.19526899803794628
114000,0.19542247380489464
114100,0.19557592030142723
114200,0.19572933753312627
114300,0.19588272550557329
114400,0.19603608422434826
114500,0.19618941369503062
114600,0.19634271392319824
114700,0.19649598491442832
114800,0.19664922667429674
114900,0.19680243920837848
115000,0.1969556225222473
115100,0.19710877662147608
115200,0.19726190151163647
115300,0.19741499719829925
115400,0.19756806368703383
115500,0.1977211009834089
115600,0.19787410909299197
115700,0.19802708802134927
115800,0.19818003777404636
115900,0.19833295835664733
116000,0.19848584977471562
116100,0.19863871203381323
116200,0.19879154513950126
116300,0.19894434909733982
116400,0.19909712391288792
116500,0.19924986959170354
116600,0.19940258613934336
116700,0.19955527356136338
116800,0.19970793186331826
116900,0.19986056105076155
117000,0.20001316112924616
117100,0.20016573210432342
117200,0.200318273981544
117300,0.20047078676645724
117400,0.2006232704646116
117500,0.2007757250815544
117600,0.20092815062283198
117700,0.20108054709398937
117800,0.2012329145005709
117900,0.2013852528481196
118000,0.20153756214217755
118100,0.2016898423882858
118200,0.20184209359198424
118300,0.20199431575881166
118400,0.20214650889430585
118500,0.20229867300400384
118600,0.20245080809344107
118700,0.20260291416815235
118800,0.20275499123367124
118900,0.20290703929553022
119000,0.20305905835926075
119100,0.2032110484303934
119200,0.20336300951445752
119300,0.20351494161698136
119400,0.20366684474349217
119500,0.2038187188995163
119600,0.2039705640905788
119700,0.20412238032220376
119800,0.20427416759991424
119900,0.20442592592923237
120000,0.20457765531567895
120100,0.2047293557647739
120200,0.20488102728203605
120300,0.2050326698729833
120400,0.20518428354313223
120500,0.20533586829799866
120600,0.20548742414309717
120700,0.20563895108394137
120800,0.20579044912604372
120900,0.2059419182749157
121000,0.2060933585360677
121100,0.20624476991500929
121200,0.20639615241724862
121300,0.20654750604829297
121400,0.2066988308136486
121500,0.20685012671882075
121600,0.20700139376931337
121700,0.20715263197062972
121800,0.20730384132827173
121900,0.20745502184774045
122000,0.2076061735345357
122100,0.2077572963941564
122200,0.2079083904321003
122300,0.2080594556538644
122400,0.20821049206494424
122500,0.2083614996708345
122600,0.20851247847702892
122700,0.2086634284890201
122800,0.2088143497122994
122900,0.20896524215235746
123000,0.20911610581468376
123100,0.2092669407047666
123200,0.20941774682809333
123300,0.20956852419015037
123400,0.20971927279642288
123500,0.20986999265239503
123600,0.2100206837635501
123700,0.21017134613537014
123800,0.21032197977333622
123900,0.2104725846829285
124000,0.21062316086962585
124100,0.21077370833890607
124200,0.21092422709624636
124300,0.21107471714712234
124400,0.21122517849700895
124500,0.21137561115137993
124600,0.2115260151157079
124700,0.2116763903954646
124800,0.21182673699612065
124900,0.21197705492314567
125000,0.2121273441820083
125100,0.2122776047781758
125200,0.21242783671711474
125300,0.2125780400042906
125400,0.21272821464516767
125500,0.21287836064520937
125600,0.2130284780098779
125700,0.21317856674463465
125800,0.21332862685493958
125900,0.21347865834625213
126000,0.21362866122403024
126100,0.213778635493731
126200,0.2139285811608106
126300,0.21407849823072378
126400,0.21422838670892486
126500,0.21437824660086646
126600,0.21452807791200057
126700,0.21467788064777804
126800,0.21482765481364863
126900,0.2149774004150612
127000,0.21512711745746338
127100,0.21527680594630183
127200,0.2154264658870223
127300,0.21557609728506932
127400,0.21572570014588655
127500,0.2158752744749164
127600,0.2160248202776004
127700,0.2161743375593791
127800,0.2163238263256917
127900,0.21647328658197684
128000,0.21662271833367175
128100,0.21677212158621262
128200,0.216921496345035
128300,0.21707084261557275
128400,0.21722016040325942
128500,0.217369449713527
128600,0.2175187105518066
128700,0.2176679429235283
128800,0.21781714683412123
128900,0.21796632228901336
129000,0.21811546929363168
129100,0.21826458785340208
129200,0.21841367797374966
129300,0.2185627396600981
129400,0.21871177291787025
129500,0.21886077775248802
129600,0.21900975416937218
129700,0.2191587021739424
129800,0.21930762177161744
129900,0.21945651296781488
130000,0.21960537576795147
130100,0.2197542101774429
130200,0.2199030162017035
130300,0.22005179384614693
130400,0.22020054311618575
130500,0.22034926401723143
130600,0.22049795655469429
130700,0.2206466207339839
130800,0.22079525656050858
130900,0.2209438640396757
131000,0.22109244317689147
131100,0.22124099397756136
131200,0.22138951644708937
131300,0.22153801059087908
131400,0.22168647641433237
131500,0.2218349139228506
131600,0.22198332312183378
131700,0.22213170401668103
131800,0.2222800566127905
131900,0.22242838091555928
132000,0.2225766769303832
132100,0.22272494466265735
132200,0.2228731841177758
132300,0.2230213953011313
132400,0.22316957821811578
132500,0.22331773287412027
132600,0.22346585927453444
132700,0.2236139574247472
132800,0.22376202733014627
132900,0.22391006899611843
133000,0.2240580824280496
133100,0.2242060676313241
133200,0.22435402461132603
133300,0.2245019533734377
133400,0.22464985392304104
133500,0.22479772626551642
133600,0.2249455704062434
133700,0.22509338635060072
133800,0.22524117410396582
133900,0.2253889336717152
134000,0.2255366650592242
134100,0.22568436827186755
134200,0.22583204331501838
134300,0.22597969019404918
134400,0.22612730891433142
134500,0.22627489948123536
134600,0.22642246190013038
134700,0.22656999617638474
134800,0.2267175023153657
134900,0.2268649803224395
135000,0.22701243020297146
135100,0.2271598519623257
135200,0.22730724560586546
135300,0.22745461113895282
135400,0.22760194856694904
135500,0.22774925789521405
135600,0.22789653912910712
135700,0.2280437922739863
135800,0.22819101733520852
135900,0.22833821431812984
136000,0.2284853832281054
136100,0.22863252407048906
136200,0.22877963685063385
136300,0.2289267215738915
136400,0.22907377824561326
136500,0.22922080687114887
136600,0.22936780745584717
136700,0.2295147800050561
136800,0.22966172452412248
136900,0.22980864101839205
137000,0.22995552949320974
137100,0.23010238995391918
137200,0.23024922240586332
137300,0.23039602685438376
137400,0.23054280330482135
137500,0.2306895517625157
137600,0.23083627223280545
137700,0.2309829647210283
137800,0.231129629232521
137900,0.23127626577261917
138000,0.23142287434665731
138100,0.23156945495996917
138200,0.23171600761788713
138300,0.23186253232574294
138400,0.2320090290888671
138500,0.23215549791258905
138600,0.23230193880223737
138700,0.23244835176313972
138800,0.23259473680062226
138900,0.23274109392001074
139000,0.23288742312662947
139100,0.23303372442580184
139200,0.23317999782285037
139300,0.23332624332309648
139400,0.23347246093186058
139500,0.23361865065446186
139600,0.23376481249621883
139700,0.2339109464624488
139800,0.2340570525584682
139900,0.2342031307895922
140000,0.23434918116113523
140100,0.23449520367841048
140200,0.23464119834673025
140300,0.23478716517140585
140400,0.23493310415774749
140500,0.23507901531106445
140600,0.23522489863666496
140700,0.2353707541398562
140800,0.23551658182594437
140900,0.23566238170023468
141000,0.23580815376803121
141100,0.2359538980346373
141200,0.236099614505355
141300,0.23624530318548553
141400,0.2363909640803289
141500,0.23653659719518438
141600,0.23668220253535
141700,0.23682778010612282
141800,0.23697332991279896
141900,0.2371188519606735
142000,0.23726434625504056
142100,0.23740981280119322
142200,0.23755525160442348
142300,0.23770066267002232
142400,0.23784604600327997
142500,0.23799140160948518
142600,0.23813672949392617
142700,0.23828202966188994
142800,0.23842730211866237
142900,0.23857254686952856
143000,0.2387177639197725
143100,0.238862953274677
143200,0.23900811493952423
143300,0.2391532489195951
143400,0.2392983552201695
143500,0.23944343384652633
143600,0.23958848480394368
143700,0.23973350809769844
143800,0.23987850373306652
143900,0.24002347171532268
144000,0.24016841204974115
144100,0.2403133247415946
144200,0.24045820979615506
144300,0.2406030672186933
144400,0.2407478970144793
144500,0.24089269918878198
144600,0.24103747374686912
144700,0.24118222069400774
144800,0.2413269400354635
144900,0.24147163177650155
145000,0.24161629592238543
145100,0.24176093247837827
145200,0.24190554144974186
145300,0.242050122841737
145400,0.24219467665962358
145500,0.2423392029086603
145600,0.24248370159410526
145700,0.24262817272121517
145800,0.24277261629524582
145900,0.24291703232145212
146000,0.24306142080508797
146100,0.24320578175140606
146200,0.2433501151656583
146300,0.24349442105309538
146400,0.24363869941896743
146500,0.24378295026852292
146600,0.24392717360701
146700,0.24407136943967522
146800,0.24421553777176463
146900,0.24435967860852292
147000,0.2445037919551939
147100,0.24464787781702046
147200,0.24479193619924444
147300,0.24493596710710652
147400,0.24507997054584674
147500,0.24522394652070378
147600,0.24536789503691547
147700,0.24551181609971862
147800,0.24565570971434914
147900,0.24579957588604184
148000,0.24594341462003055
148100,0.24608722592154808
148200,0.24623100979582624
148300,0.24637476624809596
148400,0.24651849528358694
148500,0.2466621969075281
148600,0.2468058711251473
148700,0.2469495179416713
148800,0.24709313736232608
148900,0.24723672939233654
149000,0.2473802940369263
149100,0.2475238313013184
149200,0.24766734119073464
149300,0.24781082371039587
149400,0.24795427886552202
149500,0.24809770666133202
149600,0.2482411071030436
149700,0.24838448019587378
149800,0.2485278259450383
149900,0.24867114435575233
150000,0.24881443543322945
150100,0.24895769918268285
150200,0.24910093560932423
150300,0.24924414471836465
150400,0.24938732651501394
150500,0.24953048100448105
150600,0.24967360819197404
150700,0.24981670808269962
150800,0.24995978068186409
150900,0.25010282599467204
151000,0.25024584402632766
151100,0.2503888347820339
151200,0.2505317982669927
151300,0.2506747344864051
151400,0.250817643445471
151500,0.2509605251493895
151600,0.2511033796033586
151700,0.25124620681257537
151800,0.25138900678223564
151900,0.2515317795175347
152000,0.2516745250236665
152100,0.2518172433058241
152200,0.2519599343691996
152300,0.25210259821898406
152400,0.25224523486036754
152500,0.2523878442985391
152600,0.25253042653868707
152700,0.25267298158599827
152800,0.2528155094456591
152900,0.25295801012285446
153000,0.2531004836227687
153100,0.25324292995058495
153200,0.25338534911148536
153300,0.253527741110651
153400,0.2536701059532622
153500,0.2538124436444983
153600,0.2539547541895373
153700,0.2540970375935564
153800,0.25423929386173205
153900,0.25438152299923944
154000,0.25452372501125287
154100,0.2546658999029455
154200,0.25480804767948984
154300,0.2549501683460571
154400,0.25509226190781753
154500,0.25523432836994053
154600,0.25537636773759453
154700,0.25551838001594673
154800,0.2556603652101638
154900,0.25580232332541086
155000,0.2559442543668524
155100,0.256086158339652
155200,0.256228035248972
155300,0.2563698850999737
155400,0.25651170789781796
155500,0.2566535036476639
155600,0.25679527235467015
155700,0.2569370140239944
155800,0.25707872866079295
155900,0.2572204162702215
156000,0.2573620768574345
156100,0.2575037104275858
156200,0.2576453169858277
156300,0.257786896537312
156400,0.25792844908718937
156500,0.2580699746406093
156600,0.25821147320272064
156700,0.2583529447786711
156800,0.25849438937360725
156900,0.25863580699267485
157000,0.2587771976410188
157100,0.25891856132378266
157200,0.2590598980461094
157300,0.2592012078131408
157400,0.2593424906300176
157500,0.2594837465018798
157600,0.259624975433866
157700,0.2597661774311143
157800,0.2599073524987616
157900,0.26004850064194385
158000,0.26018962186579586
158100,0.2603307161754518
158200,0.2604717835760444
158300,0.2606128240727059
158400,0.26075383767056726
158500,0.2608948243747584
158600,0.26103578419040874
158700,0.261176717122646
158800,0.26131762317659746
158900,0.2614585023573893
159000,0.2615993546701466
159100,0.26174018011999367
159200,0.2618809787120536
159300,0.2620217504514487
159400,0.26216249534330016
159500,0.26230321339272833
159600,0.26244390460485245
159700,0.26258456898479077
159800,0.26272520653766085
159900,0.26286581726857894
160000,0.2630064011826605
160100,0.26314695828501977
160200,0.26328748858077045
160300,0.2634279920750249
160400,0.2635684687728945
160500,0.26370891867949
160600,0.2638493417999208
160700,0.2639897381392955
160800,0.2641301077027217
160900,0.26427045049530595
161000,0.2644107665221541
161100,0.2645510557883707
161200,0.26469131829905934
161300,0.2648315540593229
161400,0.2649717630742632
161500,0.26511194534898086
161600,0.26525210088857576
161700,0.2653922296981468
161800,0.2655323317827918
161900,0.26567240714760754
162000,0.2658124557976901
162100,0.26595247773813435
162200,0.2660924729740344
162300,0.266232441510483
162400,0.2663723833525724
162500,0.2665122985053936
162600,0.2666521869740366
162700,0.26679204876359075
162800,0.2669318838791439
162900,0.26707169232578354
163000,0.2672114741085957
163100,0.26735122923266563
163200,0.2674909577030776
163300,0.26763065952491505
163400,0.26777033470326017
163500,0.26790998324319437
163600,0.2680496051497979
163700,0.2681892004281504
163800,0.26832876908333037
163900,0.268468311120415
164000,0.268607826544481
164100,0.26874731536060403
164200,0.26888677757385837
164300,0.26902621318931796
164400,0.2691656222120552
164500,0.2693050046471419
164600,0.2694443604996487
164700,0.26958368977464553
164800,0.2697229924772009
164900,0.2698622686123827
165000,0.27000151818525797
165100,0.2701407412008924
165200,0.2702799376643509
165300,0.27041910758069754
165400,0.2705582509549952
165500,0.2706973677923058
165600,0.27083645809769064
165700,0.27097552187620966
165800,0.27111455913292204
165900,0.27125356987288585
166000,0.27139255410115837
166100,0.27153151182279567
166200,0.27167044304285326
166300,0.2718093477663852
166400,0.27194822599844504
166500,0.2720870777440849
166600,0.2722259030083565
166700,0.2723647017963099
166800,0.2725034741129949
166900,0.27264221996345994
167000,0.2727809393527525
167100,0.2729196322859192
167200,0.2730582987680057
167300,0.2731969388040566
167400,0.2733355523991158
167500,0.27347413955822575
167600,0.27361270028642837
167700,0.2737512345887645
167800,0.273889742470274
167900,0.2740282239359958
168000,0.2741666789909677
168100,0.27430510764022686
168200,0.27444350988880917
168300,0.2745818857417497
168400,0.2747202352040825
168500,0.2748585582808408
168600,0.2749968549770567
168700,0.2751351252977615
168800,0.2752733692479854
168900,0.2754115868327577
169000,0.2755497780571067
169100,0.2756879429260598
169200,0.2758260814446434
169300,0.27596419361788305
169400,0.2761022794508031
169500,0.27624033894842737
169600,0.2763783721157781
169700,0.27651637895787706
169800,0.27665435947974504
169900,0.27679231368640156
170000,0.2769302415828655
170100,0.2770681431741546
170200,0.2772060184652857
170300,0.2773438674612747
170400,0.27748169016713653
170500,0.27761948658788516
170600,0.2777572567285336
170700,0.2778950005940939
170800,0.2780327181895772
170900,0.2781704095199936
171000,0.27830807459035234
171100,0.2784457134056616
171200,0.2785833259709286
171300,0.2787209122911599
171400,0.27885847237136063
171500,0.2789960062165353
171600,0.2791335138316874
171700,0.2792709952218194
171800,0.27940845039193285
171900,0.27954587934702835
172000,0.2796832820921056
172100,0.2798206586321632
172200,0.2799580089721989
172300,0.2800953331172096
172400,0.280232631072191
172500,0.28036990284213803
172600,0.2805071484320447
172700,0.28064436784690383
172800,0.2807815610917076
172900,0.2809187281714469
173000,0.281055869091112
173100,0.281192983855692
173200,0.28133007247017516
173300,0.28146713493954867
173400,0.2816041712687989
173500,0.28174118146291127
173600,0.28187816552687006
173700,0.2820151234656588
173800,0.28215205528426
173900,0.2822889609876552
174000,0.2824258405808251
174100,0.28256269406874923
174200,0.2826995214564063
174300,0.28283632274877424
174400,0.2829730979508296
174500,0.2831098470675485
174600,0.28324657010390575
174700,0.28338326706487527
174800,0.28351993795543007
174900,0.2836565827805423
175000,0.28379320154518306
175100,0.2839297942543225
175200,0.2840663609129298
175300,0.2842029015259734
175400,0.2843394160984204
175500,0.2844759046352373
175600,0.2846123671413895
175700,0.2847488036218415
175800,0.284885214081557
175900,0.28502159852549824
176000,0.2851579569586272
176100,0.2852942893859044
176200,0.2854305958122897
176300,0.2855668762427418
176400,0.28570313068221864
176500,0.28583935913567704
176600,0.28597556160807314
176700,0.28611173810436175
176800,0.2862478886294971
176900,0.28638401318843243
177000,0.2865201117861197
177100,0.2866561844275103
177200,0.2867922311175545
177300,0.2869282518612015
177400,0.2870642466634
177500,0.28720021552909736
177600,0.28733615846324
177700,0.2874720754707736
177800,0.2876079665566429
177900,0.2877438317257913
178000,0.2878796709831619
178100,0.2880154843336963
178200,0.28815127178233546
178300,0.2882870333340193
178400,0.2884227689936867
178500,0.2885584787662758
178600,0.28869416265672365
178700,0.28882982066996654
178800,0.28896545281093955
178900,0.28910105908457706
179000,0.28923663949581235
179100,0.2893721940495777
179200,0.28950772275080483
179300,0.289643225604424
179400,0.289778702615365
179500,0.28991415378855623
179600,0.2900495791289256
179700,0.2901849786413998
179800,0.2903203523309046
179900,0.2904557002023648
180000,0.29059102226070455
180100,0.2907263185108466
180200,0.2908615889577133
180300,0.2909968336062255
180400,0.2911320524613036
180500,0.29126724552786665
180600,0.291402412810833
180700,0.2915375543151201
180800,0.29167267004564434
180900,0.2918077600073212
181000,0.29194282420506523
181100,0.29207786264379
181200,0.29221287532840834
181300,0.2923478622638318
181400,0.29248282345497134
181500,0.2926177589067368
181600,0.29275266862403704
181700,0.2928875526117801
181800,0.29302241087487313
181900,0.293157243418222
182000,0.2932920502467322
182100,0.2934268313653078
182200,0.293561586778852
182300,0.2936963164922676
182400,0.2938310205104556
182500,0.2939656988383168
182600,0.29410035148075064
182700,0.2942349784426559
182800,0.2943695797289301
182900,0.29450415534447016
183000,0.2946387052941718
183100,0.29477322958293006
183200,0.2949077282156388
183300,0.29504220119719127
183400,0.29517664853247927
183500,0.29531107022639425
183600,0.2954454662838263
183700,0.2955798367096647
183800,0.2957141815087979
183900,0.29584850068611335
184000,0.29598279424649765
184100,0.29611706219483613
184200,0.29625130453601367
184300,0.2963855212749139
184400,0.2965197124164195
184500,0.29665387796541254
184600,0.2967880179267739
184700,0.29692213230538334
184800,0.2970562211061202
184900,0.2971902843338625
185000,0.29732432199348746
185100,0.2974583340898713
185200,0.29759232062788943
185300,0.2977262816124162
185400,0.2978602170483251
185500,0.29799412694048877
185600,0.29812801129377864
185700,0.2982618701130656
185800,0.2983957034032194
185900,0.29852951116910875
186000,0.2986632934156016
186100,0.2987970501475651
186200,0.29893078136986506
186300,0.29906448708736666
186400,0.2991981673049342
186500,0.2993318220274308
186600,0.2994654512597189
186700,0.29959905500665995
186800,0.2997326332731144
186900,0.2998661860639418
187000,0.29999971338400067
187100,0.30013321523814884
187200,0.3002666916312431
187300,0.3004001425681392
187400,0.30053356805369225
187500,0.30066696809275595
187600,0.30080034269018374
187700,0.3009336918508275
187800,0.3010670155795385
187900,0.3012003138811671
188000,0.30133358676056266
188100,0.3014668342225737
188200,0.30160005627204756
188300,0.3017332529138309
188400,0.30186642415276954
188500,0.30199956999370814
188600,0.3021326904414904
188700,0.3022657855009594
188800,0.3023988551769571
188900,0.30253189947432446
189000,0.30266491839790166
189100,0.3027979119525278
189200,0.3029308801430415
189300,0.3030638229742797
189400,0.30319674045107914
189500,0.3033296325782753
189600,0.3034624993607027
189700,0.30359534080319495
189800,0.30372815691058497
189900,0.30386094768770444
190000,0.3039937131393844
190100,0.30412645327045473
190200,0.3042591680857445
190300,0.304391857590082
190400,0.30452452178829437
190500,0.30465716068520776
190600,0.3047897742856478
190700,0.30492236259443883
190800,0.30505492561640435
190900,0.30518746335636715
191000,0.3053199758191488
191100,0.3054524630095701
191200,0.30558492493245093
191300,0.3057173615926102
191400,0.30584977299486593
191500,0.30598215914403537
191600,0.30611452004493456
191700,0.30624685570237886
191800,0.30637916612118254
191900,0.3065114513061591
192000,0.306643711262121
192100,0.3067759459938799
192200,0.3069081555062464
192300,0.30704033980403045
192400,0.30717249889204057
192500,0.307304632775085
192600,0.3074367414579706
192700,0.3075688249455035
192800,0.3077008832424889
192900,0.307832916353731
193000,0.3079649242840332
193100,0.3080969070381979
193200,0.3082288646210266
193300,0.30836079703732
193400,0.3084927042918777
193500,0.3086245863894984
193600,0.3087564433349801
193700,0.30888827513311956
193800,0.309020081788713
193900,0.3091518633065554
194000,0.309283619691441
194100,0.30941535094816297
194200,0.30954705708151387
194300,0.309678738096285
194400,0.30981039399726695
194500,0.30994202478924937
194600,0.31007363047702097
194700,0.31020521106536947
194800,0.3103367665590817
194900,0.31046829696294387
195000,0.3105998022817409
195100,0.31073128252025684
195200,0.310862737683275
195300,0.31099416777557776
195400,0.3111255728019464
195500,0.3112569527671616
195600,0.3113883076760028
195700,0.31151963753324874
195800,0.3116509423436771
195900,0.31178222211206486
196000,0.3119134768431878
196100,0.31204470654182104
196200,0.3121759112127387
196300,0.31230709086071395
196400,0.31243824549051924
196500,0.31256937510692573
196600,0.31270047971470394
196700,0.3128315593186236
196800,0.31296261392345326
196900,0.31309364353396063
197000,0.3132246481549126
197100,0.31335562779107506
197200,0.31348658244721306
197300,0.31361751212809075
197400,0.3137484168384712
197500,0.31387929658311686
197600,0.3140101513667891
197700,0.31414098119424827
197800,0.3142717860702541
197900,0.3144025659995652
198000,0.3145333209869392
198100,0.314664051037133
198200,0.3147947561549027
198300,0.31492543634500325
198400,0.3150560916121886
198500,0.31518672196121233
198600,0.3153173273968264
198700,0.3154479079237824
198800,0.3155784635468307
198900,0.3157089942707211
199000,0.3158395001002021
199100,0.3159699810400216
199200,0.3161004370949265
199300,0.3162308682696626
199400,0.3163612745689751
199500,0.3164916559976082
199600,0.3166220125603051
199700,0.3167523442618081
199800,0.31688265110685865
199900,0.3170129331001974
200000,0.317143190246564
200100,0.317273422550697
200200,0.3174036300173344
200300,0.31753381265121317
200400,0.31766397045706907
200500,0.31779410343963754
200600,0.3179242116036526
200700,0.3180542949538476
200800,0.3181843534949551
200900,0.31831438723170635
201000,0.31844439616883224
201100,0.3185743803110622
201200,0.3187043396631253
201300,0.3188342742297492
201400,0.31896418401566107
201500,0.3190940690255869
201600,0.319223929264252
201700,0.31935376473638066
201800,0.31948357544669614
201900,0.319613361399921
202000,0.319743122600777
202100,0.31987285905398455
202200,0.3200025707642635
202300,0.320132257736333
202400,0.3202619199749108
202500,0.32039155748471415
202600,0.320521170270459
202700,0.32065075833686096
202800,0.32078032168863413
202900,0.3209098603304923
203000,0.3210393742671478
203100,0.3211688635033124
203200,0.32129832804369707
203300,0.32142776789301153
203400,0.3215571830559648
203500,0.32168657353726504
203600,0.32181593934161945
203700,0.3219452804737343
203800,0.32207459693831497
203900,0.3222038887400661
204000,0.32233315588369127
204100,0.3224623983738931
204200,0.3225916162153736
204300,0.32272080941283354
204400,0.3228499779709729
204500,0.32297912189449096
204600,0.3231082411880859
204700,0.3232373358564551
204800,0.3233664059042949
204900,0.323495451336301
205000,0.32362447215716794
205100,0.32375346837158947
205200,0.3238824399842586
205300,0.3240113869998671
205400,0.3241403094231061
205500,0.3242692072586659
205600,0.32439808051123575
205700,0.32452692918550397
205800,0.32465575328615803
205900,0.32478455281788454
206000,0.3249133277853694
206100,0.3250420781932971
206200,0.3251708040463519
206300,0.3252995053492166
206400,0.3254281821065734
206500,0.32555683432310356
206600,0.32568546200348736
206700,0.3258140651524044
206800,0.3259426437745331
206900,0.3260711978745512
207000,0.32619972745713544
207100,0.32632823252696175
207200,0.32645671308870505
207300,0.3265851691470396
207400,0.32671360070663846
207500,0.3268420077721741
207600,0.32697039034831776
207700,0.3270987484397401
207800,0.32722708205111084
207900,0.32735539118709855
208000,0.32748367585237115
208100,0.3276119360515958
208200,0.3277401717894384
208300,0.3278683830705641
208400,0.32799656989963744
208500,0.32812473228132166
208600,0.32825287022027927
208700,0.3283809837211721
208800,0.3285090727886607
208900,0.32863713742740497
209000,0.32876517764206403
209100,0.32889319343729584
209200,0.32902118481775755
209300,0.32914915178810555
209400,0.32927709435299524
209500,0.3294050125170811
209600,0.32953290628501697
209700,0.32966077566145535
209800,0.3297886206510482
209900,0.32991644125844666
210000,0.3300442374883006
210100,0.33017200934525937
210200,0.33029975683397117
210300,0.3304274799590835
210400,0.330555178725243
210500,0.3306828531370952
210600,0.33081050319928496
210700,0.33093812891645613
210800,0.3310657302932517
210900,0.33119330733431385
211000,0.33132086004428374
211100,0.3314483884278018
211200,0.3315758924895075
211300,0.33170337223403923
211400,0.3318308276660349
211500,0.3319582587901313
211600,0.3320856656109642
211700,0.3322130481331689
211800,0.3323404063613792
211900,0.33246774030022874
212000,0.33259504995434963
212100,0.3327223353283736
212200,0.3328495964269311
212300,0.332976833254652
212400,0.33310404581616504
212500,0.33323123411609823
212600,0.33335839815907875
212700,0.3334855379497328
212800,0.33361265349268554
212900,0.3337397447925615
213000,0.33386681185398437
213100,0.3339938546815767
213200,0.3341208732799603
213300,0.33424786765375614
213400,0.33437483780758426
213500,0.33450178374606376
213600,0.33462870547381296
213700,0.33475560299544915
213800,0.334882476315589
213900,0.335009325438848
214000,0.335136150369841
214100,0.33526295111318194
214200,0.33538972767348363
214300,0.3355164800553583
214400,0.3356432082634171
214500,0.3357699123022705
214600,0.3358965921765279
214700,0.33602324789079796
214800,0.3361498794496882
214900,0.33627648685780576
215000,0.33640307011975645
215100,0.3365296292401453
215200,0.33665616422357647
215300,0.3367826750746534
215400,0.3369091617979787
215500,0.3370356243981536
215600,0.3371620628797789
215700,0.3372884772474546
215800,0.3374148675057793
215900,0.3375412336593514
216000,0.33766757571276784
216100,0.33779389367062507
216200,0.3379201875375185
216300,0.3380464573180426
216400,0.33817270301679114
216500,0.33829892463835687
216600,0.3384251221873318
216700,0.3385512956683068
216800,0.33867744508587216
216900,0.3388035704446172
217000,0.33892967174913025
217100,0.33905574900399893
217200,0.3391818022138099
217300,0.3393078313831489
217400,0.339433836516601
217500,0.3395598176187501
217600,0.3396857746941795
217700,0.3398117077474714
217800,0.3399376167832072
217900,0.34006350180596756
218000,0.3401893628203322
218100,0.34031519983087966
218200,0.3404410128421882
218300,0.3405668018588346
218400,0.3406925668853953
218500,0.3408183079264454
218600,0.3409440249865594
218700,0.34106971807031106
218800,0.3411953871822727
218900,0.3413210323270165
219000,0.3414466535091133
219100,0.341572250733133
219200,0.3416978240036451
219300,0.3418233733252177
219400,0.3419488987024185
219500,0.34207440013981383
219600,0.3421998776419696
219700,0.34232533121345066
219800,0.34245076085882087
219900,0.34257616658264334
220000,0.3427015483894805
220100,0.34282690628389356
220200,0.34295224027044313
220300,0.3430775503536888
220400,0.3432028365381893
220500,0.34332809882850246
220600,0.34345333722918536
220700,0.34357855174479435
220800,0.34370374237988444
220900,0.3438289091390101
221000,0.343954052026725
221100,0.3440791710475818
221200,0.3442042662061322
221300,0.3443293375069272
221400,0.34445438495451697
221500,0.3445794085534505
221600,0.3447044083082763
221700,0.3448293842235419
221800,0.3449543363037938
221900,0.34507926455357774
222000,0.34520416897743855
222100,0.3453290495799203
222200,0.34545390636556617
222300,0.34557873933891825
222400,0.34570354850451823
222500,0.34582833386690637
222600,0.3459530954306226
222700,0.3460778332002056
222800,0.34620254718019317
222900,0.3463272373751226
223000,0.34645190378953006
223100,0.34657654642795077
223200,0.34670116529491946
223300,0.3468257603949695
223400,0.3469503317326337
223500,0.34707487931244396
223600,0.3471994031389314
223700,0.3473239032166261
223800,0.34744837955005736
223900,0.34757283214375356
224000,0.3476972610022424
224100,0.3478216661300505
224200,0.34794604753170366
224300,0.34807040521172683
224400,0.3481947391746443
224500,0.34831904942497915
224600,0.34844333596725396
224700,0.34856759880599
224800,0.3486918379457081
224900,0.348816053390928
225000,0.34894024514616884
225100,0.3490644132159484
225200,0.34918855760478396
225300,0.34931267831719204
225400,0.349436775357688
225500,0.3495608487307865
225600,0.34968489844100137
225700,0.3498089244928454
225800,0.3499329268908308
225900,0.35005690563946856
226000,0.35018086074326915
226100,0.35030479220674204
226200,0.35042870003439586
226300,0.3505525842307382
226400,0.35067644480027604
226500,0.35080028174751554
226600,0.35092409507696165
226700,0.3510478847931189
226800,0.3511716509004905
226900,0.3512953934035792
227000,0.3514191123068867
227100,0.35154280761491397
227200,0.3516664793321609
227300,0.35179012746312666
227400,0.3519137520123097
227500,0.35203735298420713
227600,0.352160930383316
227700,0.3522844842141316
227800,0.352408014481149
227900,0.3525315211888622
228000,0.35265500434176444
228100,0.352778463944348
228200,0.3529019000011041
228300,0.3530253125165236
228400,0.35314870149509603
228500,0.3532720669413104
228600,0.3533954088596547
228700,0.3535187272546161
228800,0.35364202213068074
228900,0.3537652934923343
229000,0.3538885413440612
229100,0.3540117656903454
229200,0.35413496653566956
229300,0.3542581438845158
229400,0.3543812977413653
229500,0.3545044281106984
229600,0.3546275349969945
229700,0.3547506184047322
229800,0.35487367833838934
229900,0.35499671480244277
230000,0.3551197278013686
230100,0.35524271733964186
230200,0.35536568342173713
230300,0.3554886260521277
230400,0.3556115452352864
230500,0.35573444097568474
230600,0.3558573132777939
230700,0.35598016214608386
230800,0.3561029875850238
230900,0.35622578959908213
231000,0.3563485681927264
231100,0.3564713233704233
231200,0.35659405513663855
231300,0.35671676349583725
231400,0.3568394484524834
231500,0.35696211001104017
231600,0.35708474817597025
231700,0.35720736295173494
231800,0.357329954342795
231900,0.35745252235361047
232000,0.35757506698864017
232100,0.3576975882523423
232200,0.35782008614917415
232300,0.3579425606835922
232400,0.35806501186005213
232500,0.3581874396830085
232600,0.35830984415691547
232700,0.35843222528622587
232800,0.358554583075392
232900,0.3586769175288653
233000,0.35879922865109615
233100,0.35892151644653425
233200,0.3590437809196285
233300,0.35916602207482673
233400,0.3592882399165761
233500,0.35941043444932297
233600,0.35953260567751266
233700,0.35965475360558974
233800,0.359776878237998
233900,0.35989897957918016
234000,0.3600210576335785
234100,0.360143112405634
234200,0.36026514389978703
234300,0.3603871521204772
234400,0.36050913707214305
234500,0.3606310987592224
234600,0.36075303718615215
234700,0.36087495235736844
234800,0.3609968442773065
234900,0.36111871295040077
235000,0.3612405583810848
235100,0.36136238057379144
235200,0.3614841795329523
235300,0.36160595526299866
235400,0.3617277077683606
235500,0.3618494370534674
235600,0.3619711431227477
235700,0.362092825980629
235800,0.36221448563153813
235900,0.36233612207990107
236000,0.362457735330143
236100,0.36257932538668824
236200,0.36270089225395996
236300,0.36282243593638097
236400,0.36294395643837296
236500,0.36306545376435684
236600,0.36318692791875273
236700,0.36330837890597967
236800,0.3634298067304561
236900,0.3635512113965995
237000,0.3636725929088267
237100,0.36379395127155345
237200,0.3639152864891948
237300,0.3640365985661649
237400,0.36415788750687694
237500,0.36427915331574356
237600,0.3644003959971762
237700,0.36452161555558593
237800,0.3646428119953825
237900,0.364763985320975
238000,0.3648851355367718
238100,0.3650062626471803
238200,0.36512736665660706
238300,0.36524844756945785
238400,0.36536950539013757
238500,0.3654905401230504
238600,0.3656115517725993
238700,0.3657325403431868
238800,0.3658535058392146
238900,0.3659744482650832
239000,0.36609536762519246
239100,0.36621626392394147
239200,0.3663371371657286
239300,0.36645798735495083
239400,0.36657881449600505
239500,0.3666996185932866
239600,0.3668203996511906
239700,0.36694115767411084
239800,0.3670618926664406
239900,0.36718260463257224
240000,0.36730329357689706
240100,0.3674239595038058
240200,0.3675446024176884
240300,0.36766522232293364
240400,0.3677858192239297
240500,0.3679063931250639
240600,0.3680269440307228
240700,0.36814747194529196
240800,0.36826797687315604
240900,0.3683884588186991
241000,0.36850891778630435
241100,0.3686293537803539
241200,0.3687497668052292
241300,0.368870156865311
241400,0.368990523964979
241500,0.36911086810861216
241600,0.3692311893005885
241700,0.36935148754528546
241800,0.3694717628470793
241900,0.36959201521034557
242000,0.3697122446394593
242100,0.36983245113879415
242200,0.36995263471272344
242300,0.3700727953656192
242400,0.370192933101853
242500,0.37031304792579545
242600,0.37043313984181625
242700,0.37055320885428433
242800,0.37067325496756787
242900,0.370793278186034
243000,0.3709132785140492
243100,0.37103325595597914
243200,0.37115321051618844
243300,0.3712731421990412
243400,0.3713930510089003
243500,0.3715129369501282
243600,0.3716328000270862
243700,0.371752640244135
243800,0.37187245760563437
243900,0.3719922521159432
244000,0.37211202377941954
244100,0.37223177260042084
244200,0.3723514985833033
244300,0.37247120173242276
244400,0.372590882052134
244500,0.3727105395467908
244600,0.3728301742207464
244700,0.37294978607835305
244800,0.3730693751239622
244900,0.3731889413619245
245000,0.37330848479658985
245100,0.37342800543230703
245200,0.37354750327342434
245300,0.3736669783242891
245400,0.37378643058924765
245500,0.3739058600726458
245600,0.3740252667788283
245700,0.3741446507121392
245800,0.3742640118769216
245900,0.3743833502775178
246000,0.3745026659182694
246100,0.37462195880351723
246200,0.37474122893760087
246300,0.3748604763248595
246400,0.3749797009696313
246500,0.3750989028762536
246600,0.37521808204906304
246700,0.3753372384923953
246800,0.37545637221058525
246900,0.37557548320796696
247000,0.37569457148887364
247100,0.3758136370576378
247200,0.37593267991859103
247300,0.37605170007606403
247400,0.3761706975343867
247500,0.37628967229788823
247600,0.37640862437089684
247700,0.37652755375774005
247800,0.3766464604627444
247900,0.3767653444902359
248000,0.3768842058445393
248100,0.3770030445299789
248200,0.37712186055087793
248300,0.37724065391155903
248400,0.37735942461634375
248500,0.3774781726695531
248600,0.377596898075507
248700,0.37771560083852473
248800,0.3778342809629246
248900,0.37795293845302425
249000,0.37807157331314045
249100,0.378190185547589
249200,0.37830877516068506
249300,0.3784273421567429
249400,0.37854588654007604
249500,0.37866440831499704
249600,0.37878290748581767
249700,0.3789013840568489
249800,0.379019838032401
249900,0.3791382694167833
250000,0.3792566782143042
250100,0.3793750644292716
250200,0.37949342806599207
250300,0.3796117691287719
250400,0.3797300876219163
250500,0.3798483835497296
250600,0.37996665691651543
250700,0.38008490772657644
250800,0.38020313598421485
250900,0.38032134169373155
251000,0.3804395248594269
251100,0.3805576854856004
251200,0.38067582357655083
251300,0.3807939391365758
251400,0.3809120321699726
251500,0.3810301026810372
251600,0.38114815067406516
251700,0.3812661761533509
251800,0.38138417912318834
251900,0.38150215958787026
252000,0.3816201175516889
252100,0.3817380530189355
252200,0.3818559659939005
252300,0.38197385648087356
252400,0.3820917244841435
252500,0.3822095700079985
252600,0.3823273930567256
252700,0.38244519363461116
252800,0.3825629717459409
252900,0.3826807273949996
253000,0.3827984605860709
253100,0.38291617132343814
253200,0.3830338596113837
253300,0.38315152545418885
253400,0.3832691688561344
253500,0.3833867898215001
253600,0.383504388354565
253700,0.3836219644596075
253800,0.3837395181409048
253900,0.38385704940273346
254000,0.38397455824936944
254100,0.3840920446850875
254200,0.38420950871416193
254300,0.38432695034086595
254400,0.38444436956947214
254500,0.3845617664042522
254600,0.38467914084947696
254700,0.3847964929094164
254800,0.38491382258834006
254900,0.38503112989051613
255000,0.3851484148202122
255100,0.38526567738169526
255200,0.38538291757923115
255300,0.38550013541708517
255400,0.38561733089952166
255500,0.3857345040308041
255600,0.38585165481519534
255700,0.38596878325695727
255800,0.38608588936035093
255900,0.3862029731296367
256000,0.38632003456907416
256100,0.3864370736829218
256200,0.38655409047543754
256300,0.38667108495087843
256400,0.38678805711350084
256500,0.38690500696756003
256600,0.3870219345173107
256700,0.3871388397670068
256800,0.38725572272090103
256900,0.38737258338324576
257000,0.3874894217582924
257100,0.38760623785029136
257200,0.3877230316634924
257300,0.38783980320214473
257400,0.3879565524704961
257500,0.38807327947279413
257600,0.3881899842132852
257700,0.38830666669621505
257800,0.3884233269258286
257900,0.3885399649063699
258000,0.3886565806420821
258100,0.3887731741372078
258200,0.38888974539598864
258300,0.38900629442266554
258400,0.38912282122147834
258500,0.38923932579666654
258600,0.3893558081524683
258700,0.3894722682931213
258800,0.38958870622286246
258900,0.38970512194592766
259000,0.3898215154665521
259100,0.3899378867889701
259200,0.3900542359174155
259300,0.39017056285612073
259400,0.39028686760931797
259500,0.3904031501812383
259600,0.39051941057611195
259700,0.3906356487981687
259800,0.39075186485163704
259900,0.39086805874074504
260000,0.39098423046971986
260100,0.3911003800427876
260200,0.3912165074641739
260300,0.3913326127381035
260400,0.39144869586880027
260500,0.3915647568604872
260600,0.3916807957173867
260700,0.3917968124437202
260800,0.39191280704370834
260900,0.392028779521571
261000,0.39214472988152727
261100,0.3922606581277953
261200,0.3923765642645928
261300,0.39249244829613605
261400,0.3926083102266412
261500,0.39272415006032324
261600,0.3928399678013963
261700,0.3929557634540739
261800,0.3930715370225686
261900,0.3931872885110923
262000,0.3933030179238559
262100,0.3934187252650698
262200,0.3935344105389432
262300,0.39365007374968497
262400,0.3937657149015027
262500,0.3938813339986036
262600,0.3939969310451936
262700,0.3941125060454783
262800,0.3942280590036623
262900,0.39434358992394947
263000,0.39445909881054253
263100,0.3945745856676439
263200,0.39469005049945505
263300,0.39480549331017634
263400,0.39492091410400765
263500,0.39503631288514807
263600,0.3951516896577957
263700,0.3952670444261479
263800,0.3953823771944013
263900,0.3954976879667518
264000,0.39561297674739415
264100,0.3957282435405227
264200,0.3958434883503309
264300,0.3959587111810112
264400,0.39607391203675557
264500,0.3961890909217547
264600,0.396304247840199
264700,0.39641938279627786
264800,0.3965344957941799
264900,0.3966495868380927
265000,0.39676465593220356
265100,0.3968797030806984
265200,0.39699472828776283
265300,0.39710973155758134
265400,0.3972247128943377
265500,0.397339672302215
265600,0.3974546097853954
265700,0.39756952534806034
265800,0.39768441899439033
265900,0.39779929072856535
266000,0.3979141405547644
266100,0.3980289684771656
266200,0.3981437744999463
266300,0.39825855862728343
266400,0.39837332086335253
266500,0.3984880612123287
266600,0.3986027796783862
266700,0.39871747626569853
266800,0.39883215097843827
266900,0.3989468038207773
267000,0.3990614347968867
267100,0.39917604391093664
267200,0.3992906311670966
267300,0.3994051965695353
267400,0.39951974012242064
267500,0.3996342618299197
267600,0.39974876169619855
267700,0.3998632397254229
267800,0.39997769592175747
267900,0.4000921302893661
268000,0.40020654283241175
268100,0.40032093355505693
268200,0.4004353024614631
268300,0.40054964955579087
268400,0.4006639748422003
268500,0.4007782783248506
268600,0.40089256000789997
268700,0.4010068198955059
268800,0.4011210579918254
268900,0.40123527430101413
269000,0.40134946882722755
269100,0.4014636415746199
269200,0.4015777925473447
269300,0.4016919217495549
269400,0.4018060291854024
269500,0.40192011485903845
269600,0.40203417877461356
269700,0.4021482209362771
269800,0.4022622413481781
269900,0.4023762400144647
270000,0.4024902169392839
270100,0.40260417212678234
270200,0.40271810558110566
270300,0.4028320173063987
270400,0.4029459073068056
270500,0.40305977558646966
270600,0.40317362214953334
270700,0.4032874470001384
270800,0.4034012501424259
270900,0.4035150315805357
271000,0.4036287913186074
271100,0.40374252936077937
271200,0.4038562457111896
271300,0.4039699403739748
271400,0.4040836133532715
271500,0.4041972646532148
271600,0.40431089427793954
271700,0.40442450223157944
271800,0.40453808851826756
271900,0.404651653142136
272000,0.40476519610731654
272100,0.4048787174179397
272200,0.40499221707813526
272300,0.40510569509203254
272400,0.40521915146375964
272500,0.4053325861974443
272600,0.40544599929721303
272700,0.40555939076719194
272800,0.40567276061150614
272900,0.4057861088342801
273000,0.40589943543963725
273100,0.40601274043170044
273200,0.40612602381459184
273300,0.4062392855924325
273400,0.406352525769343
273500,0.4064657443494428
273600,0.406578941336851
273700,0.4066921167356856
273800,0.406805270550064
273900,0.4069184027841025
274000,0.4070315134419171
274100,0.4071446025276225
274200,0.4072576700453331
274300,0.40737071599916197
274400,0.4074837403932221
274500,0.407596743231625
274600,0.40770972451848175
274700,0.4078226842579027
274800,0.40793562245399717
274900,0.408048539110874
275000,0.40816143423264095
275100,0.40827430782340524
275200,0.40838715988727303
275300,0.40849999042835006
275400,0.4086127994507409
275500,0.40872558695854966
275600,0.40883835295587956
275700,0.4089510974468328
275800,0.40906382043551126
275900,0.4091765219260156
276000,0.409289201922446
276100,0.4094018604289017
276200,0.4095144974494812
276300,0.40962711298828214
276400,0.40973970704940166
276500,0.4098522796369357
276600,0.4099648307549798
276700,0.41007736040762843
276800,0.41018986859897544
276900,0.4103023553331139
277000,0.41041482061413603
277100,0.4105272644461333
277200,0.4106396868331965
277300,0.4107520877794153
277400,0.41086446728887915
277500,0.41097682536567615
277600,0.4110891620138939
277700,0.41120147723761924
277800,0.41131377104093825
277900,0.4114260434279361
278000,0.4115382944026972
278100,0.41165052396930524
278200,0.4117627321318432
278300,0.4118749188943931
278400,0.41198708426103636
278500,0.41209922823585343
278600,0.41221135082292426
278700,0.4123234520263277
278800,0.41243553185014203
278900,0.4125475902984447
279000,0.41265962737531225
279100,0.41277164308482084
279200,0.4128836374310454
279300,0.4129956104180603
279400,0.41310756204993915
279500,0.4132194923307547
279600,0.4133314012645789
279700,0.4134432888554831
279800,0.4135551551075377
279900,0.4136670000248124
280000,0.41377882361137597
280100,0.41389062587129666
280200,0.41400240680864187
280300,0.414114166427478
280400,0.41422590473187104
280500,0.41433762172588584
280600,0.4144493174135868
280700,0.41456099179903727
280800,0.41467264488630007
280900,0.41478427667943707
281000,0.41489588718250936
281100,0.41500747639957736
281200,0.4151190443347007
281300,0.41523059099193815
281400,0.4153421163753478
281500,0.41545362048898693
281600,0.415565103336912
281700,0.41567656492317884
281800,0.41578800525184223
281900,0.4158994243269566
282000,0.4160108221525751
282100,0.41612219873275047
282200,0.41623355407153473
282300,0.41634488817297866
282400,0.4164562010411329
282500,0.4165674926800468
282600,0.41667876309376917
282700,0.41679001228634804
282800,0.4169012402618305
282900,0.4170124470242633
283000,0.4171236325776919
283100,0.4172347969261613
283200,0.4173459400737155
283300,0.41745706202439814
283400,0.4175681627822516
283500,0.4176792423513177
283600,0.4177903007356377
283700,0.41790133793925177
283800,0.4180123539661993
283900,0.41812334882051927
284000,0.4182343225062495
284100,0.41834527502742724
284200,0.4184562063880889
284300,0.4185671165922703
284400,0.41867800564400603
284500,0.4187888735473305
284600,0.4188997203062771
284700,0.4190105459248781
284800,0.4191213504071656
284900,0.4192321337571705
285000,0.41934289597892316
285100,0.4194536370764531
285200,0.41956435705378914
285300,0.419675055914959
285400,0.4197857336639902
285500,0.4198963903049089
285600,0.420007025841741
285700,0.4201176402785112
285800,0.4202282336192438
285900,0.42033880586796213
286000,0.4204493570286888
286100,0.42055988710544556
286200,0.42067039610225354
286300,0.4207808840231332
286400,0.4208913508721037
286500,0.42100179665318416
286600,0.4211122213703924
286700,0.42122262502774577
286800,0.4213330076292606
286900,0.42144336917895264
287000,0.42155370968083694
287100,0.42166402913892753
287200,0.42177432755723787
287300,0.42188460493978064
287400,0.42199486129056774
287500,0.42210509661361006
287600,0.4222153109129182
287700,0.4223255041925017
287800,0.42243567645636926
287900,0.4225458277085289
288000,0.42265595795298816
288100,0.4227660671937533
288200,0.42287615543483015
288300,0.4229862226802238
288400,0.4230962689339385
288500,0.42320629419997746
288600,0.42331629848234364
288700,0.42342628178503894
288800,0.42353624411206436
288900,0.4236461854674205
289000,0.42375610585510703
289100,0.42386600527912277
289200,0.42397588374346573
289300,0.4240857412521335
289400,0.4241955778091224
289500,0.42430539341842854
289600,0.424415188084047
289700,0.4245249618099718
289800,0.42463471460019675
289900,0.42474444645871456
290000,0.42485415738951726
290100,0.4249638473965962
290200,0.42507351648394165
290300,0.4251831646555436
290400,0.42529279191539104
290500,0.42540239826747195
290600,0.42551198371577403
290700,0.4256215482642839
290800,0.42573109191698755
290900,0.42584061467787004
291000,0.42595011655091586
291100,0.4260595975401088
291200,0.4261690576494316
291300,0.42627849688286634
291400,0.42638791524439457
291500,0.42649731273799685
291600,0.4266066893676531
291700,0.4267160451373424
291800,0.426825380051043
291900,0.42693469411273255
292000,0.42704398732638793
292100,0.42715325969598517
292200,0.42726251122549963
292300,0.4273717419189058
292400,0.4274809517801774
292500,0.4275901408132877
292600,0.42769930902220876
292700,0.42780845641091225
292800,0.4279175829833689
292900,0.42802668874354866
293000,0.4281357736954209
293100,0.428244837842954
293200,0.42835388119011564
293300,0.4284629037408729
293400,0.4285719054991921
293500,0.42868088646903857
293600,0.42878984665437714
293700,0.42889878605917153
293800,0.42900770468738525
293900,0.42911660254298056
294000,0.4292254796299191
294100,0.42933433595216197
294200,0.4294431715136692
294300,0.4295519863184003
294400,0.42966078037031397
294500,0.429769553673368
294600,0.42987830623151957
294700,0.4299870380487252
294800,0.43009574912894044
294900,0.4302044394761202
295000,0.4303131090942186
295100,0.43042175798718907
295200,0.4305303861589842
295300,0.43063899361355584
295400,0.4307475803548553
295500,0.4308561463868327
295600,0.43096469171343776
295700,0.4310732163386194
295800,0.43118172026632573
295900,0.43129020350050395
296000,0.4313986660451009
296100,0.4315071079040622
296200,0.43161552908133305
296300,0.4317239295808579
296400,0.43183230940658024
296500,0.43194066856244284
296600,0.4320490070523879
296700,0.43215732488035674
296800,0.43226562205028995
296900,0.4323738985661273
297000,0.43248215443180804
297100,0.4325903896512703
297200,0.43269860422845174
297300,0.4328067981672893
297400,0.43291497147171887
297500,0.4330231241456759
297600,0.4331312561930949
297700,0.4332393676179097
297800,0.43334745842405353
297900,0.43345552861545855
298000,0.4335635781960564
298100,0.43367160716977793
298200,0.4337796155405532
298300,0.43388760331231147
298400,0.4339955704889814
298500,0.4341035170744909
298600,0.4342114430727668
298700,0.4343193484877357
298800,0.434427233323323
298900,0.43453509758345366
299000,0.4346429412720516
299100,0.4347507643930404
299200,0.4348585669503424
299300,0.43496634894787967
299400,0.4350741103895731
299500,0.43518185127934317
299600,0.4352895716211094
299700,0.4353972714187907
299800,0.43550495067630524
299900,0.4356126093975702
300000,0.4357202475865022
300100,0.43582786524701733
300200,0.4359354623830304
300300,0.4360430389984561
300400,0.43615059509720777
300500,0.4362581306831984
300600,0.4363656457603401
300700,0.43647314033254436
300800,0.43658061440372165
300900,0.4366880679777819
301000,0.4367955010586344
301100,0.4369029136501874
301200,0.4370103057563487
301300,0.4371176773810249
301400,0.4372250285281225
301500,0.4373323592015469
301600,0.4374396694052025
301700,0.43754695914299346
301800,0.43765422841882284
301900,0.4377614772365932
302000,0.4378687056002062
302100,0.4379759135135628
302200,0.43808310098056313
302300,0.43819026800510674
302400,0.4382974145910923
302500,0.43840454074241775
302600,0.43851164646298046
302700,0.43861873175667676
302800,0.43872579662740263
302900,0.43883284107905274
303000,0.43893986511552163
303100,0.43904686874070276
303200,0.4391538519584888
303300,0.4392608147727719
303400,0.43936775718744325
303500,0.4394746792063935
303600,0.4395815808335124
303700,0.4396884620726891
303800,0.43979532292781176
303900,0.4399021634027681
304000,0.4400089835014449
304100,0.44011578322772826
304200,0.44022256258550363
304300,0.44032932157865556
304400,0.44043606021106785
304500,0.4405427784866237
304600,0.4406494764092056
304700,0.4407561539826951
304800,0.44086281121097304
304900,0.4409694480979198
305000,0.44107606464741467
305100,0.44118266086333635
305200,0.4412892367495629
305300,0.4413957923099714
305400,0.4415023275484383
305500,0.4416088424688396
305600,0.44171533707504995
305700,0.4418218113709439
305800,0.44192826536039487
305900,0.44203469904727555
306000,0.44214111243545806
306100,0.44224750552881364
306200,0.442353878331213
306300,0.44246023084652586
306400,0.4425665630786213
306500,0.44267287503136776
306600,0.4427791667086327
306700,0.44288543811428316
306800,0.44299168925218524
306900,0.4430979201262042
307000,0.4432041307402049
307100,0.44331032109805113
307200,0.44341649120360616
307300,0.44352264106073247
307400,0.44362877067329165
307500,0.4437348800451447
307600,0.44384096918015203
307700,0.44394703808217295
307800,0.4440530867550664
307900,0.44415911520269025
308000,0.4442651234289019
308100,0.4443711114375579
308200,0.4444770792325141
308300,0.4445830268176255
308400,0.4446889541967466
308500,0.4447948613737308
308600,0.4449007483524313
308700,0.44500661513670003
308800,0.44511246173038843
308900,0.4452182881373473
309000,0.4453240943614264
309100,0.44542988040647513
309200,0.4455356462763419
309300,0.4456413919748744
309400,0.4457471175059198
309500,0.4458528228733242
309600,0.4459585080809332
309700,0.4460641731325917
309800,0.44616981803214373
309900,0.44627544278343256
310000,0.4463810473903008
310100,0.44648663185659054
310200,0.44659219618614276
310300,0.44669774038279786
310400,0.44680326445039553
310500,0.4469087683927748
310600,0.4470142522137738
310700,0.4471197159172301
310800,0.4472251595069804
310900,0.4473305829868607
311000,0.44743598636070636
311100,0.4475413696323519
311200,0.44764673280563116
311300,0.44775207588437727
311400,0.4478573988724225
311500,0.44796270177359854
311600,0.44806798459173625
311700,0.448173247330666
311800,0.44827848999421693
311900,0.448383712586218
312000,0.44848891511049704
312100,0.4485940975708814
312200,0.44869925997119764
312300,0.4488044023152714
312400,0.4489095246069278
312500,0.44901462684999116
312600,0.44911970904828524
312700,0.44922477120563276
312800,0.44932981332585586
312900,0.44943483541277607
313000,0.449539837470214
313100,0.44964481950198953
313200,0.449749781511922
313300,0.44985472350382993
313400,0.4499596454815311
313500,0.4500645474488425
313600,0.4501694294095804
313700,0.4502742913675605
313800,0.4503791333265976
313900,0.4504839552905059
314000,0.45058875726309866
314100,0.45069353924818867
314200,0.450798301249588
314300,0.45090304327110764
314400,0.4510077653165583
314500,0.4511124673897495
314600,0.45121714949449054
314700,0.45132181163458973
314800,0.4514264538138545
314900,0.45153107603609177
315000,0.45163567830510765
315100,0.45174026062470773
315200,0.45184482299869644
315300,0.45194936543087805
315400,0.4520538879250555
315500,0.4521583904850315
315600,0.4522628731146078
315700,0.45236733581758537
315800,0.45247177859776466
315900,0.45257620145894517
316000,0.45268060440492597
316100,0.452784987439505
316200,0.45288935056647994
316300,0.45299369378964727
316400,0.45309801711280306
316500,0.45320232053974274
316600,0.4533066040742606
316700,0.4534108677201507
316800,0.45351511148120593
316900,0.4536193353612188
317000,0.4537235393639809
317100,0.45382772349328315
317200,0.4539318877529157
317300,0.4540360321466682
317400,0.4541401566783293
317500,0.45424426135168705
317600,0.45434834617052877
317700,0.454452411138641
317800,0.45455645625980967
317900,0.4546604815378199
318000,0.4547644869764562
318100,0.45486847257950214
318200,0.45497243835074075
318300,0.45507638429395425
318400,0.4551803104129243
318500,0.4552842167114316
318600,0.4553881031932563
318700,0.45549196986217766
318800,0.4555958167219746
318900,0.4556996437764248
319000,0.45580345102930553
319100,0.4559072384843934
319200,0.4560110061454641
319300,0.45611475401629265
319400,0.4562184821006534
319500,0.45632219040232
319600,0.45642587892506525
319700,0.4565295476726615
319800,0.45663319664888014
319900,0.45673682585749176
320000,0.4568404353022665
320100,0.4569440249869736
320200,0.4570475949153818
320300,0.45715114509125876
320400,0.45725467551837173
320500,0.45735818620048707
320600,0.45746167714137054
320700,0.457565148344787
320800,0.4576685998145009
320900,0.4577720315542757
321000,0.45787544356787424
321100,0.45797883585905863
321200,0.4580822084315903
321300,0.4581855612892298
321400,0.4582888944357373
321500,0.4583922078748719
321600,0.4584955016103921
321700,0.4585987756460558
321800,0.45870202998562015
321900,0.4588052646328413
322000,0.4589084795914752
322100,0.4590116748652766
322200,0.4591148504579998
322300,0.45921800637339827
322400,0.45932114261522483
322500,0.4594242591872316
322600,0.45952735609316997
322700,0.45963043333679043
322800,0.459733490921843
322900,0.45983652885207704
323000,0.45993954713124086
323100,0.46004254576308234
323200,0.4601455247513485
323300,0.4602484840997858
323400,0.4603514238121398
323500,0.46045434389215545
323600,0.46055724434357703
323700,0.460660125170148
323800,0.4607629863756111
323900,0.46086582796370845
324000,0.4609686499381813
324100,0.4610714523027706
324200,0.461174235061216
324300,0.4612769982172569
324400,0.4613797417746316
324500,0.4614824657370781
324600,0.46158517010833333
324700,0.4616878548921338
324800,0.4617905200922151
324900,0.4618931657123121
325000,0.46199579175615924
325100,0.46209839822748977
325200,0.4622009851300367
325300,0.4623035524675322
325400,0.4624061002437073
325500,0.462508628462293
325600,0.4626111371270192
325700,0.46271362624161505
325800,0.4628160958098092
325900,0.46291854583532943
326000,0.46302097632190276
326100,0.46312338727325575
326200,0.4632257786931141
326300,0.4633281505852026
326400,0.4634305029532457
326500,0.46353283580096694
326600,0.46363514913208925
326700,0.4637374429503346
326800,0.4638397172594244
326900,0.46394197206307963
327000,0.46404420736502006
327100,0.46414642316896515
327200,0.4642486194786334
327300,0.4643507962977428
327400,0.4644529536300104
327500,0.46455509147915275
327600,0.4646572098488856
327700,0.4647593087429239
327800,0.4648613881649821
327900,0.464963448118774
328000,0.4650654886080122
328100,0.46516750963640907
328200,0.4652695112076761
328300,0.4653714933255242
328400,0.4654734559936633
328500,0.46557539921580293
328600,0.4656773229956517
328700,0.46577922733691746
328800,0.46588111224330775
328900,0.4659829777185288
329000,0.4660848237662868
329100,0.4661866503902867
329200,0.466288457594233
329300,0.46639024538182927
329400,0.46649201375677873
329500,0.46659376272278374
329600,0.4666954922835457
329700,0.4667972024427657
329800,0.4668988932041438
329900,0.4670005645713796
330000,0.46710221654817186
330100,0.46720384913821866
330200,0.4673054623452173
330300,0.4674070561728647
330400,0.4675086306248565
330500,0.4676101857048882
330600,0.4677117214166543
330700,0.46781323776384853
330800,0.4679147347501643
330900,0.4680162123792938
331000,0.46811767065492893
331100,0.46821910958076063
331200,0.4683205291604793
331300,0.4684219293977745
331400,0.4685233102963353
331500,0.4686246718598498
331600,0.46872601409200554
331700,0.46882733699648926
331800,0.46892864057698724
331900,0.46902992483718475
332000,0.4691311897807666
332100,0.4692324354114168
332200,0.46933366173281854
332300,0.46943486874865437
332400,0.46953605646260643
332500,0.4696372248783557
332600,0.46973837399958285
332700,0.46983950382996753
332800,0.4699406143731888
332900,0.47004170563292513
333000,0.4701427776128543
333100,0.47024383031665307
333200,0.4703448637479979
333300,0.47044587791056425
333400,0.4705468728080272
333500,0.4706478484440607
333600,0.4707488048223383
333700,0.47084974194653284
333800,0.47095065982031636
333900,0.47105155844736013
334000,0.4711524378313351
334100,0.471253297975911
334200,0.4713541388847572
334300,0.47145496056154224
334400,0.47155576300993407
334500,0.47165654623359976
334600,0.47175731023620593
334700,0.4718580550214182
334800,0.47195878059290186
334900,0.4720594869543211
335000,0.47216017410933964
335100,0.47226084206162044
335200,0.4723614908148259
335300,0.4724621203726176
335400,0.4725627307386564
335500,0.47266332191660243
335600,0.4727638939101152
335700,0.47286444672285344
335800,0.47296498035847545
335900,0.4730654948206384
336000,0.4731659901129992
336100,0.47326646623921376
336200,0.4733669232029374
336300,0.4734673610078246
336400,0.4735677796575295
336500,0.47366817915570514
336600,0.47376855950600416
336700,0.4738689207120783
336800,0.47396926277757867
336900,0.47406958570615576
337000,0.47416988950145933
337100,0.47427017416713835
337200,0.47437043970684123
337300,0.4744706861242155
337400,0.47457091342290825
337500,0.47467112160656555
337600,0.47477131067883316
337700,0.4748714806433558
337800,0.47497163150377786
337900,0.47507176326374256
338000,0.4751718759268927
338100,0.47527196949687045
338200,0.47537204397731725
338300,0.47547209937187374
338400,0.4755721356841799
338500,0.475672152917875
338600,0.47577215107659776
338700,0.475872130163986
338800,0.47597209018367703
338900,0.4760720311393073
339000,0.47617195303451276
339100,0.4762718558729284
339200,0.4763717396581888
339300,0.47647160439392766
339400,0.476571450083778
339500,0.47667127673137233
339600,0.4767710843403422
339700,0.4768708729143186
339800,0.4769706424569319
339900,0.47707039297181164
340000,0.4771701244625868
340100,0.4772698369328856
340200,0.47736953038633545
340300,0.4774692048265633
340400,0.47756886025719514
340500,0.4776684966818566
340600,0.4777681141041724
340700,0.4778677125277665
340800,0.4779672919562624
340900,0.4780668523932827
341000,0.4781663938424494
341100,0.4782659163073839
341200,0.47836541979170677
341300,0.4784649042990379
341400,0.47856436983299644
341500,0.4786638163972011
341600,0.4787632439952696
341700,0.4788626526308192
341800,0.4789620423074663
341900,0.47906141302882677
342000,0.47916076479851555
342100,0.4792600976201472
342200,0.4793594114973354
342300,0.47945870643369304
342400,0.47955798243283265
342500,0.4796572394983658
342600,0.4797564776339034
342700,0.47985569684305573
342800,0.4799548971294324
342900,0.4800540784966423
343000,0.4801532409482937
343100,0.480252384487994
343200,0.48035150911935
343300,0.48045061484596796
343400,0.4805497016714534
343500,0.48064876959941083
343600,0.4807478186334445
343700,0.4808468487771578
343800,0.4809458600341534
343900,0.4810448524080333
344000,0.4811438259023989
344100,0.4812427805208507
344200,0.48134171626698885
344300,0.48144063314441243
344400,0.4815395311567201
344500,0.48163841030750976
344600,0.48173727060037863
344700,0.4818361120389232
344800,0.4819349346267393
344900,0.48203373836742225
345000,0.48213252326456624
345100,0.4822312893217652
345200,0.4823300365426123
345300,0.48242876493069975
345400,0.4825274744896194
345500,0.4826261652229624
345600,0.4827248371343189
345700,0.48282349022727855
345800,0.4829221245054306
345900,0.48302073997236306
346000,0.48311933663166373
346100,0.48321791448691953
346200,0.4833164735417166
346300,0.4834150137996406
346400,0.4835135352642763
346500,0.48361203793920815
346600,0.4837105218280193
346700,0.48380898693429286
346800,0.4839074332616109
346900,0.4840058608135548
347000,0.48410426959370545
347100,0.4842026596056429
347200,0.4843010308529466
347300,0.4843993833391953
347400,0.48449771706796696
347500,0.48459603204283896
347600,0.484694328267388
347700,0.4847926057451901
347800,0.48489086447982055
347900,0.4849891044748541
348000,0.4850873257338646
348100,0.4851855282604254
348200,0.48528371205810894
348300,0.4853818771304872
348400,0.4854800234811316
348500,0.48557815111361247
348600,0.48567626003149966
348700,0.4857743502383626
348800,0.48587242173776957
348900,0.48597047453328845
349000,0.4860685086284864
349100,0.48616652402692984
349200,0.48626452073218474
349300,0.486362498747816
349400,0.48646045807738814
349500,0.48655839872446494
349600,0.48665632069260933
349700,0.4867542239853838
349800,0.4868521086063501
349900,0.4869499745590691
350000,0.48704782184710127
350100,0.4871456504740064
350200,0.4872434604433432
350300,0.48734125175867016
350400,0.4874390244235448
350500,0.4875367784415242
350600,0.4876345138161646
350700,0.48773223055102166
350800,0.48782992864965014
350900,0.4879276081156044
351000,0.48802526895243803
351100,0.48812291116370377
351200,0.488220534752954
351300,0.48831813972374016
351400,0.48841572607961314
351500,0.488513293824123
351600,0.48861084296081947
351700,0.48870837349325114
351800,0.4888058854249663
351900,0.4889033787595124
352000,0.4890008535004362
352100,0.48909830965128387
352200,0.4891957472156008
352300,0.48929316619693164
352400,0.48939056659882074
352500,0.48948794842481136
352600,0.4895853116784462
352700,0.48968265636326747
352800,0.4897799824828164
352900,0.48987729004063374
353000,0.48997457904025954
353100,0.4900718494852333
353200,0.4901691013790934
353300,0.4902663347253782
353400,0.49036354952762473
353500,0.4904607457893698
353600,0.4905579235141494
353700,0.49065508270549885
353800,0.4907522233669527
353900,0.49084934550204495
354000,0.49094644911430896
354100,0.4910435342072772
354200,0.49114060078448185
354300,0.491237648849454
354400,0.4913346784057242
354500,0.4914316894568225
354600,0.4915286820062781
354700,0.49162565605761954
354800,0.4917226116143747
354900,0.49181954868007094
355000,0.4919164672582348
355100,0.492013367352392
355200,0.4921102489660679
355300,0.492207112102787
355400,0.4923039567660732
355500,0.49240078295944956
355600,0.4924975906864387
355700,0.49259437995056266
355800,0.4926911507553422
355900,0.4927879031042982
356000,0.4928846370009503
356100,0.4929813524488178
356200,0.493078049451419
356300,0.4931747280122719
356400,0.4932713881348936
356500,0.4933680298228006
356600,0.4934646530795086
356700,0.4935612579085329
356800,0.4936578443133879
356900,0.4937544122975873
357000,0.4938509618646444
357100,0.4939474930180716
357200,0.49404400576138063
357300,0.49414050009808264
357400,0.49423697603168815
357500,0.4943334335657068
357600,0.4944298727036479
357700,0.49452629344901966
357800,0.49462269580533
357900,0.4947190797760861
358000,0.49481544536479416
358100,0.4949117925749602
358200,0.4950081214100891
358300,0.49510443187368536
358400,0.49520072396925285
358500,0.49529699770029445
358600,0.4953932530703128
358700,0.4954894900828096
358800,0.4955857087412858
358900,0.49568190904924203
359000,0.4957780910101779
359100,0.4958742546275926
359200,0.49597039990498437
359300,0.4960665268458512
359400,0.49616263545369
359500,0.49625872573199714
359600,0.4963547976842686
359700,0.49645085131399924
359800,0.4965468866246836
359900,0.49664290361981545
360000,0.49673890230288786
360100,0.4968348826773932
360200,0.49693084474682314
360300,0.49702678851466886
360400,0.49712271398442087
360500,0.49721862115956883
360600,0.49731451004360183
360700,0.4974103806400083
360800,0.4975062329522759
360900,0.497602066983892
361000,0.4976978827383427
361100,0.4977936802191141
361200,0.497889459429691
361300,0.49798522037355786
361400,0.4980809630541987
361500,0.49817668747509636
361600,0.4982723936397334
361700,0.4983680815515916
361800,0.4984637512141521
361900,0.49855940263089527
362000,0.4986550358053009
362100,0.4987506507408481
362200,0.49884624744101547
362300,0.4989418259092806
362400,0.49903738614912085
362500,0.49913292816401245
362600,0.4992284519574314
362700,0.49932395753285264
362800,0.4994194448937509
362900,0.4995149140435997
363000,0.4996103649858725
363100,0.49970579772404156
363200,0.4998012122615789
363300,0.4998966086019555
363400,0.499991986748642
363500,0.5000873467051081
363600,0.5001826884748232
363700,0.5002780120612556
363800,0.5003733174678733
363900,0.5004686046981435
364000,0.5005638737555326
364100,0.5006591246435066
364200,0.5007543573655306
364300,0.5008495719250694
364400,0.5009447683255865
364500,0.5010399465705455
364600,0.5011351066634089
364700,0.5012302486076383
364800,0.5013253724066954
364900,0.5014204780640404
365000,0.5015155655831336
365100,0.5016106349674339
365200,0.5017056862204001
365300,0.5018007193454903
365400,0.5018957343461614
365500,0.5019907312258705
365600,0.5020857099880731
365700,0.5021806706362248
365800,0.5022756131737804
365900,0.5023705376041936
366000,0.5024654439309177
366100,0.5025603321574057
366200,0.5026552022871092
366300,0.50275005432348
366400,0.5028448882699685
366500,0.502939704130025
366600,0.5030345019070985
366700,0.5031292816046381
366800,0.5032240432260917
366900,0.5033187867749067
367000,0.50341351225453
367100,0.5035082196684075
367200,0.503602909019985
367300,0.5036975803127067
367400,0.5037922335500173
367500,0.5038868687353599
367600,0.5039814858721775
367700,0.5040760849639121
367800,0.5041706660140055
367900,0.5042652290258982
368000,0.5043597740030306
368100,0.5044543009488421
368200,0.5045488098667718
368300,0.5046433007602575
368400,0.5047377736327373
368500,0.5048322284876477
368600,0.5049266653284252
368700,0.5050210841585052
368800,0.5051154849813229
368900,0.5052098678003123
369000,0.5053042326189072
369100,0.5053985794405405
369200,0.5054929082686446
369300,0.505587219106651
369400,0.5056815119579912
369500,0.5057757868260948
369600,0.5058700437143921
369700,0.505964282626312
369800,0.5060585035652829
369900,0.5061527065347324
370000,0.5062468915380878
370100,0.5063410585787753
370200,0.506435207660221
370300,0.5065293387858498
370400,0.5066234519590862
370500,0.506717547183354
370600,0.5068116244620765
370700,0.5069056837986761
370800,0.5069997251965748
370900,0.5070937486591935
371000,0.5071877541899532
371100,0.5072817417922735
371200,0.5073757114695738
371300,0.5074696632252726
371400,0.5075635970627879
371500,0.5076575129855371
371600,0.5077514109969365
371700,0.5078452911004026
371800,0.5079391532993505
371900,0.5080329975971947
372000,0.5081268239973494
372100,0.5082206325032281
372200,0.5083144231182435
372300,0.5084081958458075
372400,0.5085019506893319
372500,0.5085956876522271
372600,0.5086894067379035
372700,0.5087831079497704
372800,0.5088767912912369
372900,0.5089704567657108
373000,0.5090641043766
373100,0.5091577341273112
373200,0.5092513460212507
373300,0.5093449400618241
373400,0.5094385162524362
373500,0.5095320745964914
373600,0.5096256150973935
373700,0.509719137758545
373800,0.5098126425833489
373900,0.5099061295752063
374000,0.5099995987375187
374100,0.5100930500736862
374200,0.5101864835871086
374300,0.510279899281185
374400,0.510373297159314
374500,0.5104666772248934
374600,0.51056003948132
374700,0.5106533839319907
374800,0.5107467105803011
374900,0.5108400194296465
375000,0.5109333104834215
375100,0.5110265837450201
375200,0.5111198392178353
375300,0.5112130769052601
375400,0.5113062968106861
375500,0.5113994989375048
375600,0.5114926832891069
375700,0.5115858498688823
375800,0.5116789986802206
375900,0.5117721297265103
376000,0.5118652430111397
376100,0.5119583385374962
376200,0.5120514163089666
376300,0.5121444763289369
376400,0.5122375186007928
376500,0.512330543127919
376600,0.5124235499137
376700,0.512516538961519
376800,0.5126095102747592
376900,0.5127024638568028
377000,0.5127953997110315
377100,0.5128883178408262
377200,0.5129812182495672
377300,0.5130741009406344
377400,0.5131669659174067
377500,0.5132598131832626
377600,0.5133526427415798
377700,0.5134454545957354
377800,0.513538248749106
377900,0.5136310252050673
378000,0.5137237839669947
378100,0.5138165250382625
378200,0.5139092484222448
378300,0.5140019541223149
378400,0.5140946421418451
378500,0.5141873124842076
378600,0.5142799651527739
378700,0.5143726001509143
378800,0.5144652174819992
378900,0.5145578171493979
379000,0.514650399156479
379100,0.5147429635066108
379200,0.5148355102031608
379300,0.5149280392494957
379400,0.5150205506489818
379500,0.5151130444049845
379600,0.5152055205208689
379700,0.5152979789999992
379800,0.515390419845739
379900,0.5154828430614512
380000,0.5155752486504983
380100,0.515667636616242
380200,0.5157600069620433
380300,0.5158523596912625
380400,0.5159446948072597
380500,0.5160370123133937
380600,0.5161293122130232
380700,0.5162215945095059
380800,0.5163138592061992
380900,0.5164061063064596
381000,0.516498335813643
381100,0.5165905477311047
381200,0.5166827420621993
381300,0.516774918810281
381400,0.5168670779787031
381500,0.5169592195708184
381600,0.5170513435899786
381700,0.5171434500395358
381800,0.5172355389228402
381900,0.5173276102432425
382000,0.5174196640040919
382100,0.5175117002087374
382200,0.5176037188605273
382300,0.5176957199628092
382400,0.51778770351893
382500,0.5178796695322363
382600,0.5179716180060735
382700,0.5180635489437868
382800,0.5181554623487208
382900,0.5182473582242191
383000,0.5183392365736248
383100,0.5184310974002807
383200,0.5185229407075285
383300,0.5186147664987093
383400,0.518706574777164
383500,0.5187983655462324
383600,0.5188901388092538
383700,0.518981894569567
383800,0.5190736328305101
383900,0.5191653535954205
384000,0.5192570568676349
384100,0.5193487426504895
384200,0.5194404109473199
384300,0.5195320617614607
384400,0.5196236950962465
384500,0.5197153109550107
384600,0.5198069093410862
384700,0.5198984902578057
384800,0.5199900537085005
384900,0.5200815996965018
385000,0.5201731282251401
385100,0.5202646392977451
385200,0.520356132917646
385300,0.5204476090881716
385400,0.5205390678126491
385500,0.5206305090944064
385600,0.5207219329367699
385700,0.5208133393430656
385800,0.5209047283166188
385900,0.5209960998607542
386000,0.521087453978796
386100,0.5211787906740676
386200,0.5212701099498918
386300,0.5213614118095908
386400,0.521452696256486
386500,0.5215439632938986
386600,0.5216352129251487
386700,0.5217264451535559
386800,0.5218176599824393
386900,0.5219088574151174
387000,0.5220000374549079
387100,0.5220912001051277
387200,0.5221823453690932
387300,0.5222734732501209
387400,0.5223645837515254
387500,0.5224556768766214
387600,0.5225467526287231
387700,0.5226378110111436
387800,0.5227288520271955
387900,0.5228198756801913
388000,0.522910881973442
388100,0.5230018709102586
388200,0.5230928424939512
388300,0.5231837967278292
388400,0.5232747336152017
388500,0.5233656531593769
388600,0.5234565553636625
388700,0.5235474402313655
388800,0.5236383077657921
388900,0.5237291579702483
389000,0.523819990848039
389100,0.5239108064024689
389200,0.5240016046368416
389300,0.5240923855544607
389400,0.5241831491586284
389500,0.5242738954526469
389600,0.5243646244398175
389700,0.5244553361234408
389800,0.524546030506817
389900,0.5246367075932454
390000,0.5247273673860251
390100,0.5248180098884541
390200,0.5249086351038299
390300,0.5249992430354495
390400,0.5250898336866093
390500,0.5251804070606049
390600,0.5252709631607313
390700,0.5253615019902829
390800,0.5254520235525535
390900,0.5255425278508364
391000,0.5256330148884241
391100,0.5257234846686083
391200,0.5258139371946806
391300,0.5259043724699313
391400,0.5259947904976507
391500,0.5260851912811281
391600,0.5261755748236522
391700,0.5262659411285112
391800,0.5263562901989927
391900,0.5264466220383834
392000,0.5265369366499697
392100,0.5266272340370372
392200,0.5267175142028708
392300,0.5268077771507551
392400,0.5268980228839737
392500,0.5269882514058097
392600,0.5270784627195457
392700,0.5271686568284635
392800,0.5272588337358444
392900,0.527348993444969
393000,0.5274391359591173
393100,0.5275292612815687
393200,0.527619369415602
393300,0.5277094603644951
393400,0.5277995341315256
393500,0.5278895907199705
393600,0.5279796301331059
393700,0.5280696523742076
393800,0.5281596574465504
393900,0.5282496453534087
394000,0.5283396160980562
394100,0.5284295696837663
394200,0.5285195061138113
394300,0.528609425391463
394400,0.5286993275199927
394500,0.5287892125026712
394600,0.5288790803427683
394700,0.5289689310435534
394800,0.5290587646082954
394900,0.5291485810402622
395000,0.5292383803427214
395100,0.5293281625189401
395200,0.5294179275721843
395300,0.5295076755057198
395400,0.5295974063228115
395500,0.5296871200267238
395600,0.5297768166207206
395700,0.5298664961080649
395800,0.5299561584920193
395900,0.5300458037758458
396000,0.5301354319628053
396100,0.530225043056159
396200,0.5303146370591666
396300,0.5304042139750875
396400,0.5304937738071807
396500,0.5305833165587043
396600,0.5306728422329157
396700,0.530762350833072
396800,0.5308518423624295
396900,0.5309413168242438
397000,0.5310307742217699
397100,0.5311202145582625
397200,0.5312096378369753
397300,0.5312990440611615
397400,0.5313884332340736
397500,0.5314778053589637
397600,0.531567160439083
397700,0.5316564984776825
397800,0.531745819478012
397900,0.5318351234433211
398000,0.5319244103768587
398100,0.5320136802818729
398200,0.5321029331616116
398300,0.5321921690193216
398400,0.5322813878582493
398500,0.5323705896816406
398600,0.5324597744927405
398700,0.5325489422947935
398800,0.5326380930910437
398900,0.5327272268847343
399000,0.532816343679108
399100,0.5329054434774068
399200,0.5329945262828721
399300,0.5330835920987449
399400,0.5331726409282651
399500,0.5332616727746726
399600,0.5333506876412062
399700,0.5334396855311043
399800,0.5335286664476045
399900,0.5336176303939442
400000,0.5337065773733596
400100,0.5337955073890868
400200,0.5338844204443609
400300,0.5339733165424165
400400,0.5340621956864879
400500,0.5341510578798083
400600,0.5342399031256104
400700,0.5343287314271268
400800,0.5344175427875886
400900,0.5345063372102268
401000,0.5345951146982719
401100,0.5346838752549538
401200,0.5347726188835011
401300,0.5348613455871427
401400,0.5349500553691062
401500,0.5350387482326189
401600,0.5351274241809076
401700,0.5352160832171982
401800,0.5353047253447161
401900,0.5353933505666859
402000,0.5354819588863322
402100,0.5355705503068783
402200,0.5356591248315471
402300,0.535747682463561
402400,0.5358362232061418
402500,0.5359247470625104
402600,0.5360132540358875
402700,0.5361017441294927
402800,0.5361902173465456
402900,0.5362786736902646
403000,0.5363671131638679
403100,0.5364555357705726
403200,0.5365439415135959
403300,0.5366323303961537
403400,0.5367207024214616
403500,0.5368090575927348
403600,0.5368973959131874
403700,0.5369857173860333
403800,0.5370740220144854
403900,0.5371623098017566
404000,0.5372505807510584
404100,0.5373388348656022
404200,0.5374270721485988
404300,0.537515292603258
404400,0.5376034962327896
404500,0.5376916830404022
404600,0.5377798530293041
404700,0.5378680062027028
404800,0.5379561425638054
404900,0.5380442621158184
405000,0.5381323648619474
405100,0.5382204508053975
405200,0.5383085199493735
405300,0.5383965722970792
405400,0.5384846078517178
405500,0.5385726266164923
405600,0.5386606285946047
405700,0.5387486137892564
405800,0.5388365822036484
405900,0.5389245338409809
406000,0.5390124687044537
406100,0.5391003867972657
406200,0.5391882881226155
406300,0.5392761726837008
406400,0.5393640404837189
406500,0.5394518915258664
406600,0.5395397258133392
406700,0.5396275433493329
406800,0.5397153441370423
406900,0.5398031281796614
407000,0.5398908954803838
407100,0.5399786460424025
407200,0.5400663798689098
407300,0.5401540969630977
407400,0.540241797328157
407500,0.5403294809672785
407600,0.5404171478836519
407700,0.5405047980804666
407800,0.5405924315609113
407900,0.5406800483281742
408000,0.5407676483854424
408100,0.5408552317359033
408200,0.5409427983827428
408300,0.5410303483291468
408400,0.5411178815783002
408500,0.5412053981333875
408600,0.5412928979975926
408700,0.5413803811740985
408800,0.5414678476660881
408900,0.5415552974767432
409000,0.5416427306092455
409100,0.5417301470667755
409200,0.5418175468525135
409300,0.5419049299696392
409400,0.5419922964213314
409500,0.5420796462107687
409600,0.5421669793411286
409700,0.5422542958155885
409800,0.5423415956373249
409900,0.5424288788095137
410000,0.5425161453353302
410100,0.5426033952179494
410200,0.5426906284605452
410300,0.5427778450662911
410400,0.5428650450383603
410500,0.5429522283799249
410600,0.5430393950941566
410700,0.5431265451842265
410800,0.5432136786533053
410900,0.5433007955045628
411000,0.5433878957411682
411100,0.5434749793662903
411200,0.5435620463830972
411300,0.5436490967947565
411400,0.5437361306044348
411500,0.5438231478152985
411600,0.5439101484305133
411700,0.5439971324532443
411800,0.5440840998866558
411900,0.544171050733912
412000,0.5442579849981759
412100,0.5443449026826102
412200,0.5444318037903768
412300,0.5445186883246373
412400,0.5446055562885528
412500,0.5446924076852832
412600,0.5447792425179883
412700,0.5448660607898268
412800,0.5449528625039577
412900,0.5450396476635384
413000,0.5451264162717264
413100,0.5452131683316781
413200,0.5452999038465498
413300,0.5453866228194966
413400,0.5454733252536735
413500,0.5455600111522347
413600,0.545646680518334
413700,0.5457333333551242
413800,0.5458199696657576
413900,0.5459065894533863
414000,0.5459931927211614
414100,0.5460797794722335
414200,0.5461663497097526
414300,0.5462529034368682
414400,0.546339440656729
414500,0.5464259613724833
414600,0.5465124655872787
414700,0.5465989533042622
414800,0.5466854245265802
414900,0.5467718792573785
415000,0.5468583174998023
415100,0.5469447392569962
415200,0.5470311445321042
415300,0.5471175333282698
415400,0.5472039056486359
415500,0.5472902614963444
415600,0.5473766008745371
415700,0.5474629237863551
415800,0.5475492302349387
415900,0.5476355202234278
416000,0.5477217937549614
416100,0.5478080508326784
416200,0.5478942914597167
416300,0.5479805156392137
416400,0.5480667233743062
416500,0.5481529146681303
416600,0.548239089523822
416700,0.5483252479445162
416800,0.5484113899333471
416900,0.5484975154934487
417000,0.5485836246279543
417100,0.5486697173399964
417200,0.5487557936327071
417300,0.5488418535092179
417400,0.5489278969726594
417500,0.5490139240261622
417600,0.5490999346728558
417700,0.5491859289158691
417800,0.5492719067583309
417900,0.5493578682033688
418000,0.5494438132541102
418100,0.5495297419136815
418200,0.5496156541852091
418300,0.5497015500718183
418400,0.5497874295766341
418500,0.5498732927027806
418600,0.5499591394533817
418700,0.5500449698315604
418800,0.5501307838404391
418900,0.5502165814831399
419000,0.5503023627627839
419100,0.5503881276824919
419200,0.550473876245384
419300,0.5505596084545799
419400,0.5506453243131983
419500,0.5507310238243576
419600,0.5508167069911755
419700,0.5509023738167691
419800,0.5509880243042552
419900,0.5510736584567495
420000,0.5511592762773674
420100,0.5512448777692237
420200,0.5513304629354326
420300,0.5514160317791077
420400,0.5515015843033618
420500,0.5515871205113075
420600,0.5516726404060566
420700,0.55175814399072
420800,0.5518436312684087
420900,0.5519291022422324
421000,0.5520145569153008
421100,0.5520999952907224
421200,0.5521854173716059
421300,0.5522708231610585
421400,0.5523562126621873
421500,0.552441585878099
421600,0.5525269428118993
421700,0.5526122834666936
421800,0.5526976078455864
421900,0.5527829159516819
422000,0.5528682077880837
422100,0.5529534833578944
422200,0.5530387426642167
422300,0.553123985710152
422400,0.5532092124988015
422500,0.5532944230332658
422600,0.553379617316645
422700,0.5534647953520381
422800,0.5535499571425441
422900,0.5536351026912611
423000,0.5537202320012868
423100,0.5538053450757181
423200,0.5538904419176514
423300,0.5539755225301823
423400,0.5540605869164066
423500,0.5541456350794183
423600,0.5542306670223118
423700,0.5543156827481804
423800,0.5544006822601171
423900,0.554485665561214
424000,0.554570632654563
424100,0.554655583543255
424200,0.5547405182303805
424300,0.5548254367190295
424400,0.5549103390122914
424500,0.5549952251132546
424600,0.5550800950250077
424700,0.5551649487506378
424800,0.5552497862932323
424900,0.5553346076558773
425000,0.5554194128416586
425100,0.5555042018536616
425200,0.5555889746949707
425300,0.5556737313686699
425400,0.5557584718778429
425500,0.5558431962255723
425600,0.5559279044149403
425700,0.556012596449029
425800,0.556097272330919
425900,0.556181932063691
426000,0.556266575650425
426100,0.5563512030942002
426200,0.5564358143980952
426300,0.5565204095651886
426400,0.5566049885985573
426500,0.5566895515012789
426600,0.5567740982764294
426700,0.5568586289270848
426800,0.5569431434563202
426900,0.5570276418672103
427000,0.5571121241628291
427100,0.55719659034625
427200,0.5572810404205459
427300,0.5573654743887893
427400,0.5574498922540515
427500,0.5575342940194039
427600,0.5576186796879169
427700,0.5577030492626605
427800,0.557787402746704
427900,0.5578717401431162
428000,0.5579560614549653
428100,0.5580403666853189
428200,0.5581246558372439
428300,0.558208928913807
428400,0.5582931859180738
428500,0.5583774268531094
428600,0.5584616517219789
428700,0.5585458605277461
428800,0.5586300532734747
428900,0.5587142299622273
429000,0.5587983905970666
429100,0.558882535181054
429200,0.558966663717251
429300,0.5590507762087181
429400,0.5591348726585152
429500,0.5592189530697017
429600,0.5593030174453366
429700,0.5593870657884779
429800,0.5594710981021835
429900,0.5595551143895103
430000,0.5596391146535151
430100,0.5597230988972535
430200,0.5598070671237809
430300,0.5598910193361522
430400,0.5599749555374213
430500,0.560058875730642
430600,0.5601427799188674
430700,0.5602266681051495
430800,0.5603105402925408
430900,0.5603943964840918
431000,0.5604782366828538
431100,0.5605620608918767
431200,0.5606458691142098
431300,0.5607296613529023
431400,0.5608134376110023
431500,0.5608971978915579
431600,0.5609809421976161
431700,0.5610646705322233
431800,0.561148382898426
431900,0.5612320792992691
432000,0.561315759737798
432100,0.5613994242170566
432200,0.5614830727400886
432300,0.5615667053099374
432400,0.5616503219296454
432500,0.5617339226022544
432600,0.561817507330806
432700,0.561901076118341
432800,0.5619846289678995
432900,0.5620681658825212
433000,0.5621516868652451
433100,0.5622351919191098
433200,0.562318681047153
433300,0.5624021542524122
433400,0.5624856115379242
433500,0.5625690529067251
433600,0.5626524783618503
433700,0.5627358879063351
433800,0.5628192815432136
433900,0.56290265927552
434000,0.5629860211062873
434100,0.5630693670385483
434200,0.5631526970753351
434300,0.5632360112196793
434400,0.5633193094746117
434500,0.5634025918431629
434600,0.5634858583283624
434700,0.5635691089332397
434800,0.5636523436608234
434900,0.5637355625141415
435000,0.5638187654962215
435100,0.5639019526100901
435200,0.5639851238587741
435300,0.5640682792452989
435400,0.5641514187726899
435500,0.5642345424439714
435600,0.5643176502621678
435700,0.5644007422303023
435800,0.5644838183513978
435900,0.5645668786284768
436000,0.5646499230645607
436100,0.5647329516626709
436200,0.5648159644258278
436300,0.5648989613570515
436400,0.5649819424593614
436500,0.5650649077357763
436600,0.5651478571893145
436700,0.5652307908229937
436800,0.565313708639831
436900,0.565396610642843
437000,0.5654794968350454
437100,0.5655623672194539
437200,0.5656452217990833
437300,0.5657280605769475
437400,0.5658108835560606
437500,0.5658936907394354
437600,0.5659764821300846
437700,0.5660592577310198
437800,0.5661420175452527
437900,0.566224761575794
438000,0.566307489825654
438100,0.5663902022978422
438200,0.5664728989953678
438300,0.5665555799212392
438400,0.5666382450784642
438500,0.5667208944700504
438600,0.5668035280990043
438700,0.5668861459683323
438800,0.5669687480810401
438900,0.5670513344401326
439000,0.5671339050486142
439100,0.567216459909489
439200,0.5672989990257602
439300,0.5673815224004307
439400,0.5674640300365026
439500,0.5675465219369774
439600,0.5676289981048563
439700,0.5677114585431398
439800,0.5677939032548278
439900,0.5678763322429194
440000,0.5679587455104136
440100,0.5680411430603085
440200,0.5681235248956016
440300,0.5682058910192902
440400,0.5682882414343705
440500,0.5683705761438386
440600,0.5684528951506898
440700,0.5685351984579186
440800,0.5686174860685194
440900,0.5686997579854859
441000,0.568782014211811
441100,0.5688642547504872
441200,0.5689464796045063
441300,0.5690286887768597
441400,0.5691108822705383
441500,0.5691930600885322
441600,0.5692752222338309
441700,0.5693573687094236
441800,0.5694394995182985
441900,0.569521614663444
442000,0.5696037141478469
442100,0.5696857979744945
442200,0.5697678661463725
442300,0.5698499186664668
442400,0.5699319555377624
442500,0.570013976763244
442600,0.5700959823458951
442700,0.5701779722886993
442800,0.5702599465946393
442900,0.5703419052666974
443000,0.5704238483078553
443100,0.5705057757210938
443200,0.5705876875093938
443300,0.570669583675735
443400,0.5707514642230967
443500,0.5708333291544578
443600,0.5709151784727967
443700,0.5709970121810908
443800,0.5710788302823173
443900,0.5711606327794527
444000,0.5712424196754731
444100,0.5713241909733537
444200,0.5714059466760695
444300,0.5714876867865947
444400,0.5715694113079028
444500,0.5716511202429674
444600,0.5717328135947606
444700,0.5718144913662545
444800,0.5718961535604207
444900,0.5719778001802298
445000,0.5720594312286524
445100,0.572141046708658
445200,0.5722226466232156
445300,0.5723042309752944
445400,0.5723857997678619
445500,0.5724673530038855
445600,0.5725488906863325
445700,0.572630412818169
445800,0.5727119194023607
445900,0.5727934104418729
446000,0.5728748859396703
446100,0.5729563458987168
446200,0.5730377903219761
446300,0.5731192192124109
446400,0.5732006325729838
446500,0.5732820304066564
446600,0.5733634127163901
446700,0.5734447795051456
446800,0.5735261307758828
446900,0.5736074665315615
447000,0.5736887867751405
447100,0.5737700915095783
447200,0.5738513807378327
447300,0.5739326544628609
447400,0.57401391268762
447500,0.5740951554150657
447600,0.5741763826481541
447700,0.5742575943898397
447800,0.5743387906430772
447900,0.5744199714108207
448000,0.5745011366960233
