x,y
0,0.0
100,9.536292978207239e-05
200,0.00019071676547577354
300,0.0002860615079484097
400,0.00038139715806695396
500,0.0004767237166987126
600,0.0005720411847104367
700,0.0006673495629692106
800,0.0007626488523417851
900,0.0008579390536949116
1000,0.0009532201678953411
1100,0.0010484921958094917
1200,0.0011437551383038924
1300,0.0012390089962450723
1400,0.0013342537704992274
1500,0.0014294894619327758
1600,0.0015247160714116914
1700,0.0016199335998020592
1800,0.0017151420479700752
1900,0.0018103414167814913
2000,0.0019055317071021705
2100,0.0020007129197978646
2200,0.0020958850557343256
2300,0.0021910481157769723
2400,0.0022862021007914457
2500,0.0023813470116431645
2600,0.0024764828491974367
2700,0.002571609614319459
2800,0.002666727307874539
2900,0.002761835930727652
3000,0.002856935483743772
3100,0.0029520259677879856
3200,0.003047107383724934
3300,0.003142179732419592
3400,0.0032372430147364906
3500,0.003332297231540271
3600,0.003427342383695464
3700,0.0035223784720664897
3800,0.003617405497517767
3900,0.0037124234609133833
4000,0.0038074323631176465
4100,0.0039024322049946436
4200,0.003997422987408461
4300,0.004092404711222852
4400,0.004187377377301793
4500,0.004282340986509148
4600,0.004377295539708448
4700,0.004472241037763336
4800,0.004567177481537454
4900,0.004662104871894002
5000,0.00475702320969662
5100,0.004851932495808398
5200,0.004946832731092532
5300,0.005041723916412333
5400,0.005136606052630555
5500,0.0052314791406103955
5600,0.005326343181214499
5700,0.005421198175305841
5800,0.005516044123746955
5900,0.005610881027400705
6000,0.0057057088871292905
6100,0.005800527703795466
6200,0.005895337478261431
6300,0.005990138211389606
6400,0.00608492990404208
6500,0.006179712557080941
6600,0.0062744861713683875
6700,0.006369250747766286
6800,0.006464006287136614
6900,0.006558752790341016
7000,0.006653490258241357
7100,0.0067482186916991704
7200,0.00684293809157599
7300,0.006937648458733348
7400,0.007032349794032666
7500,0.007127042098335146
7600,0.007221725372502097
7700,0.007316399617394498
7800,0.0074110648338736596
7900,0.007505721022800449
8000,0.007600368185035622
8100,0.0076950063214401565
8200,0.0077896354328748085
8300,0.007884255520200112
8400,0.0079788665842766
8500,0.008073468625964919
8600,0.00816806164612538
8700,0.008262645645618183
8800,0.008357220625303752
8900,0.008451786586042287
9000,0.008546343528693545
9100,0.008640891454117838
9200,0.008735430363175034
9300,0.008829960256724778
9400,0.008924481135626938
9500,0.00901899300074116
9600,0.009113495852926978
9700,0.009207989693044039
9800,0.009302474521951543
9900,0.009396950340509025
10000,0.009491417149575687
10100,0.00958587495001062
10200,0.009680323742672914
10300,0.00977476352842166
10400,0.009869194308115725
10500,0.00996361608261409
10600,0.010058028852775291
10700,0.010152432619458196
10800,0.010246827383521229
10900,0.010341213145823147
11000,0.010435589907222154
11100,0.010529957668576673
11200,0.010624316430745018
11300,0.010718666194585391
11400,0.010813006960955773
11500,0.010907338730714256
11600,0.01100166150471893
11700,0.011095975283827442
11800,0.011190280068897662
11900,0.01128457586078735
12000,0.011378862660354039
12100,0.011473140468455267
12200,0.01156740928594846
12300,0.011661669113691042
12400,0.011755919952540328
12500,0.01185016180335352
12600,0.011944394666987601
12700,0.012038618544299773
12800,0.012132833436147017
12900,0.012227039343386092
13000,0.01232123626687387
13100,0.012415424207466996
13200,0.01250960316602212
13300,0.012603773143395891
13400,0.012697934140444733
13500,0.012792086158025073
13600,0.012886229196993115
13700,0.012980363258205174
13800,0.013074488342517343
13900,0.013168604450785715
14000,0.01326271158386616
14100,0.013356809742614772
14200,0.013450898927887311
14300,0.013544979140539426
14400,0.013639050381426876
14500,0.013733112651405088
14600,0.013827165951329823
14700,0.013921210282056173
14800,0.014015245644439678
14900,0.01410927203933554
15000,0.014203289467598856
15100,0.014297297930084718
15200,0.01439129742764833
15300,0.014485287961144344
15400,0.014579269531427741
15500,0.014673242139353171
15600,0.014767205785775506
15700,0.014861160471549173
15800,0.014955106197528711
15900,0.01504904296456866
16000,0.015142970773523223
16100,0.015236889625246719
16200,0.015330799520593463
16300,0.015424700460417329
16400,0.015518592445572521
16500,0.015612475476912913
16600,0.015706349555292376
16700,0.015800214681564673
16800,0.015894070856583564
16900,0.01598791808120259
17000,0.0160817563562754
17100,0.016175585682655313
17200,0.016269406061195757
17300,0.01636321749275005
17400,0.016457019978171394
17500,0.01655081351831289
17600,0.01664459811402763
17700,0.01673837376616849
17800,0.016832140475588453
17900,0.01692589824314039
18000,0.017019647069676735
18100,0.01711338695605047
18200,0.01720711790311391
18300,0.017300839911719712
18400,0.01739455298272008
18500,0.017488257116967554
18600,0.01758195231531423
18700,0.017675638578612207
18800,0.01776931590771369
18900,0.017862984303470553
19000,0.017956643766734892
19100,0.01805029429835836
19200,0.01814393589919272
19300,0.018237568570089624
19400,0.018331192311900835
19500,0.01842480712547767
19600,0.018518413011671564
19700,0.018612009971334054
19800,0.018705598005316126
19900,0.0187991771144691
20000,0.018892747299644075
20100,0.018986308561692034
20200,0.019079860901463963
20300,0.019173404319810627
20400,0.0192669388175829
20500,0.019360464395631438
20600,0.01945398105480678
20700,0.019547488795959578
20800,0.019640987619940264
20900,0.019734477527599048
21000,0.01982795851978647
21100,0.01992143059735252
21200,0.0200148937611474
21300,0.020108348012021104
21400,0.020201793350823727
21500,0.020295229778405033
21600,0.020388657295614898
21700,0.020482075903302976
21800,0.02057548560231892
21900,0.020668886393512276
22000,0.020762278277732582
22100,0.02085566125582916
22200,0.020949035328651333
22300,0.02104240049704842
22400,0.021135756761869406
22500,0.021229104123963616
22600,0.021322442584179813
22700,0.021415772143366985
22800,0.021509092802373897
22900,0.021602404562049426
23000,0.021695707423242117
23100,0.02178900138680062
23200,0.021882286453573485
23300,0.02197556262440903
23400,0.022068829900155684
23500,0.022162088281661663
23600,0.022255337769775063
23700,0.022348578365344207
23800,0.02244181006921686
23900,0.022535032882241235
24000,0.022628246805264873
24100,0.022721451839135764
24200,0.022814647984701675
24300,0.022907835242809926
24400,0.023001013614308397
24500,0.023094183100044186
24600,0.02318734370086495
24700,0.023280495417617897
24800,0.02337363825115024
24900,0.023466772202308972
25000,0.02355989727194141
25100,0.023653013460894212
25200,0.02374612077001459
25300,0.023839219200149087
25400,0.02393230875214447
25500,0.02402538942684751
25600,0.024118461225104748
25700,0.02421152414776262
25800,0.024304578195667448
25900,0.024397623369665666
26000,0.0244906596706036
26100,0.024583687099327234
26200,0.024676705656682674
26300,0.024769715343515908
26400,0.024862716160673037
26500,0.02495570810899972
26600,0.02504869118934172
26700,0.02514166540254481
26800,0.025234630749454534
26900,0.025327587230916437
27000,0.025420534847775844
27100,0.02551347360087819
27200,0.025606403491068797
27300,0.02569932451919288
27400,0.025792236686095427
27500,0.02588513999262143
27600,0.025978034439615993
27700,0.026070920027923994
27800,0.02616379675839009
27900,0.02625666463185916
28000,0.026349523649175643
28100,0.026442373811184194
28200,0.02653521511872925
28300,0.026628047572655245
28400,0.026720871173806393
28500,0.02681368592302702
28600,0.026906491821161227
28700,0.026999288869053117
28800,0.027092077067546683
28900,0.027184856417485692
29000,0.027277626919714137
29100,0.027370388575075677
29200,0.02746314138441397
29300,0.027555885348572673
29400,0.027648620468395224
29500,0.02774134674472495
29600,0.027834064178405393
29700,0.027926772770279662
29800,0.02801947252119108
29900,0.02811216343198264
30000,0.028204845503497333
30100,0.028297518736578153
30200,0.02839018313206798
30300,0.028482838690809587
30400,0.02857548541364552
30500,0.028668123301418658
30600,0.02876075235497144
30700,0.028853372575146197
30800,0.02894598396278547
30900,0.02903858651873137
31000,0.029131180243826327
31100,0.02922376513891245
31200,0.02931634120483162
31300,0.02940890844242594
31400,0.029501466852537295
31500,0.029594016436007453
31600,0.029686557193678187
31700,0.029779089126391156
31800,0.02987161223498791
31900,0.029964126520309997
32000,0.030056631983198745
32100,0.03014912862449548
32200,0.03024161644504164
32300,0.03033409544567811
32400,0.030426565627246216
32500,0.03051902699058695
32600,0.030611479536541086
32700,0.030703923265949618
32800,0.030796358179653316
32900,0.03088878427849273
33000,0.030981201563308636
33100,0.03107361003494158
33200,0.031166009694231778
33300,0.03125840054201978
33400,0.03135078257914592
33500,0.031443155806450296
33600,0.03153552022477313
33700,0.03162787583495441
33800,0.03172022263783414
33900,0.031812560634252085
34000,0.031904889825048244
34100,0.03199721021106228
34200,0.032089521793133735
34300,0.03218182457210239
34400,0.03227411854880757
34500,0.03236640372408872
34600,0.032458680098785164
34700,0.03255094767373623
34800,0.032643206449780915
34900,0.03273545642775855
35000,0.0328276976085079
35100,0.03291992999286808
35200,0.03301215358167786
35300,0.033104368375775906
35400,0.0331965743760011
35500,0.03328877158319199
35600,0.03338095999818713
35700,0.033473139621824854
35800,0.0335653104549436
35900,0.03365747249838169
36000,0.03374962575297724
36100,0.03384177021956847
36200,0.03393390589899348
36300,0.034026032792090044
36400,0.034118150899696276
36500,0.034210260222649835
36600,0.0343023607617885
36700,0.034394452517949925
36800,0.03448653549197167
36900,0.034578609684691175
37000,0.03467067509694599
37100,0.03476273172957334
37200,0.034854779583410433
37300,0.0349468186592945
37400,0.03503884895806275
37500,0.03513087048055197
37600,0.035222883227599255
37700,0.03531488720004139
37800,0.035406882398715256
37900,0.0354988688244573
38000,0.0355908464781044
38100,0.03568281536049289
38200,0.03577477547245933
38300,0.035866726814840044
38400,0.035958669388471476
38500,0.03605060319418962
38600,0.036142528232830706
38700,0.03623444450523072
38800,0.03632635201222578
38900,0.03641825075465177
39000,0.036510140733344354
39100,0.03660202194913931
39200,0.03669389440287241
39300,0.036785758095379095
39400,0.03687761302749504
39500,0.036969459200055454
39600,0.03706129661389579
39700,0.03715312526985126
39800,0.03724494516875709
39900,0.03733675631144828
40000,0.03742855869875994
40100,0.03752035233152706
40200,0.03761213721058432
40300,0.0377039133367667
40400,0.037795680710908774
40500,0.037887439333845085
40600,0.03797918920641041
40700,0.03807093032943909
40800,0.03816266270376545
40900,0.03825438633022382
41000,0.03834610120964843
41100,0.03843780734287339
41200,0.03852950473073291
41300,0.03862119337406089
41400,0.038712873273691106
41500,0.038804544430457555
41600,0.038896206845193904
41700,0.03898786051873382
41800,0.03907950545191097
41900,0.03917114164555868
42000,0.03926276910051063
42100,0.03935438781759992
42200,0.03944599779765989
42300,0.039537599041523874
42400,0.03962919155002487
42500,0.03972077532399587
42600,0.03981235036426978
42700,0.039903916671679696
42800,0.03999547424705818
42900,0.04008702309123802
43000,0.040178563205051865
43100,0.040270094589332395
43200,0.04036161724491183
43300,0.040453131172622725
43400,0.040544636373297305
43500,0.0406361328477679
43600,0.04072762059686663
43700,0.0408190996214256
43800,0.04091056992227671
43900,0.041002031500251945
44000,0.04109348435618321
44100,0.04118492849090205
44200,0.041276363905240476
44300,0.04136779060002982
44400,0.041459208576101636
44500,0.041550617834287484
44600,0.0416420183754187
44700,0.04173341020032639
44800,0.04182479330984201
44900,0.04191616770479656
45000,0.042007533386021145
45100,0.04209889035434655
45200,0.04219023861060389
45300,0.042281578155623945
45400,0.04237290899023727
45500,0.04246423111527475
45600,0.042555544531566736
45700,0.042646849239943885
45800,0.042738145241236425
45900,0.042829432536274914
46000,0.042920711125889466
46100,0.043011981010910194
46200,0.043103242192167435
46300,0.04319449467049097
46400,0.0432857384467108
46500,0.043376973521656925
46600,0.04346819989615891
46700,0.04355941757104653
46800,0.04365062654714946
46900,0.04374182682529715
47000,0.043833018406319146
47100,0.043924201291044906
47200,0.04401537548030354
47300,0.04410654097492439
47400,0.044197697775736566
47500,0.04428884588356907
47600,0.044379985299251135
47700,0.04447111602361142
47800,0.04456223805747883
47900,0.04465335140168203
48000,0.04474445605704991
48100,0.04483555202441092
48200,0.04492663930459362
48300,0.045017717898426346
48400,0.04510878780673755
48500,0.045199849030355455
48600,0.04529090157010829
48700,0.045381945426824166
48800,0.0454729806013312
48900,0.04556400709445718
49000,0.04565502490703022
49100,0.04574603403987787
49200,0.04583703449382803
49300,0.045928026269708266
49400,0.04601900936834624
49500,0.0461099837905693
49600,0.04620094953720488
49700,0.046291906609080447
49800,0.046382855007023105
49900,0.046473794731860085
50000,0.04656472578441839
50100,0.046655648165525254
50200,0.04674656187600734
50300,0.04683746691669177
50400,0.046928363288405106
50500,0.047019250991974126
50600,0.047110130028225505
50700,0.04720100039798569
50800,0.04729186210208114
50900,0.047382715141338405
51000,0.0474735595165835
51100,0.047564395228642975
51200,0.047655222278342735
51300,0.047746040666509004
51400,0.04783685039396757
51500,0.04792765146154454
51600,0.04801844387006571
51700,0.048109227620356854
51800,0.04820000271324354
51900,0.04829076914955133
52000,0.04838152693010589
52100,0.04847227605573268
52200,0.04856301652725681
52300,0.048653748345503844
52400,0.048744471511298904
52500,0.04883518602546699
52600,0.04892589188883323
52700,0.04901658910222262
52800,0.04910727766645995
52900,0.04919795758237022
53000,0.049288628850777894
53100,0.04937929147250786
53200,0.04946994544838457
53300,0.04956059077923258
53400,0.049651227465876246
53500,0.0497418555091399
53600,0.04983247490984788
53700,0.04992308566882431
53800,0.05001368778689319
53900,0.05010428126487876
54000,0.050194866103604796
54100,0.05028544230389531
54200,0.05037600986657387
54300,0.05046656879246436
54400,0.050557119082390356
54500,0.050647660737175415
54600,0.05073819375764299
54700,0.050828718144616536
54800,0.05091923389891928
54900,0.051009741021374566
55000,0.0511002395128054
55100,0.051190729374035016
55200,0.05128121060588631
55300,0.051371683209182284
55400,0.05146214718474573
55500,0.05155260253339944
55600,0.05164304925596597
55700,0.051733487353268215
55800,0.05182391682612841
55900,0.05191433767536924
56000,0.05200474990181292
56100,0.0520951535062818
56200,0.05218554848959811
56300,0.05227593485258386
56400,0.05236631259606139
56500,0.05245668172085238
56600,0.05254704222777895
56700,0.05263739411766288
56800,0.052727737391325746
56900,0.05281807204958944
57000,0.05290839809327552
57100,0.05299871552320534
57200,0.053089024340200464
57300,0.05317932454508223
57400,0.05326961613867187
57500,0.05335989912179062
57600,0.0534501734952596
57700,0.05354043925989982
57800,0.053630696416532286
57900,0.05372094496597779
58000,0.05381118490905734
58100,0.053901416246591394
58200,0.05399163897940085
58300,0.054081853108306155
58400,0.05417205863412777
58500,0.054262255557686156
58600,0.05435244387980176
58700,0.05444262360129459
58800,0.05453279472298511
58900,0.054622957245693216
59000,0.054713111170239026
59100,0.05480325649744244
59200,0.054893393228123255
59300,0.05498352136310147
59400,0.05507364090319666
59500,0.055163751849228504
59600,0.05525385420201645
59700,0.05534394796238007
59800,0.055434033131138816
59900,0.055524109709111924
60000,0.05561417769711863
60100,0.05570423709597805
60200,0.05579428790650942
60300,0.055884330129531645
60400,0.05597436376586362
60500,0.05606438881632436
60600,0.056154405281732545
60700,0.05624441316290674
60800,0.05633441246066573
60900,0.056424403175828086
61000,0.056514385309212156
61100,0.056604358861636284
61200,0.056694323833918925
61300,0.0567842802268782
61400,0.05687422804133224
61500,0.056964167278099276
61600,0.057054097937997095
61700,0.05714402002184382
61800,0.05723393353045714
61900,0.05732383846465483
62000,0.05741373482525458
62100,0.05750362261307396
62200,0.05759350182893064
62300,0.05768337247364186
62400,0.05777323454802519
62500,0.05786308805289775
62600,0.05795293298907689
62700,0.05804276935737973
62800,0.05813259715862329
62900,0.058222416393624465
63000,0.05831222706320027
63100,0.0584020291681675
63200,0.058491822709342944
63300,0.05858160768754317
63400,0.058671384103584856
63500,0.05876115195828446
63600,0.05885091125245845
63700,0.05894066198692316
63800,0.05903040416249483
63900,0.05912013777998981
64000,0.059209862840224114
64100,0.05929957934401375
64200,0.05938928729217474
64300,0.05947898668552298
64400,0.05956867752487427
64500,0.05965835981104439
64600,0.05974803354484892
64700,0.05983769872710343
64800,0.05992735535862348
64900,0.06001700344022454
65000,0.060106642972721835
65100,0.060196273956930724
65200,0.06028589639366633
65300,0.06037551028374377
65400,0.06046511562797807
65500,0.060554712427184354
65600,0.06064430068217719
65700,0.0607338803937717
65800,0.06082345156278246
65900,0.06091301419002404
66000,0.06100256827631112
66100,0.06109211382245816
66200,0.06118165082927951
66300,0.06127117929758963
66400,0.06136069922820275
66500,0.06145021062193301
66600,0.061539713479594416
66700,0.06162920780200121
66800,0.061718693589967066
66900,0.06180817084430612
67000,0.06189763956583205
67100,0.06198709975535854
67200,0.06207655141369928
67300,0.062165994541667824
67400,0.062255429140077645
67500,0.06234485520974209
67600,0.06243427275147451
67700,0.06252368176608825
67800,0.06261308225439632
67900,0.06270247421721198
68000,0.06279185765534812
68100,0.06288123256961775
68200,0.06297059896083379
68300,0.0630599568298088
68400,0.0631493061773557
68500,0.06323864700428705
68600,0.06332797931141532
68700,0.06341730309955307
68800,0.06350661836951277
68900,0.06359592512210654
69000,0.06368522335814686
69100,0.06377451307844573
69200,0.06386379428381517
69300,0.06395306697506742
69400,0.06404233115301416
69500,0.06413158681846742
69600,0.06422083397223899
69700,0.06431007261514043
69800,0.06439930274798344
69900,0.06448852437157959
70000,0.06457773748674034
70100,0.06466694209427692
70200,0.06475613819500092
70300,0.06484532578972335
70400,0.06493450487925545
70500,0.06502367546440835
70600,0.06511283754599295
70700,0.06520199112482028
70800,0.06529113620170102
70900,0.06538027277744618
71000,0.06546940085286623
71100,0.06555852042877197
71200,0.06564763150597375
71300,0.06573673408528224
71400,0.0658258281675076
71500,0.06591491375346037
71600,0.06600399084395059
71700,0.06609305943978849
71800,0.0661821195417841
71900,0.06627117115074754
72000,0.06636021426748862
72100,0.06644924889281723
72200,0.06653827502754306
72300,0.06662729267247591
72400,0.06671630182842525
72500,0.06680530249620076
72600,0.0668942946766119
72700,0.06698327837046791
72800,0.06707225357857816
72900,0.06716122030175198
73000,0.0672501785407984
73100,0.06733912829652644
73200,0.06742806956974523
73300,0.06751700236126357
73400,0.06760592667189036
73500,0.0676948425024344
73600,0.06778374985370439
73700,0.06787264872650878
73800,0.06796153912165626
73900,0.06805042103995518
74000,0.06813929448221401
74100,0.0682281594492411
74200,0.06831701594184447
74300,0.06840586396083237
74400,0.06849470350701281
74500,0.06858353458119393
74600,0.06867235718418363
74700,0.0687611713167896
74800,0.06884997697981965
74900,0.06893877417408156
75000,0.06902756290038281
75100,0.06911634315953097
75200,0.06920511495233361
75300,0.06929387827959788
75400,0.06938263314213133
75500,0.06947137954074101
75600,0.06956011747623414
75700,0.06964884694941764
75800,0.06973756796109876
75900,0.06982628051208417
76000,0.06991498460318091
76100,0.07000368023519554
76200,0.07009236740893487
76300,0.07018104612520548
76400,0.07026971638481394
76500,0.0703583781885666
76600,0.07044703153726994
76700,0.0705356764317302
76800,0.07062431287275361
76900,0.07071294086114632
77000,0.07080156039771435
77100,0.07089017148326382
77200,0.07097877411860054
77300,0.07106736830453031
77400,0.07115595404185893
77500,0.07124453133139219
77600,0.07133310017393557
77700,0.07142166057029464
77800,0.07151021252127487
77900,0.07159875602768162
78000,0.07168729109032013
78100,0.07177581770999575
78200,0.07186433588751351
78300,0.07195284562367854
78400,0.07204134691929576
78500,0.07212983977517018
78600,0.07221832419210661
78700,0.07230680017090985
78800,0.07239526771238447
78900,0.07248372681733517
79000,0.07257217748656641
79100,0.07266061972088278
79200,0.07274905352108851
79300,0.07283747888798797
79400,0.07292589582238529
79500,0.07301430432508482
79600,0.07310270439689048
79700,0.0731910960386063
79800,0.07327947925103617
79900,0.07336785403498403
80000,0.07345622039125355
80100,0.07354457832064842
80200,0.07363292782397224
80300,0.07372126890202857
80400,0.073809601555621
80500,0.07389792578555265
80600,0.07398624159262701
80700,0.07407454897764731
80800,0.07416284794141659
80900,0.07425113848473808
81000,0.07433942060841459
81100,0.07442769431324914
81200,0.07451595960004465
81300,0.07460421646960369
81400,0.07469246492272918
81500,0.0747807049602236
81600,0.07486893658288951
81700,0.07495715979152939
81800,0.0750453745869456
81900,0.0751335809699405
82000,0.07522177894131632
82100,0.07530996850187521
82200,0.07539814965241909
82300,0.0754863223937502
82400,0.07557448672667033
82500,0.07566264265198142
82600,0.07575079017048525
82700,0.0758389292829833
82800,0.07592705999027749
82900,0.07601518229316917
83000,0.07610329619245981
83100,0.076191401688951
83200,0.07627949878344376
83300,0.07636758747673966
83400,0.07645566776963952
83500,0.0765437396629447
83600,0.07663180315745599
83700,0.07671985825397454
83800,0.07680790495330114
83900,0.07689594325623639
84000,0.0769839731635813
84100,0.07707199467613624
84200,0.07716000779470189
84300,0.07724801252007862
84400,0.07733600885306702
84500,0.07742399679446721
84600,0.07751197634507956
84700,0.0775999475057042
84800,0.07768791027714117
84900,0.0777758646601906
85000,0.0778638106556524
85100,0.07795174826432638
85200,0.07803967748701235
85300,0.07812759832451
85400,0.07821551077761901
85500,0.07830341484713899
85600,0.07839131053386938
85700,0.07847919783860946
85800,0.07856707676215868
85900,0.07865494730531641
86000,0.07874280946888157
86100,0.07883066325365351
86200,0.07891850866043104
86300,0.07900634569001319
86400,0.07909417434319899
86500,0.07918199462078701
86600,0.07926980652357607
86700,0.07935761005236486
86800,0.07944540520795185
86900,0.07953319199113551
87000,0.07962097040271443
87100,0.07970874044348686
87200,0.07979650211425104
87300,0.07988425541580513
87400,0.07997200034894736
87500,0.08005973691447565
87600,0.08014746511318804
87700,0.08023518494588233
87800,0.08032289641335633
87900,0.08041059951640783
88000,0.08049829425583455
88100,0.08058598063243394
88200,0.0806736586470036
88300,0.08076132830034088
88400,0.08084898959324316
88500,0.08093664252650767
88600,0.08102428710093179
88700,0.08111192331731243
88800,0.08119955117644673
88900,0.0812871706791316
89000,0.08137478182616409
89100,0.08146238461834088
89200,0.08154997905645878
89300,0.08163756514131437
89400,0.08172514287370425
89500,0.0818127122544251
89600,0.08190027328427318
89700,0.08198782596404497
89800,0.0820753702945366
89900,0.08216290627654455
90000,0.08225043391086462
90100,0.08233795319829318
90200,0.08242546413962604
90300,0.08251296673565911
90400,0.08260046098718832
90500,0.08268794689500925
90600,0.08277542445991781
90700,0.0828628936827095
90800,0.08295035456417976
90900,0.0830378071051242
91000,0.08312525130633808
91100,0.08321268716861674
91200,0.08330011469275533
91300,0.08338753387954911
91400,0.08347494472979322
91500,0.08356234724428246
91600,0.08364974142381187
91700,0.08373712726917626
91800,0.08382450478117043
91900,0.08391187396058908
92000,0.0839992348082268
92100,0.08408658732487817
92200,0.08417393151133756
92300,0.08426126736839945
92400,0.0843485948968582
92500,0.08443591409750795
92600,0.08452322497114284
92700,0.08461052751855702
92800,0.08469782174054452
92900,0.08478510763789937
93000,0.08487238521141516
93100,0.08495965446188591
93200,0.08504691539010523
93300,0.0851341679968668
93400,0.0852214122829642
93500,0.08530864824919082
93600,0.08539587589634012
93700,0.08548309522520547
93800,0.08557030623658002
93900,0.08565750893125712
94000,0.0857447033100297
94100,0.0858318893736908
94200,0.08591906712303354
94300,0.08600623655885065
94400,0.08609339768193491
94500,0.08618055049307916
94600,0.08626769499307607
94700,0.08635483118271803
94800,0.08644195906279772
94900,0.08652907863410753
95000,0.08661618989743969
95100,0.08670329285358658
95200,0.08679038750334045
95300,0.08687747384749334
95400,0.08696455188683727
95500,0.08705162162216418
95600,0.08713868305426609
95700,0.08722573618393481
95800,0.08731278101196205
95900,0.08739981753913939
96000,0.08748684576625854
96100,0.08757386569411096
96200,0.08766087732348815
96300,0.08774788065518146
96400,0.08783487568998205
96500,0.08792186242868139
96600,0.08800884087207039
96700,0.0880958110209401
96800,0.08818277287608178
96900,0.08826972643828612
97000,0.08835667170834394
97100,0.08844360868704615
97200,0.08853053737518335
97300,0.08861745777354624
97400,0.08870436988292518
97500,0.08879127370411077
97600,0.08887816923789338
97700,0.08896505648506325
97800,0.08905193544641066
97900,0.08913880612272584
98000,0.08922566851479885
98100,0.0893125226234196
98200,0.08939936844937812
98300,0.08948620599346424
98400,0.08957303525646765
98500,0.08965985623917827
98600,0.08974666894238548
98700,0.08983347336687908
98800,0.08992026951344845
98900,0.09000705738288295
99000,0.09009383697597195
99100,0.09018060829350472
99200,0.09026737133627039
99300,0.09035412610505811
99400,0.09044087260065692
99500,0.09052761082385585
99600,0.09061434077544361
99700,0.09070106245620901
99800,0.09078777586694098
99900,0.09087448100842799
100000,0.09096117788145874
100100,0.09104786648682162
100200,0.09113454682530508
100300,0.09122121889769763
100400,0.09130788270478729
100500,0.09139453824736254
100600,0.0914811855262112
100700,0.09156782454212165
100800,0.09165445529588157
100900,0.09174107778827911
101000,0.09182769202010199
101100,0.0919142979921379
101200,0.09200089570517456
101300,0.09208748515999965
101400,0.09217406635740066
101500,0.09226063929816497
101600,0.09234720398308005
101700,0.09243376041293316
101800,0.09252030858851146
101900,0.09260684851060219
102000,0.09269338017999251
102100,0.09277990359746924
102200,0.09286641876381929
102300,0.09295292567982971
102400,0.0930394243462872
102500,0.09312591476397836
102600,0.09321239693368999
102700,0.09329887085620847
102800,0.0933853365323204
102900,0.09347179396281202
103000,0.09355824314846983
103100,0.09364468409008009
103200,0.09373111678842883
103300,0.0938175412443022
103400,0.09390395745848634
103500,0.09399036543176709
103600,0.09407676516493024
103700,0.09416315665876185
103800,0.09424953991404739
103900,0.09433591493157267
104000,0.09442228171212319
104100,0.09450864025648453
104200,0.09459499056544207
104300,0.09468133263978118
104400,0.094767666480287
104500,0.09485399208774503
104600,0.09494030946294008
104700,0.0950266186066574
104800,0.09511291951968182
104900,0.09519921220279837
105000,0.09528549665679187
105100,0.09537177288244703
105200,0.09545804088054854
105300,0.09554430065188102
105400,0.09563055219722905
105500,0.09571679551737688
105600,0.09580303061310913
105700,0.09588925748520993
105800,0.09597547613446367
105900,0.09606168656165437
106000,0.09614788876756608
106100,0.09623408275298295
106200,0.0963202685186888
106300,0.09640644606546755
106400,0.09649261539410303
106500,0.09657877650537883
106600,0.09666492940007854
106700,0.09675107407898587
106800,0.0968372105428843
106900,0.0969233387925571
107000,0.09700945882878764
107100,0.0970955706523593
107200,0.0971816742640551
107300,0.09726776966465822
107400,0.09735385685495179
107500,0.09743993583571853
107600,0.09752600660774158
107700,0.09761206917180365
107800,0.09769812352868745
107900,0.09778416967917558
108000,0.09787020762405074
108100,0.09795623736409542
108200,0.0980422589000921
108300,0.09812827223282305
108400,0.09821427736307053
108500,0.09830027429161692
108600,0.09838626301924414
108700,0.09847224354673445
108800,0.09855821587486968
108900,0.09864418000443187
109000,0.09873013593620283
109100,0.09881608367096428
109200,0.09890202320949792
109300,0.09898795455258536
109400,0.09907387770100817
109500,0.09915979265554786
109600,0.09924569941698569
109700,0.09933159798610314
109800,0.09941748836368136
109900,0.09950337055050151
110000,0.09958924454734475
110100,0.09967511035499199
110200,0.09976096797422429
110300,0.09984681740582246
110400,0.09993265865056733
110500,0.1000184917092396
110600,0.10010431658261987
110700,0.10019013327148885
110800,0.10027594177662691
110900,0.10036174209881454
111000,0.10044753423883213
111100,0.10053331819745981
111200,0.10061909397547786
111300,0.10070486157366643
111400,0.10079062099280556
111500,0.1008763722336753
111600,0.10096211529705534
111700,0.10104785018372575
111800,0.10113357689446612
111900,0.10121929543005626
112000,0.10130500579127566
112100,0.10139070797890393
112200,0.10147640199372043
112300,0.10156208783650467
112400,0.10164776550803589
112500,0.10173343500909338
112600,0.10181909634045616
112700,0.10190474950290351
112800,0.10199039449721425
112900,0.10207603132416754
113000,0.10216165998454196
113100,0.10224728047911658
113200,0.10233289280866997
113300,0.10241849697398075
113400,0.10250409297582752
113500,0.10258968081498876
113600,0.10267526049224296
113700,0.10276083200836839
113800,0.1028463953641433
113900,0.10293195056034599
114000,0.10301749759775447
114100,0.1031030364771468
114200,0.10318856719930103
114300,0.10327408976499497
114400,0.10335960417500645
114500,0.10344511043011329
114600,0.1035306085310932
114700,0.10361609847872366
114800,0.10370158027378218
114900,0.10378705391704635
115000,0.10387251940929354
115100,0.10395797675130092
115200,0.10404342594384575
115300,0.10412886698770529
115400,0.10421429988365649
115500,0.1042997246324765
115600,0.10438514123494225
115700,0.10447054969183045
115800,0.10455595000391793
115900,0.10464134217198151
116000,0.10472672619679779
116100,0.10481210207914327
116200,0.10489746981979453
116300,0.10498282941952786
116400,0.10506818087911973
116500,0.10515352419934632
116600,0.10523885938098387
116700,0.10532418642480845
116800,0.1054095053315961
116900,0.10549481610212297
117000,0.10558011873716477
117100,0.10566541323749734
117200,0.10575069960389649
117300,0.10583597783713783
117400,0.10592124793799695
117500,0.10600650990724958
117600,0.10609176374567098
117700,0.10617700945403652
117800,0.10626224703312159
117900,0.10634747648370135
118000,0.10643269780655107
118100,0.10651791100244568
118200,0.10660311607216033
118300,0.10668831301646986
118400,0.1067735018361492
118500,0.10685868253197317
118600,0.10694385510471638
118700,0.10702901955515343
118800,0.10711417588405903
118900,0.10719932409220767
119000,0.10728446418037363
119100,0.10736959614933139
119200,0.10745471999985523
119300,0.10753983573271919
119400,0.10762494334869754
119500,0.10771004284856434
119600,0.10779513423309339
119700,0.10788021750305876
119800,0.10796529265923427
119900,0.10805035970239363
120000,0.10813541863331044
120100,0.10822046945275843
120200,0.10830551216151119
120300,0.10839054676034199
120400,0.10847557325002433
120500,0.10856059163133147
120600,0.1086456019050368
120700,0.10873060407191326
120800,0.10881559813273411
120900,0.1089005840882723
121000,0.10898556193930076
121100,0.10907053168659231
121200,0.1091554933309199
121300,0.10924044687305623
121400,0.1093253923137738
121500,0.10941032965384523
121600,0.1094952588940431
121700,0.10958018003513981
121800,0.10966509307790773
121900,0.10974999802311913
122000,0.10983489487154618
122100,0.10991978362396093
122200,0.11000466428113564
122300,0.11008953684384226
122400,0.11017440131285261
122500,0.11025925768893852
122600,0.11034410597287181
122700,0.11042894616542409
122800,0.11051377826736708
122900,0.11059860227947238
123000,0.11068341820251126
123100,0.11076822603725534
123200,0.11085302578447576
123300,0.1109378174449438
123400,0.11102260101943073
123500,0.11110737650870761
123600,0.11119214391354537
123700,0.11127690323471517
123800,0.11136165447298774
123900,0.11144639762913389
124000,0.11153113270392445
124100,0.11161585969812993
124200,0.11170057861252103
124300,0.11178528944786836
124400,0.11186999220494209
124500,0.11195468688451293
124600,0.11203937348735082
124700,0.11212405201422626
124800,0.11220872246590918
124900,0.11229338484316986
125000,0.11237803914677813
125100,0.11246268537750403
125200,0.1125473235361174
125300,0.11263195362338796
125400,0.11271657564008541
125500,0.11280118958697949
125600,0.11288579546483968
125700,0.11297039327443548
125800,0.11305498301653627
125900,0.11313956469191144
126000,0.11322413830133027
126100,0.11330870384556191
126200,0.11339326132537553
126300,0.11347781074154006
126400,0.11356235209482457
126500,0.11364688538599799
126600,0.11373141061582903
126700,0.11381592778508653
126800,0.11390043689453921
126900,0.11398493794495557
127000,0.1140694309371042
127100,0.11415391587175361
127200,0.11423839274967207
127300,0.11432286157162797
127400,0.11440732233838957
127500,0.11449177505072494
127600,0.11457621970940224
127700,0.11466065631518951
127800,0.1147450848688546
127900,0.11482950537116554
128000,0.11491391782288995
128100,0.11499832222479578
128200,0.11508271857765051
128300,0.11516710688222176
128400,0.11525148713927702
128500,0.11533585934958379
128600,0.11542022351390935
128700,0.11550457963302108
128800,0.11558892770768614
128900,0.11567326773867159
129000,0.11575759972674471
129100,0.11584192367267232
129200,0.11592623957722137
129300,0.1160105474411588
129400,0.11609484726525132
129500,0.11617913905026556
129600,0.11626342279696833
129700,0.11634769850612592
129800,0.11643196617850515
129900,0.11651622581487209
130000,0.11660047741599333
130100,0.11668472098263505
130200,0.11676895651556352
130300,0.11685318401554468
130400,0.11693740348334469
130500,0.11702161491972951
130600,0.11710581832546507
130700,0.1171900137013171
130800,0.11727420104805142
130900,0.11735838036643376
131000,0.11744255165722961
131100,0.11752671492120459
131200,0.11761087015912408
131300,0.11769501737175359
131400,0.11777915655985838
131500,0.11786328772420374
131600,0.11794741086555471
131700,0.11803152598467637
131800,0.11811563308233397
131900,0.11819973215929225
132000,0.11828382321631614
132100,0.1183679062541706
132200,0.11845198127362011
132300,0.1185360482754294
132400,0.1186201072603632
132500,0.1187041582291859
132600,0.11878820118266198
132700,0.11887223612155573
132800,0.11895626304663154
132900,0.11904028195865357
133000,0.119124292858386
133100,0.11920829574659286
133200,0.11929229062403823
133300,0.11937627749148605
133400,0.11946025634970003
133500,0.11954422719944413
133600,0.11962819004148195
133700,0.11971214487657722
133800,0.11979609170549332
133900,0.11988003052899399
134000,0.11996396134784248
134100,0.12004788416280221
134200,0.12013179897463633
134300,0.12021570578410823
134400,0.12029960459198097
134500,0.12038349539901749
134600,0.12046737820598097
134700,0.12055125301363423
134800,0.12063511982274
134900,0.12071897863406122
135000,0.1208028294483604
135100,0.12088667226640037
135200,0.12097050708894352
135300,0.12105433391675247
135400,0.12113815275058937
135500,0.12122196359121684
135600,0.12130576643939694
135700,0.12138956129589185
135800,0.12147334816146382
135900,0.12155712703687482
136000,0.12164089792288679
136100,0.12172466082026168
136200,0.1218084157297612
136300,0.1218921626521472
136400,0.12197590158818128
136500,0.12205963253862517
136600,0.12214335550424027
136700,0.12222707048578807
136800,0.12231077748402996
136900,0.12239447649972723
137000,0.12247816753364116
137100,0.1225618505865329
137200,0.12264552565916353
137300,0.12272919275229421
137400,0.12281285186668556
137500,0.12289650300309884
137600,0.12298014616229458
137700,0.1230637813450336
137800,0.12314740855207662
137900,0.12323102778418404
138000,0.12331463904211659
138100,0.12339824232663466
138200,0.12348183763849852
138300,0.12356542497846856
138400,0.12364900434730486
138500,0.12373257574576779
138600,0.12381613917461731
138700,0.12389969463461337
138800,0.12398324212651601
138900,0.12406678165108509
139000,0.12415031320908032
139100,0.12423383680126143
139200,0.12431735242838804
139300,0.12440086009121987
139400,0.1244843597905162
139500,0.12456785152703664
139600,0.12465133530154049
139700,0.12473481111478701
139800,0.12481827896753539
139900,0.12490173886054479
140000,0.12498519079457426
140100,0.12506863477038277
140200,0.12515207078872936
140300,0.12523549885037266
140400,0.12531891895607172
140500,0.12540233110658505
140600,0.12548573530267138
140700,0.12556913154508909
140800,0.1256525198345969
140900,0.12573590017195302
141000,0.12581927255791592
141100,0.1259026369932439
141200,0.125985993478695
141300,0.1260693420150275
141400,0.12615268260299928
141500,0.12623601524336847
141600,0.12631933993689304
141700,0.1264026566843306
141800,0.12648596548643898
141900,0.12656926634397603
142000,0.12665255925769914
142100,0.12673584422836603
142200,0.1268191212567341
142300,0.12690239034356077
142400,0.1269856514896034
142500,0.12706890469561916
142600,0.12715214996236524
142700,0.1272353872905989
142800,0.12731861668107702
142900,0.12740183813455652
143000,0.12748505165179458
143100,0.1275682572335477
143200,0.12765145488057283
143300,0.1277346445936266
143400,0.1278178263734655
143500,0.12790100022084627
143600,0.1279841661365253
143700,0.12806732412125887
143800,0.12815047417580339
143900,0.12823361630091512
144000,0.12831675049735025
144100,0.12839987676586484
144200,0.12848299510721484
144300,0.1285661055221563
144400,0.1286492080114452
144500,0.12873230257583712
144600,0.12881538921608804
144700,0.12889846793295345
144800,0.12898153872718898
144900,0.12906460159955035
145000,0.12914765655079274
145100,0.12923070358167166
145200,0.12931374269294238
145300,0.1293967738853602
145400,0.12947979715968028
145500,0.12956281251665758
145600,0.12964581995704727
145700,0.1297288194816043
145800,0.12981181109108342
145900,0.12989479478623955
146000,0.12997777056782744
146100,0.1300607384366016
146200,0.13014369839331685
146300,0.1302266504387275
146400,0.13030959457358804
146500,0.13039253079865287
146600,0.13047545911467628
146700,0.13055837952241256
146800,0.13064129202261576
146900,0.13072419661604007
147000,0.13080709330343943
147100,0.1308899820855679
147200,0.13097286296317912
147300,0.13105573593702713
147400,0.13113860100786556
147500,0.13122145817644804
147600,0.13130430744352817
147700,0.13138714880985936
147800,0.13146998227619522
147900,0.13155280784328915
148000,0.13163562551189423
148100,0.13171843528276383
148200,0.13180123715665104
148300,0.1318840311343089
148400,0.13196681721649062
148500,0.1320495954039489
148600,0.1321323656974368
148700,0.13221512809770697
148800,0.13229788260551212
148900,0.13238062922160498
149000,0.13246336794673808
149100,0.132546098781664
149200,0.13262882172713508
149300,0.1327115367839038
149400,0.1327942439527222
149500,0.13287694323434285
149600,0.13295963462951765
149700,0.1330423181389987
149800,0.13312499376353804
149900,0.13320766150388763
150000,0.13329032136079932
150100,0.13337297333502485
150200,0.13345561742731593
150300,0.1335382536384243
150400,0.1336208819691015
150500,0.13370350242009887
150600,0.13378611499216808
150700,0.1338687196860604
150800,0.133951316502527
150900,0.1340339054423193
151000,0.13411648650618824
151100,0.1341990596948851
151200,0.13428162500916063
151300,0.134364182449766
151400,0.13444673201745194
151500,0.1345292737129692
151600,0.13461180753706858
151700,0.13469433349050064
151800,0.1347768515740161
151900,0.13485936178836522
152000,0.13494186413429865
152100,0.13502435861256668
152200,0.13510684522391958
152300,0.13518932396910743
152400,0.13527179484888063
152500,0.13535425786398902
152600,0.13543671301518279
152700,0.13551916030321165
152800,0.13560159972882568
152900,0.1356840312927745
153000,0.13576645499580786
153100,0.13584887083867536
153200,0.13593127882212674
153300,0.1360136789469113
153400,0.13609607121377865
153500,0.13617845562347797
153600,0.13626083217675855
153700,0.1363432008743698
153800,0.13642556171706066
153900,0.1365079147055802
154000,0.13659025984067752
154100,0.13667259712310154
154200,0.136754926553601
154300,0.13683724813292486
154400,0.13691956186182164
154500,0.13700186774104017
154600,0.13708416577132887
154700,0.13716645595343624
154800,0.1372487382881108
154900,0.13733101277610082
155000,0.13741327941815473
155100,0.13749553821502047
155200,0.13757778916744645
155300,0.13766003227618062
155400,0.13774226754197094
155500,0.13782449496556537
155600,0.13790671454771186
155700,0.13798892628915804
155800,0.13807113019065176
155900,0.13815332625294052
156000,0.13823551447677207
156100,0.1383176948628937
156200,0.1383998674120529
156300,0.1384820321249972
156400,0.1385641890024737
156500,0.13864633804522963
156600,0.1387284792540121
156700,0.1388106126295684
156800,0.13889273817264525
156900,0.13897485588398972
157000,0.13905696576434878
157100,0.13913906781446894
157200,0.13922116203509705
157300,0.13930324842697983
157400,0.1393853269908638
157500,0.1394673977274954
157600,0.1395494606376212
157700,0.1396315157219873
157800,0.1397135629813403
157900,0.1397956024164262
158000,0.13987763402799114
158100,0.13995965781678144
158200,0.14004167378354282
158300,0.14012368192902125
158400,0.1402056822539628
158500,0.14028767475911308
158600,0.14036965944521784
158700,0.1404516363130227
158800,0.1405336053632733
158900,0.14061556659671515
159000,0.14069752001409352
159100,0.14077946561615406
159200,0.14086140340364184
159300,0.14094333337730214
159400,0.14102525553788015
159500,0.14110716988612093
159600,0.14118907642276934
159700,0.14127097514857057
159800,0.14135286606426933
159900,0.1414347491706105
160000,0.14151662446833868
160100,0.14159849195819862
160200,0.14168035164093484
160300,0.14176220351729185
160400,0.14184404758801417
160500,0.1419258838538462
160600,0.142007712315532
160700,0.1420895329738161
160800,0.14217134582944246
160900,0.14225315088315515
161000,0.14233494813569836
161100,0.1424167375878158
161200,0.14249851924025148
161300,0.1425802930937493
161400,0.14266205914905272
161500,0.14274381740690567
161600,0.14282556786805156
161700,0.1429073105332339
161800,0.14298904540319635
161900,0.14307077247868205
162000,0.14315249176043443
162100,0.14323420324919656
162200,0.14331590694571184
162300,0.14339760285072323
162400,0.1434792909649738
162500,0.14356097128920642
162600,0.14364264382416403
162700,0.14372430857058938
162800,0.1438059655292253
162900,0.14388761470081435
163000,0.14396925608609923
163100,0.14405088968582236
163200,0.14413251550072637
163300,0.14421413353155343
163400,0.14429574377904597
163500,0.14437734624394627
163600,0.1444589409269963
163700,0.14454052782893845
163800,0.14462210695051447
163900,0.14470367829246655
164000,0.14478524185553643
164100,0.14486679764046595
164200,0.14494834564799697
164300,0.145029885878871
164400,0.14511141833382968
164500,0.14519294301361463
164600,0.14527445991896726
164700,0.14535596905062897
164800,0.14543747040934107
164900,0.14551896399584485
165000,0.1456004498108815
165100,0.14568192785519207
165200,0.14576339812951755
165300,0.145844860634599
165400,0.1459263153711774
165500,0.14600776233999335
165600,0.14608920154178773
165700,0.14617063297730126
165800,0.1462520566472746
165900,0.1463334725524481
166000,0.14641488069356245
166100,0.14649628107135793
166200,0.14657767368657493
166300,0.14665905853995354
166400,0.14674043563223427
166500,0.14682180496415698
166600,0.14690316653646174
166700,0.14698452034988874
166800,0.1470658664051776
166900,0.1471472047030684
167000,0.14722853524430068
167100,0.14730985802961438
167200,0.14739117305974903
167300,0.14747248033544413
167400,0.14755377985743923
167500,0.1476350716264737
167600,0.1477163556432869
167700,0.14779763190861805
167800,0.1478789004232065
167900,0.14796016118779132
168000,0.14804141420311157
168100,0.1481226594699061
168200,0.14820389698891412
168300,0.14828512676087413
168400,0.14836634878652522
168500,0.148447563066606
168600,0.14852876960185502
168700,0.148609968393011
168800,0.14869115944081235
168900,0.1487723427459975
169000,0.1488535183093047
169100,0.14893468613147243
169200,0.14901584621323893
169300,0.1490969985553422
169400,0.1491781431585203
169500,0.1492592800235113
169600,0.1493404091510533
169700,0.14942153054188378
169800,0.14950264419674097
169900,0.14958375011636227
170000,0.14966484830148552
170100,0.14974593875284814
170200,0.14982702147118776
170300,0.1499080964572419
170400,0.14998916371174775
170500,0.15007022323544272
170600,0.1501512750290641
170700,0.1502323190933489
170800,0.15031335542903423
170900,0.15039438403685723
171000,0.15047540491755484
171100,0.15055641807186382
171200,0.15063742350052112
171300,0.15071842120426338
171400,0.15079941118382734
171500,0.15088039343994952
171600,0.15096136797336657
171700,0.15104233478481477
171800,0.15112329387503065
171900,0.1512042452447505
172000,0.15128518889471054
172100,0.15136612482564704
172200,0.15144705303829598
172300,0.15152797353339353
172400,0.15160888631167557
172500,0.15168979137387795
172600,0.15177068872073662
172700,0.15185157835298724
172800,0.15193246027136553
172900,0.15201333447660714
173000,0.1520942009694476
173100,0.1521750597506224
173200,0.15225591082086698
173300,0.15233675418091652
173400,0.15241758983150644
173500,0.15249841777337192
173600,0.15257923800724793
173700,0.15266005053386977
173800,0.1527408553539723
173900,0.15282165246829038
174000,0.15290244187755897
174100,0.15298322358251282
174200,0.15306399758388656
174300,0.15314476388241494
174400,0.15322552247883237
174500,0.15330627337387348
174600,0.1533870165682727
174700,0.1534677520627643
174800,0.15354847985808262
174900,0.15362919995496194
175000,0.15370991235413622
175100,0.15379061705633967
175200,0.15387131406230625
175300,0.15395200337277004
175400,0.15403268498846467
175500,0.154113358910124
175600,0.1541940251384819
175700,0.15427468367427188
175800,0.15435533451822758
175900,0.15443597767108252
176000,0.15451661313357024
176100,0.1545972409064239
176200,0.15467786099037695
176300,0.15475847338616255
176400,0.15483907809451392
176500,0.15491967511616422
176600,0.15500026445184634
176700,0.15508084610229322
176800,0.15516142006823797
176900,0.1552419863504132
177000,0.15532254494955178
177100,0.15540309586638623
177200,0.1554836391016493
177300,0.15556417465607353
177400,0.1556447025303913
177500,0.15572522272533496
177600,0.1558057352416371
177700,0.1558862400800296
177800,0.155966737241245
177900,0.15604722672601523
178000,0.1561277085350724
178100,0.15620818266914838
178200,0.15628864912897522
178300,0.1563691079152847
178400,0.15644955902880864
178500,0.1565300024702786
178600,0.1566104382404263
178700,0.1566908663399833
178800,0.15677128676968122
178900,0.15685169953025124
179000,0.1569321046224248
179100,0.1570125020469333
179200,0.1570928918045077
179300,0.15717327389587943
179400,0.15725364832177935
179500,0.15733401508293854
179600,0.15741437418008797
179700,0.1574947256139585
179800,0.15757506938528076
179900,0.15765540549478563
180000,0.15773573394320384
180100,0.1578160547312657
180200,0.15789636785970207
180300,0.15797667332924303
180400,0.15805697114061923
180500,0.15813726129456096
180600,0.1582175437917982
180700,0.15829781863306147
180800,0.15837808581908053
180900,0.15845834535058567
181000,0.15853859722830677
181100,0.15861884145297356
181200,0.15869907802531613
181300,0.158779306946064
181400,0.15885952821594695
181500,0.1589397418356946
181600,0.15901994780603634
181700,0.15910014612770196
181800,0.15918033680142052
181900,0.15926051982792155
182000,0.15934069520793415
182100,0.1594208629421877
182200,0.15950102303141134
182300,0.15958117547633388
182400,0.15966132027768443
182500,0.15974145743619206
182600,0.1598215869525853
182700,0.15990170882759325
182800,0.1599818230619443
182900,0.16006192965636734
183000,0.16014202861159088
183100,0.16022211992834334
183200,0.16030220360735314
183300,0.1603822796493487
183400,0.16046234805505832
183500,0.1605424088252102
183600,0.16062246196053243
183700,0.16070250746175319
183800,0.16078254532960035
183900,0.160862575564802
184000,0.16094259816808598
184100,0.16102261314018007
184200,0.1611026204818119
184300,0.16118262019370933
184400,0.16126261227659977
184500,0.16134259673121087
184600,0.16142257355827005
184700,0.16150254275850462
184800,0.16158250433264199
184900,0.16166245828140946
185000,0.16174240460553402
185100,0.16182234330574297
185200,0.16190227438276328
185300,0.16198219783732182
185400,0.16206211367014556
185500,0.16214202188196147
185600,0.1622219224734961
185700,0.16230181544547617
185800,0.16238170079862846
185900,0.16246157853367937
186000,0.16254144865135556
186100,0.1626213111523832
186200,0.16270116603748885
186300,0.16278101330739858
186400,0.1628608529628388
186500,0.16294068500453562
186600,0.1630205094332149
186700,0.1631003262496029
186800,0.16318013545442545
186900,0.16325993704840835
187000,0.1633397310322775
187100,0.16341951740675853
187200,0.1634992961725772
187300,0.1635790673304589
187400,0.1636588308811293
187500,0.16373858682531395
187600,0.163818335163738
187700,0.1638980758971268
187800,0.16397780902620573
187900,0.1640575345516999
188000,0.1641372524743343
188100,0.164216962794834
188200,0.16429666551392408
188300,0.1643763606323294
188400,0.16445604815077464
188500,0.16453572806998473
188600,0.16461540039068423
188700,0.16469506511359777
188800,0.16477472223945
188900,0.16485437176896534
189000,0.1649340137028682
189100,0.1650136480418829
189200,0.16509327478673363
189300,0.16517289393814472
189400,0.16525250549684034
189500,0.16533210946354437
189600,0.16541170583898102
189700,0.16549129462387402
189800,0.16557087581894736
189900,0.1656504494249248
190000,0.16573001544253008
190100,0.16580957387248674
190200,0.16588912471551842
190300,0.16596866797234866
190400,0.16604820364370088
190500,0.1661277317302985
190600,0.1662072522328647
190700,0.16628676515212282
190800,0.16636627048879604
190900,0.16644576824360735
191000,0.16652525841727994
191100,0.16660474101053668
191200,0.16668421602410044
191300,0.16676368345869397
191400,0.16684314331504024
191500,0.1669225955938618
191600,0.16700204029588117
191700,0.1670814774218211
191800,0.16716090697240393
191900,0.16724032894835217
192000,0.16731974335038802
192100,0.1673991501792338
192200,0.1674785494356118
192300,0.16755794112024402
192400,0.16763732523385266
192500,0.16771670177715958
192600,0.16779607075088687
192700,0.1678754321557563
192800,0.16795478599248947
192900,0.1680341322618084
193000,0.16811347096443463
193100,0.16819280210108978
193200,0.16827212567249528
193300,0.16835144167937255
193400,0.16843075012244302
193500,0.1685100510024281
193600,0.1685893443200489
193700,0.16866863007602662
193800,0.16874790827108233
193900,0.16882717890593701
194000,0.16890644198131188
194100,0.16898569749792758
194200,0.16906494545650497
194300,0.16914418585776492
194400,0.16922341870242796
194500,0.16930264399121486
194600,0.16938186172484615
194700,0.16946107190404214
194800,0.16954027452952347
194900,0.16961946960201035
195000,0.1696986571222232
195100,0.169777837090882
195200,0.16985700950870708
195300,0.1699361743764184
195400,0.17001533169473593
195500,0.17009448146437978
195600,0.1701736236860697
195700,0.17025275836052545
195800,0.17033188548846678
195900,0.17041100507061335
196000,0.1704901171076849
196100,0.17056922160040067
196200,0.17064831854948037
196300,0.17072740795564312
196400,0.17080648981960844
196500,0.17088556414209555
196600,0.17096463092382364
196700,0.17104369016551169
196800,0.1711227418678789
196900,0.17120178603164415
197000,0.1712808226575263
197100,0.17135985174624435
197200,0.17143887329851693
197300,0.17151788731506268
197400,0.17159689379660037
197500,0.17167589274384853
197600,0.1717548841575256
197700,0.1718338680383501
197800,0.17191284438704024
197900,0.17199181320431445
198000,0.1720707744908908
198100,0.17214972824748764
198200,0.17222867447482282
198300,0.17230761317361454
198400,0.17238654434458067
198500,0.17246546798843898
198600,0.17254438410590744
198700,0.17262329269770382
198800,0.17270219376454565
198900,0.17278108730715058
199000,0.17285997332623615
199100,0.17293885182251978
199200,0.1730177227967189
199300,0.17309658624955082
199400,0.17317544218173297
199500,0.17325429059398223
199600,0.173333131487016
199700,0.1734119648615512
199800,0.17349079071830487
199900,0.1735696090579938
200000,0.17364841988133506
200100,0.1737272231890452
200200,0.17380601898184111
200300,0.1738848072604393
200400,0.17396358802555645
200500,0.17404236127790906
200600,0.17412112701821347
200700,0.17419988524718621
200800,0.17427863596554338
200900,0.1743573791740014
201000,0.17443611487327637
201100,0.17451484306408427
201200,0.1745935637471414
201300,0.17467227692316345
201400,0.17475098259286648
201500,0.17482968075696614
201600,0.17490837141617843
201700,0.17498705457121888
201800,0.17506573022280314
201900,0.17514439837164675
202000,0.17522305901846513
202100,0.17530171216397394
202200,0.17538035780888828
202300,0.17545899595392345
202400,0.17553762659979477
202500,0.17561624974721735
202600,0.17569486539690615
202700,0.1757734735495763
202800,0.17585207420594273
202900,0.17593066736672036
203000,0.17600925303262382
203100,0.176087831204368
203200,0.1761664018826674
203300,0.17624496506823684
203400,0.1763235207617907
203500,0.17640206896404342
203600,0.17648060967570955
203700,0.17655914289750319
203800,0.17663766863013874
203900,0.17671618687433044
204000,0.17679469763079225
204100,0.1768732009002384
204200,0.17695169668338273
204300,0.17703018498093914
204400,0.1771086657936216
204500,0.1771871391221438
204600,0.17726560496721955
204700,0.17734406332956232
204800,0.17742251420988586
204900,0.1775009576089036
205000,0.177579393527329
205100,0.17765782196587543
205200,0.17773624292525614
205300,0.17781465640618443
205400,0.17789306240937341
205500,0.17797146093553629
205600,0.17804985198538592
205700,0.17812823555963542
205800,0.17820661165899765
205900,0.1782849802841855
206000,0.17836334143591148
206100,0.1784416951148885
206200,0.1785200413218292
206300,0.178598380057446
206400,0.17867671132245155
206500,0.17875503511755808
206600,0.17883335144347812
206700,0.17891166030092376
206800,0.17898996169060744
206900,0.17906825561324113
207000,0.17914654206953695
207100,0.17922482106020698
207200,0.1793030925859631
207300,0.1793813566475172
207400,0.17945961324558113
207500,0.17953786238086655
207600,0.17961610405408523
207700,0.1796943382659486
207800,0.17977256501716843
207900,0.17985078430845602
208000,0.17992899614052293
208100,0.18000720051408026
208200,0.18008539742983953
208300,0.18016358688851175
208400,0.18024176889080812
208500,0.18031994343743962
208600,0.18039811052911736
208700,0.18047627016655232
208800,0.18055442235045516
208900,0.18063256708153685
209000,0.18071070436050796
209100,0.18078883418807923
209200,0.18086695656496132
209300,0.18094507149186456
209400,0.1810231789694996
209500,0.18110127899857664
209600,0.18117937157980624
209700,0.18125745671389837
209800,0.18133553440156336
209900,0.1814136046435113
210000,0.1814916674404523
210100,0.18156972279309624
210200,0.1816477707021531
210300,0.18172581116833264
210400,0.18180384419234463
210500,0.18188186977489895
210600,0.18195988791670503
210700,0.18203789861847264
210800,0.1821159018809111
210900,0.18219389770472993
211000,0.1822718860906385
211100,0.18234986703934608
211200,0.18242784055156192
211300,0.1825058066279952
211400,0.18258376526935505
211500,0.18266171647635032
211600,0.18273966024969024
211700,0.18281759659008356
211800,0.18289552549823906
211900,0.18297344697486562
212000,0.18305136102067188
212100,0.1831292676363665
212200,0.18320716682265792
212300,0.18328505858025468
212400,0.18336294290986532
212500,0.18344081981219806
212600,0.18351868928796122
212700,0.18359655133786312
212800,0.18367440596261175
212900,0.1837522531629152
213000,0.18383009293948172
213100,0.18390792529301891
213200,0.1839857502242349
213300,0.18406356773383747
213400,0.18414137782253437
213500,0.18421918049103314
213600,0.18429697574004156
213700,0.18437476357026716
213800,0.18445254398241728
213900,0.18453031697719946
214000,0.18460808255532102
214100,0.18468584071748917
214200,0.18476359146441124
214300,0.1848413347967942
214400,0.1849190707153452
214500,0.1849967992207714
214600,0.18507452031377947
214700,0.1851522339950764
214800,0.185229940265369
214900,0.18530763912536408
215000,0.18538533057576811
215100,0.18546301461728798
215200,0.18554069125062989
215300,0.1856183604765006
215400,0.18569602229560622
215500,0.1857736767086534
215600,0.18585132371634816
215700,0.1859289633193968
215800,0.1860065955185054
215900,0.1860842203143801
216000,0.18616183770772676
216100,0.18623944769925138
216200,0.18631705028965995
216300,0.186394645479658
216400,0.18647223326995155
216500,0.186549813661246
216600,0.18662738665424705
216700,0.18670495224966022
216800,0.18678251044819094
216900,0.18686006125054466
217000,0.1869376046574266
217100,0.18701514066954217
217200,0.18709266928759638
217300,0.18717019051229444
217400,0.18724770434434146
217500,0.1873252107844423
217600,0.18740270983330198
217700,0.18748020149162525
217800,0.187557685760117
217900,0.18763516263948188
218000,0.18771263213042444
218100,0.18779009423364956
218200,0.18786754894986146
218300,0.1879449962797647
218400,0.18802243622406367
218500,0.18809986878346263
218600,0.188177293958666
218700,0.18825471175037767
218800,0.18833212215930195
218900,0.18840952518614296
219000,0.18848692083160445
219100,0.18856430909639044
219200,0.18864168998120467
219300,0.18871906348675116
219400,0.18879642961373344
219500,0.18887378836285518
219600,0.18895113973481992
219700,0.18902848373033132
219800,0.1891058203500926
219900,0.1891831495948072
220000,0.18926047146517855
220100,0.18933778596190987
220200,0.18941509308570414
220300,0.1894923928372646
220400,0.18956968521729434
220500,0.18964697022649624
220600,0.1897242478655733
220700,0.18980151813522816
220800,0.18987878103616385
220900,0.1899560365690829
221000,0.19003328473468795
221100,0.19011052553368168
221200,0.19018775896676643
221300,0.19026498503464473
221400,0.19034220373801902
221500,0.19041941507759153
221600,0.19049661905406434
221700,0.1905738156681399
221800,0.19065100492052012
221900,0.19072818681190717
222000,0.19080536134300286
222100,0.19088252851450915
222200,0.19095968832712784
222300,0.1910368407815608
222400,0.1911139858785097
222500,0.19119112361867607
222600,0.19126825400276148
222700,0.1913453770314676
222800,0.19142249270549572
222900,0.1914996010255473
223000,0.19157670199232346
223100,0.19165379560652562
223200,0.19173088186885479
223300,0.19180796078001217
223400,0.19188503234069876
223500,0.19196209655161556
223600,0.19203915341346334
223700,0.1921162029269431
223800,0.19219324509275537
223900,0.19227027991160117
224000,0.19234730738418082
224100,0.1924243275111951
224200,0.19250134029334443
224300,0.19257834573132915
224400,0.1926553438258497
224500,0.1927323345776064
224600,0.1928093179872994
224700,0.19288629405562896
224800,0.19296326278329512
224900,0.19304022417099787
225000,0.1931171782194373
225100,0.1931941249293131
225200,0.19327106430132523
225300,0.1933479963361735
225400,0.19342492103455744
225500,0.19350183839717683
225600,0.1935787484247311
225700,0.19365565111791994
225800,0.19373254647744254
225900,0.19380943450399846
226000,0.1938863151982868
226100,0.19396318856100692
226200,0.194040054592858
226300,0.19411691329453906
226400,0.1941937646667491
226500,0.1942706087101872
226600,0.19434744542555216
226700,0.19442427481354274
226800,0.19450109687485784
226900,0.1945779116101961
227000,0.19465471902025622
227100,0.1947315191057366
227200,0.19480831186733594
227300,0.19488509730575243
227400,0.19496187542168464
227500,0.19503864621583067
227600,0.19511540968888896
227700,0.1951921658415574
227800,0.19526891467453433
227900,0.19534565618851774
228000,0.1954223903842055
228100,0.19549911726229552
228200,0.19557583682348567
228300,0.19565254906847374
228400,0.19572925399795738
228500,0.19580595161263414
228600,0.1958826419132017
228700,0.1959593249003575
228800,0.19603600057479897
228900,0.19611266893722346
229000,0.19618932998832828
229100,0.19626598372881077
229200,0.19634263015936793
229300,0.19641926928069686
229400,0.19649590109349468
229500,0.1965725255984584
229600,0.19664914279628476
229700,0.19672575268767067
229800,0.1968023552733128
229900,0.19687895055390803
230000,0.1969555385301529
230100,0.197032119202744
230200,0.19710869257237773
230300,0.19718525863975056
230400,0.19726181740555893
230500,0.19733836887049916
230600,0.19741491303526737
230700,0.19749144990055967
230800,0.19756797946707239
230900,0.1976445017355014
231000,0.19772101670654263
231100,0.19779752438089215
231200,0.19787402475924565
231300,0.1979505178422989
231400,0.19802700363074766
231500,0.1981034821252876
231600,0.1981799533266142
231700,0.19825641723542298
231800,0.19833287385240939
231900,0.19840932317826887
232000,0.19848576521369654
232100,0.19856219995938784
232200,0.19863862741603788
232300,0.19871504758434166
232400,0.1987914604649943
232500,0.19886786605869078
232600,0.198944264366126
232700,0.19902065538799485
232800,0.199097039124992
232900,0.1991734155778122
233000,0.19924978474715005
233100,0.1993261466337003
233200,0.19940250123815717
233300,0.19947884856121534
233400,0.19955518860356902
233500,0.19963152136591267
233600,0.1997078468489405
233700,0.19978416505334662
233800,0.19986047597982515
233900,0.1999367796290702
234000,0.20001307600177565
234100,0.2000893650986355
234200,0.20016564692034355
234300,0.20024192146759356
234400,0.20031818874107932
234500,0.20039444874149448
234600,0.2004707014695325
234700,0.20054694692588704
234800,0.20062318511125143
234900,0.20069941602631902
235000,0.20077563967178336
235100,0.20085185604833744
235200,0.2009280651566746
235300,0.20100426699748797
235400,0.20108046157147041
235500,0.20115664887931517
235600,0.201232828921715
235700,0.20130900169936272
235800,0.2013851672129513
235900,0.2014613254631733
236000,0.2015374764507215
236100,0.20161362017628837
236200,0.20168975664056643
236300,0.20176588584424826
236400,0.2018420077880262
236500,0.20191812247259255
236600,0.20199422989863947
236700,0.20207033006685937
236800,0.20214642297794427
236900,0.20222250863258628
237000,0.2022985870314773
237100,0.2023746581753092
237200,0.2024507220647741
237300,0.20252677870056357
237400,0.2026028280833695
237500,0.20267887021388342
237600,0.20275490509279703
237700,0.20283093272080177
237800,0.2029069530985892
237900,0.20298296622685064
238000,0.20305897210627744
238100,0.20313497073756093
238200,0.20321096212139234
238300,0.20328694625846266
238400,0.20336292314946314
238500,0.20343889279508465
238600,0.2035148551960182
238700,0.20359081035295457
238800,0.20366675826658476
238900,0.20374269893759933
239000,0.20381863236668907
239100,0.20389455855454441
239200,0.20397047750185615
239300,0.20404638920931462
239400,0.20412229367761026
239500,0.2041981909074334
239600,0.2042740808994744
239700,0.20434996365442337
239800,0.20442583917297052
239900,0.20450170745580598
240000,0.20457756850361963
240100,0.20465342231710149
240200,0.20472926889694154
240300,0.20480510824382947
240400,0.20488094035845505
240500,0.20495676524150808
240600,0.2050325828936781
240700,0.20510839331565467
240800,0.20518419650812725
240900,0.2052599924717854
241000,0.20533578120731832
241100,0.20541156271541539
241200,0.2054873369967658
241300,0.2055631040520588
241400,0.20563886388198338
241500,0.20571461648722866
241600,0.20579036186848354
241700,0.2058661000264369
241800,0.20594183096177765
241900,0.20601755467519456
242000,0.2060932711673763
242100,0.20616898043901155
242200,0.20624468249078876
242300,0.2063203773233966
242400,0.20639606493752338
242500,0.20647174533385748
242600,0.20654741851308733
242700,0.20662308447590116
242800,0.20669874322298698
242900,0.206774394755033
243000,0.20685003907272737
243100,0.20692567617675794
243200,0.20700130606781275
243300,0.20707692874657946
243400,0.20715254421374607
243500,0.20722815247000004
243600,0.20730375351602937
243700,0.20737934735252128
243800,0.20745493398016357
243900,0.20753051339964357
244000,0.20760608561164873
244100,0.20768165061686628
244200,0.20775720841598355
244300,0.20783275900968778
244400,0.20790830239866598
244500,0.20798383858360536
244600,0.20805936756519283
244700,0.20813488934411528
244800,0.2082104039210596
244900,0.2082859112967127
245000,0.20836141147176124
245100,0.20843690444689178
245200,0.20851239022279122
245300,0.2085878688001458
245400,0.20866334017964205
245500,0.20873880436196657
245600,0.20881426134780545
245700,0.20888971113784516
245800,0.2089651537327718
245900,0.20904058913327161
246000,0.2091160173400305
246100,0.20919143835373477
246200,0.20926685217507013
246300,0.20934225880472246
246400,0.20941765824337777
246500,0.20949305049172173
246600,0.2095684355504399
246700,0.2096438134202181
246800,0.20971918410174173
246900,0.20979454759569638
247000,0.20986990390276739
247100,0.2099452530236403
247200,0.21002059495900016
247300,0.2100959297095324
247400,0.21017125727592212
247500,0.21024657765885446
247600,0.21032189085901432
247700,0.2103971968770868
247800,0.2104724957137567
247900,0.21054778736970903
248000,0.21062307184562845
248100,0.21069834914219965
248200,0.2107736192601073
248300,0.21084888220003595
248400,0.21092413796267018
248500,0.21099938654869443
248600,0.21107462795879295
248700,0.21114986219365028
248800,0.21122508925395045
248900,0.2113003091403779
249000,0.2113755218536164
249100,0.21145072739435034
249200,0.21152592576326357
249300,0.21160111696104
249400,0.21167630098836354
249500,0.21175147784591797
249600,0.21182664753438696
249700,0.2119018100544543
249800,0.21197696540680344
249900,0.21205211359211806
250000,0.2121272546110815
250100,0.21220238846437733
250200,0.21227751515268867
250300,0.21235263467669896
250400,0.21242774703709133
250500,0.212502852234549
250600,0.2125779502697549
250700,0.21265304114339223
250800,0.21272812485614379
250900,0.21280320140869258
251000,0.2128782708017214
251100,0.2129533330359128
251200,0.2130283881119498
251300,0.21310343603051474
251400,0.2131784767922904
251500,0.21325351039795903
251600,0.2133285368482033
251700,0.21340355614370543
251800,0.21347856828514777
251900,0.21355357327321245
252000,0.2136285711085818
252100,0.21370356179193783
252200,0.21377854532396257
252300,0.213853521705338
252400,0.21392849093674615
252500,0.21400345301886858
252600,0.2140784079523873
252700,0.214153355737984
252800,0.21422829637634022
252900,0.21430322986813766
253000,0.21437815621405776
253100,0.2144530754147821
253200,0.21452798747099178
253300,0.21460289238336838
253400,0.21467779015259314
253500,0.21475268077934717
253600,0.2148275642643116
253700,0.21490244060816743
253800,0.2149773098115958
253900,0.2150521718752776
254000,0.2151270267998937
254100,0.21520187458612483
254200,0.21527671523465186
254300,0.21535154874615525
254400,0.2154263751213158
254500,0.21550119436081405
254600,0.21557600646533037
254700,0.2156508114355452
254800,0.2157256092721389
254900,0.2158003999757918
255000,0.21587518354718405
255100,0.21594995998699584
255200,0.21602472929590721
255300,0.21609949147459828
255400,0.21617424652374895
255500,0.2162489944440391
255600,0.21632373523614856
255700,0.2163984689007572
255800,0.2164731954385446
255900,0.21654791485019032
256000,0.21662262713637415
256100,0.21669733229777544
256200,0.21677203033507364
256300,0.2168467212489481
256400,0.21692140504007829
256500,0.2169960817091433
256600,0.2170707512568224
256700,0.2171454136837947
256800,0.2172200689907391
256900,0.21729471717833482
257000,0.21736935824726056
257100,0.21744399219819543
257200,0.2175186190318179
257300,0.21759323874880698
257400,0.21766785134984123
257500,0.21774245683559923
257600,0.21781705520675954
257700,0.2178916464640006
257800,0.2179662306080009
257900,0.21804080763943867
258000,0.21811537755899224
258100,0.21818994036733974
258200,0.2182644960651594
258300,0.21833904465312937
258400,0.21841358613192752
258500,0.21848812050223188
258600,0.21856264776472023
258700,0.2186371679200706
258800,0.21871168096896054
258900,0.21878618691206786
259000,0.21886068575007023
259100,0.2189351774836451
259200,0.21900966211346995
259300,0.21908413964022233
259400,0.2191586100645796
259500,0.21923307338721898
259600,0.21930752960881772
259700,0.21938197873005305
259800,0.219456420751602
259900,0.21953085567414177
260000,0.21960528349834918
260100,0.21967970422490124
260200,0.21975411785447485
260300,0.21982852438774658
260400,0.21990292382539345
260500,0.2199773161680919
260600,0.22005170141651864
260700,0.2201260795713501
260800,0.22020045063326288
260900,0.2202748146029332
261000,0.2203491714810375
261100,0.22042352126825215
261200,0.22049786396525328
261300,0.2205721995727169
261400,0.22064652809131924
261500,0.22072084952173632
261600,0.22079516386464404
261700,0.2208694711207183
261800,0.22094377129063492
261900,0.22101806437506966
262000,0.2210923503746981
262100,0.22116662929019615
262200,0.22124090112223904
262300,0.22131516587150246
262400,0.22138942353866187
262500,0.2214636741243926
262600,0.22153791762936992
262700,0.22161215405426904
262800,0.2216863833997652
262900,0.22176060566653344
263000,0.22183482085524897
263100,0.2219090289665866
263200,0.22198323000122133
263300,0.22205742395982808
263400,0.22213161084308153
263500,0.22220579065165635
263600,0.22227996338622735
263700,0.2223541290474691
263800,0.22242828763605604
263900,0.22250243915266277
264000,0.22257658359796362
264100,0.22265072097263294
264200,0.22272485127734498
264300,0.22279897451277397
264400,0.22287309067959415
264500,0.22294719977847943
264600,0.22302130181010393
264700,0.22309539677514156
264800,0.22316948467426634
264900,0.22324356550815194
265000,0.22331763927747217
265100,0.2233917059829007
265200,0.22346576562511133
265300,0.22353981820477742
265400,0.22361386372257253
265500,0.22368790217917012
265600,0.22376193357524365
265700,0.22383595791146627
265800,0.2239099751885114
265900,0.223983985407052
266000,0.2240579885677615
266100,0.22413198467131268
266200,0.22420597371837858
266300,0.22427995570963233
266400,0.2243539306457465
266500,0.2244278985273941
266600,0.2245018593552478
266700,0.22457581312998032
266800,0.2246497598522641
266900,0.22472369952277182
267000,0.22479763214217596
267100,0.22487155771114886
267200,0.22494547623036298
267300,0.22501938770049057
267400,0.22509329212220375
267500,0.22516718949617476
267600,0.22524107982307573
267700,0.22531496310357868
267800,0.2253888393383554
267900,0.22546270852807804
268000,0.22553657067341826
268100,0.22561042577504797
268200,0.22568427383363876
268300,0.2257581148498623
268400,0.22583194882439028
268500,0.22590577575789406
268600,0.2259795956510452
268700,0.22605340850451505
268800,0.22612721431897498
268900,0.2262010130950961
269000,0.22627480483354978
269100,0.22634858953500714
269200,0.22642236720013909
269300,0.22649613782961675
269400,0.22656990142411115
269500,0.22664365798429298
269600,0.22671740751083314
269700,0.22679115000440242
269800,0.2268648854656714
269900,0.2269386138953109
270000,0.22701233529399123
270100,0.227086049662383
270200,0.22715975700115665
270300,0.22723345731098255
270400,0.22730715059253093
270500,0.22738083684647215
270600,0.22745451607347622
270700,0.2275281882742134
270800,0.22760185344935369
270900,0.227675511599567
271000,0.22774916272552337
271100,0.22782280682789247
271200,0.22789644390734431
271300,0.2279700739645485
271400,0.22804369700017468
271500,0.22811731301489246
271600,0.22819092200937152
271700,0.2282645239842811
271800,0.22833811894029077
271900,0.22841170687806978
272000,0.22848528779828747
272100,0.228558861701613
272200,0.22863242858871557
272300,0.22870598846026424
272400,0.22877954131692801
272500,0.2288530871593759
272600,0.22892662598827684
272700,0.2290001578042995
272800,0.2290736826081129
272900,0.2291472004003855
273000,0.229220711181786
273100,0.22929421495298308
273200,0.2293677117146452
273300,0.22944120146744074
273400,0.22951468421203824
273500,0.22958815994910586
273600,0.22966162867931195
273700,0.22973509040332463
273800,0.22980854512181215
273900,0.22988199283544242
274000,0.22995543354488357
274100,0.23002886725080351
274200,0.23010229395387016
274300,0.2301757136547512
274400,0.23024912635411454
274500,0.23032253205262776
274600,0.23039593075095843
274700,0.23046932244977425
274800,0.23054270714974268
274900,0.23061608485153107
275000,0.2306894555558069
275100,0.23076281926323727
275200,0.2308361759744897
275300,0.23090952569023115
275400,0.2309828684111288
275500,0.23105620413784977
275600,0.23112953287106097
275700,0.2312028546114293
275800,0.2312761693596217
275900,0.23134947711630482
276000,0.2314227778821456
276100,0.2314960716578106
276200,0.2315693584439663
276300,0.2316426382412794
276400,0.23171591105041645
276500,0.2317891768720436
276600,0.2318624357068274
276700,0.23193568755543414
276800,0.23200893241852993
276900,0.2320821702967809
277000,0.23215540119085332
277100,0.23222862510141318
277200,0.2323018420291263
277300,0.2323750519746587
277400,0.23244825493867627
277500,0.23252145092184462
277600,0.23259463992482965
277700,0.23266782194829694
277800,0.23274099699291206
277900,0.2328141650593405
278000,0.2328873261482477
278100,0.23296048026029925
278200,0.2330336273961603
278300,0.23310676755649606
278400,0.23317990074197203
278500,0.233253026953253
278600,0.23332614619100434
278700,0.23339925845589093
278800,0.23347236374857772
278900,0.2335454620697296
279000,0.23361855342001137
279100,0.23369163780008784
279200,0.2337647152106238
279300,0.23383778565228375
279400,0.23391084912573223
279500,0.23398390563163396
279600,0.23405695517065317
279700,0.23412999774345433
279800,0.2342030333507017
279900,0.23427606199305961
280000,0.23434908367119223
280100,0.23442209838576367
280200,0.23449510613743807
280300,0.23456810692687935
280400,0.23464110075475142
280500,0.2347140876217183
280600,0.2347870675284437
280700,0.23486004047559128
280800,0.23493300646382487
280900,0.23500596549380803
281000,0.23507891756620447
281100,0.23515186268167743
281200,0.23522480084089048
281300,0.235297732044507
281400,0.2353706562931902
281500,0.23544357358760348
281600,0.23551648392840985
281700,0.23558938731627255
281800,0.2356622837518546
281900,0.23573517323581905
282000,0.23580805576882868
282100,0.23588093135154642
282200,0.23595379998463506
282300,0.2360266616687574
282400,0.23609951640457616
282500,0.23617236419275378
282600,0.23624520503395285
282700,0.23631803892883596
282800,0.23639086587806546
282900,0.2364636858823037
283000,0.23653649894221296
283100,0.23660930505845557
283200,0.23668210423169356
283300,0.23675489646258918
283400,0.23682768175180435
283500,0.2369004601000011
283600,0.23697323150784133
283700,0.23704599597598686
283800,0.2371187535050996
283900,0.23719150409584122
284000,0.23726424774887322
284100,0.23733698446485751
284200,0.23740971424445534
284300,0.2374824370883284
284400,0.23755515299713792
284500,0.2376278619715454
284600,0.23770056401221207
284700,0.23777325911979907
284800,0.23784594729496766
284900,0.23791862853837897
285000,0.23799130285069392
285100,0.23806397023257342
285200,0.2381366306846786
285300,0.23820928420767018
285400,0.23828193080220894
285500,0.23835457046895558
285600,0.23842720320857091
285700,0.2384998290217153
285800,0.2385724479090493
285900,0.23864505987123352
286000,0.2387176649089282
286100,0.23879026302279394
286200,0.23886285421349074
286300,0.23893543848167886
286400,0.23900801582801856
286500,0.23908058625316997
286600,0.2391531497577929
286700,0.23922570634254747
286800,0.23929825600809362
286900,0.23937079875509104
287000,0.23944333458419953
287100,0.2395158634960789
287200,0.23958838549138872
287300,0.2396609005707886
287400,0.2397334087349381
287500,0.23980590998449658
287600,0.23987840432012342
287700,0.23995089174247808
287800,0.2400233722522198
287900,0.24009584585000776
288000,0.24016831253650117
288100,0.24024077231235896
288200,0.24031322517824016
288300,0.2403856711348039
288400,0.2404581101827089
288500,0.24053054232261417
288600,0.2406029675551783
288700,0.24067538588106008
288800,0.2407477973009181
288900,0.24082020181541097
289000,0.24089259942519725
289100,0.24096499013093542
289200,0.24103737393328373
289300,0.24110975083290054
289400,0.2411821208304442
289500,0.24125448392657278
289600,0.2413268401219446
289700,0.2413991894172176
289800,0.2414715318130498
289900,0.24154386731009925
290000,0.24161619590902383
290100,0.24168851761048127
290200,0.24176083241512925
290300,0.24183314032362568
290400,0.24190544133662817
290500,0.24197773545479417
290600,0.24205002267878128
290700,0.24212230300924686
290800,0.2421945764468484
290900,0.24226684299224321
291000,0.2423391026460885
291100,0.24241135540904157
291200,0.2424836012817594
291300,0.24255584026489918
291400,0.24262807235911787
291500,0.2427002975650724
291600,0.24277251588341964
291700,0.24284472731481654
291800,0.2429169318599198
291900,0.242989129519386
292000,0.24306132029387195
292100,0.24313350418403412
292200,0.2432056811905291
292300,0.24327785131401325
292400,0.24335001455514294
292500,0.24342217091457452
292600,0.24349432039296426
292700,0.2435664629909684
292800,0.24363859870924298
292900,0.24371072754844425
293000,0.2437828495092279
293100,0.2438549645922502
293200,0.24392707279816694
293300,0.24399917412763383
293400,0.24407126858130668
293500,0.24414335615984117
293600,0.24421543686389313
293700,0.2442875106941178
293800,0.244359577651171
293900,0.24443163773570797
294000,0.2445036909483841
294100,0.24457573728985482
294200,0.24464777676077532
294300,0.24471980936180093
294400,0.24479183509358649
294500,0.24486385395678734
294600,0.2449358659520584
294700,0.24500787108005462
294800,0.24507986934143078
294900,0.24515186073684192
295000,0.24522384526694263
295100,0.2452958229323876
295200,0.24536779373383155
295300,0.24543975767192905
295400,0.24551171474733458
295500,0.2455836649607025
295600,0.2456556083126874
295700,0.24572754480394332
295800,0.24579947443512473
295900,0.2458713972068859
296000,0.2459433131198807
296100,0.24601522217476335
296200,0.24608712437218783
296300,0.24615901971280818
296400,0.24623090819727822
296500,0.24630278982625164
296600,0.2463746646003825
296700,0.24644653252032422
296800,0.24651839358673056
296900,0.24659024780025496
297000,0.24666209516155113
297100,0.24673393567127244
297200,0.24680576933007226
297300,0.24687759613860394
297400,0.24694941609752075
297500,0.24702122920747582
297600,0.2470930354691223
297700,0.24716483488311325
297800,0.24723662745010178
297900,0.24730841317074082
298000,0.24738019204568318
298100,0.2474519640755818
298200,0.24752372926108934
298300,0.24759548760285843
298400,0.24766723910154198
298500,0.24773898375779224
298600,0.24781072157226203
298700,0.24788245254560348
298800,0.2479541766784693
298900,0.24802589397151165
299000,0.24809760442538276
299100,0.248169308040735
299200,0.2482410048182203
299300,0.24831269475849094
299400,0.2483843778621987
299500,0.24845605412999583
299600,0.24852772356253394
299700,0.24859938616046506
299800,0.2486710419244409
299900,0.24874269085511314
300000,0.24881433295313338
300100,0.24888596821915332
300200,0.24895759665382433
300300,0.249029218257798
300400,0.2491008330317257
300500,0.2491724409762588
300600,0.24924404209204842
300700,0.24931563637974585
300800,0.24938722384000234
300900,0.2494588044734688
301000,0.24953037828079638
301100,0.24960194526263602
301200,0.2496735054196385
301300,0.24974505875245478
301400,0.24981660526173566
301500,0.24988814494813183
301600,0.2499596778122939
301700,0.25003120385487243
301800,0.25010272307651793
301900,0.250174235477881
302000,0.25024574105961195
302100,0.2503172398223611
302200,0.2503887317667788
302300,0.25046021689351516
302400,0.2505316952032204
302500,0.2506031666965447
302600,0.2506746313741379
302700,0.2507460892366501
302800,0.25081754028473124
302900,0.25088898451903097
303000,0.2509604219401993
303100,0.2510318525488858
303200,0.25110327634574026
303300,0.2511746933314122
303400,0.2512461035065511
303500,0.25131750687180643
303600,0.2513889034278277
303700,0.2514602931752642
303800,0.25153167611476523
303900,0.2516030522469801
304000,0.2516744215725577
304100,0.25174578409214743
304200,0.2518171398063983
304300,0.25188848871595904
304400,0.2519598308214789
304500,0.25203116612360643
304600,0.2521024946229905
304700,0.25217381632028
304800,0.25224513121612346
304900,0.25231643931116954
305000,0.2523877406060667
305100,0.2524590351014636
305200,0.25253032279800847
305300,0.25260160369634965
305400,0.25267287779713565
305500,0.2527441451010145
305600,0.2528154056086346
305700,0.2528866593206438
305800,0.2529579062376902
305900,0.25302914636042195
306000,0.25310037968948684
306100,0.2531716062255328
306200,0.25324282596920755
306300,0.253314038921159
306400,0.25338524508203464
306500,0.25345644445248217
306600,0.25352763703314907
306700,0.25359882282468305
306800,0.25367000182773125
306900,0.25374117404294116
307000,0.25381233947096027
307100,0.2538834981124355
307200,0.2539546499680143
307300,0.25402579503834366
307400,0.2540969333240707
307500,0.2541680648258423
307600,0.2542391895443056
307700,0.2543103074801073
307800,0.2543814186338943
307900,0.2544525230063134
308000,0.25452362059801115
308100,0.2545947114096343
308200,0.2546657954418293
308300,0.2547368726952428
308400,0.25480794317052113
308500,0.2548790068683108
308600,0.254950063789258
308700,0.25502111393400895
308800,0.25509215730321
308900,0.2551631938975073
309000,0.2552342237175468
309100,0.2553052467639745
309200,0.25537626303743644
309300,0.25544727253857846
309400,0.2555182752680465
309500,0.2555892712264861
309600,0.25566026041454315
309700,0.2557312428328633
309800,0.25580221848209206
309900,0.2558731873628749
310000,0.2559441494758574
310100,0.2560151048216849
310200,0.25608605340100277
310300,0.25615699521445623
310400,0.25622793026269053
310500,0.2562988585463507
310600,0.256369780066082
310700,0.2564406948225294
310800,0.2565116028163379
310900,0.2565825040481523
311000,0.25665339851861757
311100,0.2567242862283784
311200,0.2567951671780796
311300,0.25686604136836566
311400,0.2569369087998814
311500,0.2570077694732712
311600,0.25707862338917953
311700,0.2571494705482509
311800,0.2572203109511296
311900,0.2572911445984599
312000,0.25736197149088613
312100,0.2574327916290523
312200,0.2575036050136027
312300,0.25757441164518124
312400,0.257645211524432
312500,0.25771600465199873
312600,0.25778679102852553
312700,0.257857570654656
312800,0.257928343531034
312900,0.2579991096583031
313000,0.25806986903710705
313100,0.25814062166808927
313200,0.25821136755189333
313300,0.2582821066891626
313400,0.25835283908054063
313500,0.2584235647266705
313600,0.2584942836281955
313700,0.25856499578575887
313800,0.2586357012000038
313900,0.2587063998715732
314000,0.2587770918011101
314100,0.25884777698925754
314200,0.25891845543665837
314300,0.2589891271439554
314400,0.2590597921117913
314500,0.25913045034080895
314600,0.2592011018316508
314700,0.25927174658495944
314800,0.2593423846013775
314900,0.2594130158815473
315000,0.2594836404261114
315100,0.2595542582357119
315200,0.25962486931099127
315300,0.2596954736525915
315400,0.25976607126115503
315500,0.2598366621373236
315600,0.25990724628173956
315700,0.25997782369504463
315800,0.26004839437788074
315900,0.2601189583308898
316000,0.2601895155547136
316100,0.26026006604999385
316200,0.2603306098173721
316300,0.26040114685749005
316400,0.2604716771709893
316500,0.2605422007585111
316600,0.26061271762069693
316700,0.2606832277581883
316800,0.26075373117162626
316900,0.26082422786165227
317000,0.2608947178289073
317100,0.26096520107403254
317200,0.2610356775976691
317300,0.2611061474004578
317400,0.26117661048303975
317500,0.2612470668460556
317600,0.26131751649014623
317700,0.2613879594159525
317800,0.2614583956241149
317900,0.2615288251152742
318000,0.2615992478900707
318100,0.26166966394914526
318200,0.2617400732931381
318300,0.2618104759226896
318400,0.26188087183844
318500,0.2619512610410297
318600,0.2620216435310988
318700,0.2620920193092875
318800,0.26216238837623573
318900,0.2622327507325837
319000,0.26230310637897103
319100,0.26237345531603795
319200,0.26244379754442404
319300,0.2625141330647691
319400,0.262584461877713
319500,0.2626547839838952
319600,0.2627250993839553
319700,0.26279540807853286
319800,0.2628657100682673
319900,0.262936005353798
320000,0.26300629393576436
320100,0.2630765758148056
320200,0.263146850991561
320300,0.2632171194666696
320400,0.26328738124077056
320500,0.2633576363145028
320600,0.26342788468850553
320700,0.2634981263634174
320800,0.2635683613398774
320900,0.26363858961852427
321000,0.2637088111999968
321100,0.2637790260849334
321200,0.263849234273973
321300,0.263919435767754
321400,0.2639896305669148
321500,0.26405981867209394
321600,0.26413000008392984
321700,0.2642001748030606
321800,0.2642703428301245
321900,0.2643405041657598
322000,0.26441065881060455
322100,0.26448080676529684
322200,0.26455094803047474
322300,0.26462108260677597
322400,0.26469121049483857
322500,0.26476133169530036
322600,0.26483144620879895
322700,0.26490155403597215
322800,0.2649716551774576
322900,0.2650417496338927
323000,0.26511183740591515
323100,0.2651819184941623
323200,0.2652519928992716
323300,0.26532206062188024
323400,0.2653921216626256
323500,0.26546217602214484
323600,0.2655322237010752
323700,0.26560226470005355
323800,0.2656722990197171
323900,0.26574232666070274
324000,0.26581234762364736
324100,0.2658823619091879
324200,0.26595236951796086
324300,0.2660223704506033
324400,0.26609236470775166
324500,0.2661623522900426
324600,0.26623233319811257
324700,0.2663023074325982
324800,0.26637227499413574
324900,0.2664422358833617
325000,0.2665121901009123
325100,0.2665821376474238
325200,0.26665207852353223
325300,0.26672201272987384
325400,0.26679194026708464
325500,0.26686186113580057
325600,0.2669317753366577
325700,0.2670016828702917
325800,0.2670715837373385
325900,0.2671414779384339
326000,0.26721136547421354
326100,0.2672812463453129
326200,0.26735112055236776
326300,0.26742098809601345
326400,0.26749084897688546
326500,0.2675607031956192
326600,0.26763055075285
326700,0.2677003916492131
326800,0.2677702258853437
326900,0.267840053461877
327000,0.267909874379448
327100,0.2679796886386917
327200,0.2680494962402431
327300,0.26811929718473715
327400,0.26818909147280856
327500,0.2682588791050923
327600,0.2683286600822228
327700,0.268398434404835
327800,0.26846820207356326
327900,0.2685379630890423
328000,0.2686077174519065
328100,0.26867746516279034
328200,0.26874720622232806
328300,0.268816940631154
328400,0.2688866683899025
328500,0.26895638949920764
328600,0.2690261039597035
328700,0.26909581177202413
328800,0.26916551293680346
328900,0.26923520745467566
329000,0.26930489532627444
329100,0.2693745765522335
329200,0.2694442511331868
329300,0.26951391906976785
329400,0.26958358036261043
329500,0.26965323501234806
329600,0.2697228830196141
329700,0.2697925243850422
329800,0.2698621591092656
329900,0.26993178719291777
330000,0.2700014086366318
330100,0.27007102344104106
330200,0.2701406316067785
330300,0.27021023313447745
330400,0.2702798280247707
330500,0.27034941627829134
330600,0.27041899789567225
330700,0.27048857287754635
330800,0.27055814122454624
330900,0.27062770293730476
331000,0.2706972580164546
331100,0.2707668064626282
331200,0.2708363482764583
331300,0.27090588345857725
331400,0.2709754120096176
331500,0.27104493393021156
331600,0.2711144492209915
331700,0.27118395788258953
331800,0.2712534599156381
331900,0.2713229553207691
332000,0.2713924440986146
332100,0.2714619262498068
332200,0.2715314017749775
332300,0.27160087067475847
332400,0.2716703329497816
332500,0.2717397886006787
332600,0.2718092376280815
332700,0.2718786800326216
332800,0.2719481158149305
332900,0.2720175449756397
333000,0.27208696751538086
333100,0.2721563834347851
333200,0.272225792734484
333300,0.2722951954151087
333400,0.2723645914772904
333500,0.27243398092166027
333600,0.27250336374884954
333700,0.27257273995948905
333800,0.27264210955420987
333900,0.2727114725336429
334000,0.27278082889841904
334100,0.27285017864916894
334200,0.27291952178652357
334300,0.2729888583111133
334400,0.273058188223569
334500,0.2731275115245211
334600,0.2731968282146001
334700,0.2732661382944366
334800,0.2733354417646606
334900,0.27340473862590275
335000,0.27347402887879324
335100,0.27354331252396213
335200,0.2736125895620396
335300,0.2736818599936558
335400,0.27375112381944067
335500,0.27382038104002426
335600,0.2738896316560363
335700,0.2739588756681067
335800,0.27402811307686537
335900,0.2740973438829417
336000,0.2741665680869657
336100,0.27423578568956675
336200,0.2743049966913743
336300,0.27437420109301813
336400,0.27444339889512737
336500,0.2745125900983314
336600,0.27458177470325973
336700,0.2746509527105413
336800,0.2747201241208055
336900,0.27478928893468135
337000,0.27485844715279795
337100,0.2749275987757841
337200,0.2749967438042691
337300,0.2750658822388814
337400,0.2751350140802501
337500,0.2752041393290039
337600,0.2752732579857714
337700,0.27534237005118134
337800,0.2754114755258622
337900,0.2754805744104425
338000,0.2755496667055508
338100,0.27561875241181544
338200,0.27568783152986465
338300,0.2757569040603267
338400,0.27582597000383
338500,0.2758950293610025
338600,0.2759640821324725
338700,0.27603312831886784
338800,0.27610216792081643
338900,0.2761712009389464
339000,0.27624022737388554
339100,0.2763092472262616
339200,0.27637826049670233
339300,0.27644726718583545
339400,0.27651626729428846
339500,0.27658526082268897
339600,0.2766542477716645
339700,0.27672322814184236
339800,0.2767922019338501
339900,0.27686116914831493
340000,0.2769301297858642
340100,0.2769990838471249
340200,0.2770680313327244
340300,0.2771369722432897
340400,0.27720590657944777
340500,0.27727483434182554
340600,0.27734375553104995
340700,0.27741267014774784
340800,0.27748157819254593
340900,0.27755047966607105
341000,0.2776193745689498
341100,0.2776882629018087
341200,0.27775714466527435
341300,0.27782601985997324
341400,0.2778948884865319
341500,0.2779637505455764
341600,0.2780326060377333
341700,0.2781014549636286
341800,0.27817029732388876
341900,0.2782391331191397
342000,0.27830796235000754
342100,0.27837678501711827
342200,0.27844560112109773
342300,0.278514410662572
342400,0.27858321364216676
342500,0.2786520100605079
342600,0.27872079991822096
342700,0.2787895832159316
342800,0.27885835995426556
342900,0.2789271301338482
343000,0.278995893755305
343100,0.27906465081926135
343200,0.2791334013263428
343300,0.27920214527717435
343400,0.2792708826723813
343500,0.27933961351258896
343600,0.27940833779842233
343700,0.2794770555305064
343800,0.2795457667094663
343900,0.27961447133592676
344000,0.27968316941051274
344100,0.2797518609338492
344200,0.2798205459065606
344300,0.2798892243292719
344400,0.27995789620260747
344500,0.2800265615271921
344600,0.2800952203036501
344700,0.2801638725326061
344800,0.2802325182146844
344900,0.2803011573505093
345000,0.28036978994070516
345100,0.28043841598589614
345200,0.2805070354867063
345300,0.28057564844375993
345400,0.28064425485768096
345500,0.28071285472909324
345600,0.28078144805862093
345700,0.28085003484688775
345800,0.28091861509451743
345900,0.2809871888021338
346000,0.2810557559703605
346100,0.28112431659982107
346200,0.2811928706911393
346300,0.28126141824493844
346400,0.281329959261842
346500,0.2813984937424734
346600,0.28146702168745596
346700,0.2815355430974129
346800,0.2816040579729674
346900,0.2816725663147427
347000,0.28174106812336175
347100,0.28180956339944774
347200,0.2818780521436234
347300,0.28194653435651185
347400,0.28201501003873575
347500,0.28208347919091803
347600,0.2821519418136814
347700,0.2822203979076484
347800,0.28228884747344174
347900,0.282357290511684
348000,0.2824257270229976
348100,0.28249415700800495
348200,0.2825625804673284
348300,0.28263099740159037
348400,0.282699407811413
348500,0.2827678116974185
348600,0.2828362090602291
348700,0.2829045999004668
348800,0.2829729842187535
348900,0.2830413620157113
349000,0.2831097332919621
349100,0.28317809804812766
349200,0.2832464562848298
349300,0.28331480800269015
349400,0.28338315320233043
349500,0.28345149188437224
349600,0.2835198240494372
349700,0.2835881496981466
349800,0.28365646883112206
349900,0.2837247814489847
350000,0.2837930875523561
350100,0.28386138714185727
350200,0.2839296802181095
350300,0.28399796678173395
350400,0.2840662468333516
350500,0.28413452037358344
350600,0.2842027874030505
350700,0.28427104792237357
350800,0.2843393019321736
350900,0.2844075494330712
351000,0.28447579042568727
351100,0.28454402491064223
351200,0.28461225288855685
351300,0.2846804743600516
351400,0.28474868932574704
351500,0.2848168977862634
351600,0.2848850997422212
351700,0.2849532951942406
351800,0.2850214841429419
351900,0.2850896665889453
352000,0.2851578425328709
352100,0.2852260119753387
352200,0.28529417491696873
352300,0.28536233135838096
352400,0.2854304813001953
352500,0.28549862474303156
352600,0.2855667616875094
352700,0.28563489213424853
352800,0.2857030160838687
352900,0.28577113353698946
353000,0.28583924449423037
353100,0.28590734895621084
353200,0.28597544692355015
353300,0.2860435383968679
353400,0.2861116233767832
353500,0.2861797018639154
353600,0.28624777385888367
353700,0.286315839362307
353800,0.2863838983748044
353900,0.28645195089699504
354000,0.2865199969294978
354100,0.28658803647293163
354200,0.2866560695279151
354300,0.2867240960950672
354400,0.28679211617500655
354500,0.28686012976835185
354600,0.2869281368757215
354700,0.2869961374977342
354800,0.28706413163500843
354900,0.2871321192881624
355000,0.28720010045781463
355100,0.2872680751445834
355200,0.2873360433490869
355300,0.2874040050719432
355400,0.28747196031377054
355500,0.2875399090751869
355600,0.28760785135681033
355700,0.2876757871592587
355800,0.2877437164831499
355900,0.2878116393291018
356000,0.28787955569773205
356100,0.28794746558965845
356200,0.2880153690054986
356300,0.2880832659458701
356400,0.28815115641139044
356500,0.288219040402677
356600,0.28828691792034733
356700,0.28835478896501865
356800,0.28842265353730834
356900,0.2884905116378337
357000,0.2885583632672116
357100,0.28862620842605946
357200,0.28869404711499413
357300,0.2887618793346327
357400,0.288829705085592
357500,0.28889752436848903
357600,0.2889653371839406
357700,0.2890331435325634
357800,0.28910094341497405
357900,0.28916873683178934
358000,0.28923652378362574
358100,0.2893043042710999
358200,0.28937207829482814
358300,0.2894398458554269
358400,0.2895076069535125
358500,0.2895753615897013
358600,0.2896431097646096
358700,0.28971085147885334
358800,0.2897785867330487
358900,0.2898463155278118
359000,0.2899140378637587
359100,0.28998175374150514
359200,0.290049463161667
359300,0.2901171661248604
359400,0.29018486263170074
359500,0.2902525526828038
359600,0.29032023627878534
359700,0.29038791342026093
359800,0.2904555841078459
359900,0.2905232483421559
360000,0.29059090612380634
360100,0.2906585574534124
360200,0.2907262023315895
360300,0.29079384075895287
360400,0.2908614727361176
360500,0.29092909826369884
360600,0.2909967173423116
360700,0.29106432997257103
360800,0.2911319361550918
360900,0.2911995358904891
361000,0.29126712917937747
361100,0.2913347160223718
361200,0.29140229642008675
361300,0.291469870373137
361400,0.29153743788213715
361500,0.29160499894770164
361600,0.29167255357044497
361700,0.29174010175098153
361800,0.2918076434899257
361900,0.2918751787878918
362000,0.291942707645494
362100,0.2920102300633466
362200,0.2920777460420635
362300,0.2921452555822589
362400,0.29221275868454666
362500,0.29228025534954094
362600,0.2923477455778555
362700,0.292415229370104
362800,0.29248270672690047
362900,0.2925501776488585
363000,0.2926176421365917
363100,0.2926851001907138
363200,0.2927525518118381
363300,0.29281999700057826
363400,0.2928874357575476
363500,0.2929548680833596
363600,0.29302229397862734
363700,0.2930897134439642
363800,0.29315712647998327
363900,0.2932245330872977
364000,0.2932919332665206
364100,0.29335932701826495
364200,0.2934267143431437
364300,0.2934940952417697
364400,0.29356146971475583
364500,0.29362883776271476
364600,0.29369619938625924
364700,0.293763554586002
364800,0.2938309033625556
364900,0.29389824571653256
365000,0.29396558164854525
365100,0.29403291115920627
365200,0.2941002342491279
365300,0.29416755091892244
365400,0.29423486116920206
365500,0.29430216500057904
365600,0.29436946241366546
365700,0.2944367534090734
365800,0.29450403798741487
365900,0.2945713161493019
366000,0.29463858789534614
366100,0.2947058532261597
366200,0.29477311214235424
366300,0.29484036464454144
366400,0.29490761073333305
366500,0.29497485040934057
366600,0.29504208367317564
366700,0.29510931052544964
366800,0.295176530966774
366900,0.2952437449977602
367000,0.2953109526190195
367100,0.29537815383116306
367200,0.2954453486348022
367300,0.29551253703054803
367400,0.2955797190190116
367500,0.29564689460080384
367600,0.29571406377653575
367700,0.2957812265468184
367800,0.29584838291226245
367900,0.2959155328734787
368000,0.295982676431078
368100,0.29604981358567084
368200,0.29611694433786806
368300,0.29618406868827996
368400,0.29625118663751715
368500,0.29631829818619004
368600,0.29638540333490904
368700,0.29645250208428453
368800,0.2965195944349266
368900,0.2965866803874456
369000,0.2966537599424516
369100,0.29672083310055475
369200,0.296787899862365
369300,0.29685496022849234
369400,0.29692201419954667
369500,0.29698906177613793
369600,0.29705610295887586
369700,0.29712313774837007
369800,0.2971901661452304
369900,0.2972571881500665
370000,0.2973242037634879
370100,0.29739121298610394
370200,0.29745821581852416
370300,0.2975252122613581
370400,0.2975922023152149
370500,0.29765918598070396
370600,0.2977261632584344
370700,0.2977931341490153
370800,0.29786009865305596
370900,0.2979270567711654
371000,0.2979940085039524
371100,0.298060953852026
371200,0.29812789281599517
371300,0.2981948253964686
371400,0.298261751594055
371500,0.29832867140936314
371600,0.29839558484300166
371700,0.29846249189557905
371800,0.29852939256770394
371900,0.29859628685998474
372000,0.29866317477302984
372100,0.29873005630744753
372200,0.2987969314638462
372300,0.298863800242834
372400,0.2989306626450191
372500,0.29899751867100965
372600,0.2990643683214138
372700,0.2991312115968393
372800,0.2991980484978942
372900,0.2992648790251865
373000,0.2993317031793239
373100,0.2993985209609141
373200,0.29946533237056494
373300,0.29953213740888407
373400,0.2995989360764789
373500,0.2996657283739572
373600,0.29973251430192627
373700,0.2997992938609936
373800,0.29986606705176644
373900,0.29993283387485226
374000,0.2999995943308582
374100,0.3000663484203915
374200,0.30013309614405925
374300,0.3001998375024685
374400,0.30026657249622624
374500,0.3003333011259395
374600,0.30040002339221505
374700,0.3004667392956598
374800,0.3005334488368806
374900,0.30060015201648416
375000,0.300666848835077
375100,0.30073353929326585
375200,0.30080022339165724
375300,0.30086690113085757
375400,0.30093357251147335
375500,0.301000237534111
375600,0.30106689619937665
375700,0.30113354850787677
375800,0.3012001944602175
375900,0.30126683405700494
376000,0.30133346729884525
376100,0.3014000941863443
376200,0.3014667147201082
376300,0.3015333289007428
376400,0.301599936728854
376500,0.3016665382050475
376600,0.3017331333299291
376700,0.30179972210410455
376800,0.3018663045281794
376900,0.30193288060275925
377000,0.30199945032844944
377100,0.3020660137058556
377200,0.3021325707355832
377300,0.30219912141823735
377400,0.3022656657544234
377500,0.3023322037447467
377600,0.3023987353898122
377700,0.30246526069022506
377800,0.3025317796465905
377900,0.3025982922595133
378000,0.3026647985295985
378100,0.30273129845745084
378200,0.3027977920436753
378300,0.3028642792888766
378400,0.3029307601936594
378500,0.3029972347586283
378600,0.3030637029843879
378700,0.30313016487154276
378800,0.3031966204206974
378900,0.3032630696324562
379000,0.30332951250742335
379100,0.3033959490462034
379200,0.30346237924940045
379300,0.30352880311761865
379400,0.30359522065146227
379500,0.30366163185153516
379600,0.3037280367184415
379700,0.30379443525278516
379800,0.30386082745517007
379900,0.3039272133262
380000,0.30399359286647887
380100,0.30405996607661023
380200,0.3041263329571978
380300,0.30419269350884515
380400,0.30425904773215595
380500,0.30432539562773364
380600,0.3043917371961816
380700,0.3044580724381032
380800,0.30452440135410175
380900,0.3045907239447806
381000,0.3046570402107429
381100,0.3047233501525918
381200,0.30478965377093026
381300,0.30485595106636154
381400,0.30492224203948837
381500,0.3049885266909139
381600,0.3050548050212408
381700,0.30512107703107194
381800,0.3051873427210101
381900,0.30525360209165797
382000,0.30531985514361804
382100,0.30538610187749304
382200,0.3054523422938853
382300,0.3055185763933975
382400,0.3055848041766318
382500,0.3056510256441908
382600,0.3057172407966765
382700,0.3057834496346914
382800,0.3058496521588374
382900,0.30591584836971686
383000,0.3059820382679316
383100,0.30604822185408376
383200,0.30611439912877525
383300,0.306180570092608
383400,0.3062467347461837
383500,0.30631289309010423
383600,0.30637904512497116
383700,0.30644519085138633
383800,0.30651133026995125
383900,0.30657746338126735
384000,0.30664359018593623
384100,0.3067097106845593
384200,0.3067758248777379
384300,0.3068419327660734
384400,0.3069080343501669
384500,0.30697412963061965
384600,0.3070402186080329
384700,0.30710630128300764
384800,0.3071723776561448
384900,0.30723844772804554
385000,0.3073045114993106
385100,0.3073705689705408
385200,0.3074366201423371
385300,0.3075026650153001
385400,0.3075687035900305
385500,0.30763473586712897
385600,0.3077007618471961
385700,0.30776678153083226
385800,0.307832794918638
385900,0.30789880201121367
386000,0.3079648028091595
386100,0.30803079731307603
386200,0.30809678552356323
386300,0.3081627674412213
386400,0.3082287430666505
386500,0.3082947124004507
386600,0.308360675443222
386700,0.3084266321955642
386800,0.30849258265807733
386900,0.3085585268313611
387000,0.30862446471601523
387100,0.3086903963126396
387200,0.30875632162183375
387300,0.3088222406441973
387400,0.3088881533803297
387500,0.30895405983083046
387600,0.30901995999629894
387700,0.30908585387733467
387800,0.30915174147453683
387900,0.30921762278850473
388000,0.30928349781983744
388100,0.30934936656913414
388200,0.30941522903699403
388300,0.30948108522401596
388400,0.3095469351307989
388500,0.3096127787579419
388600,0.30967861610604364
388700,0.30974444717570304
388800,0.30981027196751876
388900,0.3098760904820894
389000,0.30994190272001365
389100,0.3100077086818902
389200,0.3100735083683174
389300,0.3101393017798936
389400,0.31020508891721743
389500,0.310270869780887
389600,0.31033664437150077
389700,0.31040241268965685
389800,0.31046817473595345
389900,0.31053393051098865
390000,0.31059968001536054
390100,0.31066542324966695
390200,0.310731160214506
390300,0.31079689091047535
390400,0.31086261533817316
390500,0.3109283334981968
390600,0.3109940453911443
390700,0.3110597510176131
390800,0.31112545037820083
390900,0.3111911434735052
391000,0.3112568303041233
391100,0.311322510870653
391200,0.31138818517369127
391300,0.3114538532138358
391400,0.3115195149916834
391500,0.31158517050783163
391600,0.31165081976287745
391700,0.31171646275741793
391800,0.31178209949205016
391900,0.3118477299673711
392000,0.3119133541839777
392100,0.3119789721424666
392200,0.3120445838434348
392300,0.3121101892874789
392400,0.3121757884751958
392500,0.31224138140718183
392600,0.3123069680840337
392700,0.312372548506348
392800,0.31243812267472093
392900,0.31250369058974925
393000,0.3125692522520289
393100,0.31263480766215646
393200,0.31270035682072805
393300,0.3127658997283398
393400,0.31283143638558786
393500,0.31289696679306833
393600,0.31296249095137707
393700,0.31302800886111015
393800,0.31309352052286343
393900,0.31315902593723266
394000,0.3132245251048137
394100,0.31329001802620215
394200,0.3133555047019938
394300,0.31342098513278416
394400,0.31348645931916885
394500,0.3135519272617433
394600,0.3136173889611028
394700,0.313682844417843
394800,0.31374829363255907
394900,0.3138137366058462
395000,0.31387917333829973
395100,0.3139446038305147
395200,0.3140100280830862
395300,0.3140754460966093
395400,0.3141408578716791
395500,0.31420626340889024
395600,0.3142716627088378
395700,0.31433705577211646
395800,0.31440244259932104
395900,0.31446782319104627
396000,0.31453319754788667
396100,0.31459856567043687
396200,0.3146639275592914
396300,0.3147292832150447
396400,0.3147946326382912
396500,0.3148599758296252
396600,0.3149253127896411
396700,0.314990643518933
396800,0.3150559680180952
396900,0.31512128628772174
397000,0.3151865983284068
397100,0.3152519041407442
397200,0.3153172037253281
397300,0.31538249708275223
397400,0.3154477842136105
397500,0.31551306511849675
397600,0.31557833979800465
397700,0.31564360825272775
397800,0.3157088704832599
397900,0.31577412649019454
398000,0.31583937627412517
398100,0.3159046198356452
398200,0.3159698571753481
398300,0.3160350882938271
398400,0.31610031319167553
398500,0.3161655318694867
398600,0.3162307443278536
398700,0.31629595056736937
398800,0.3163611505886271
398900,0.31642634439221995
399000,0.31649153197874047
399100,0.3165567133487819
399200,0.3166218885029368
399300,0.31668705744179815
399400,0.3167522201659586
399500,0.3168173766760106
399600,0.31688252697254704
399700,0.3169476710561603
399800,0.3170128089274429
399900,0.31707794058698724
400000,0.31714306603538567
400100,0.3172081852732306
400200,0.31727329830111417
400300,0.31733840511962863
400400,0.31740350572936615
400500,0.3174686001309187
400600,0.3175336883248785
400700,0.3175987703118375
400800,0.3176638460923874
400900,0.31772891566712036
401000,0.31779397903662787
401100,0.3178590362015019
401200,0.3179240871623342
401300,0.31798913191971623
401400,0.31805417047423956
401500,0.31811920282649586
401600,0.31818422897707643
401700,0.3182492489265728
401800,0.3183142626755763
401900,0.31837927022467827
402000,0.31844427157446986
402100,0.31850926672554225
402200,0.31857425567848663
402300,0.3186392384338941
402400,0.3187042149923557
402500,0.3187691853544622
402600,0.3188341495208046
402700,0.3188991074919738
402800,0.31896405926856053
402900,0.3190290048511556
403000,0.31909394424034965
403100,0.3191588774367333
403200,0.31922380444089704
403300,0.31928872525343144
403400,0.31935363987492704
403500,0.31941854830597405
403600,0.319483450547163
403700,0.31954834659908404
403800,0.3196132364623274
403900,0.3196781201374833
404000,0.3197429976251418
404100,0.3198078689258931
404200,0.319872734040327
404300,0.3199375929690337
404400,0.32000244571260283
404500,0.32006729227162434
404600,0.32013213264668794
404700,0.3201969668383835
404800,0.32026179484730055
404900,0.32032661667402873
405000,0.32039143231915757
405100,0.3204562417832767
405200,0.3205210450669753
405300,0.32058584217084307
405400,0.32065063309546904
405500,0.32071541784144275
405600,0.3207801964093532
405700,0.32084496879978963
405800,0.3209097350133411
405900,0.3209744950505967
406000,0.3210392489121455
406100,0.32110399659857625
406200,0.32116873811047797
406300,0.32123347344843944
406400,0.3212982026130494
406500,0.32136292560489665
406600,0.32142764242456967
406700,0.3214923530726572
406800,0.3215570575497477
406900,0.3216217558564298
407000,0.3216864479932918
407100,0.32175113396092203
407200,0.321815813759909
407300,0.32188048739084063
407400,0.3219451548543055
407500,0.3220098161508915
407600,0.32207447128118694
407700,0.3221391202457796
407800,0.32220376304525766
407900,0.32226839968020893
408000,0.3223330301512213
408100,0.3223976544588827
408200,0.3224622726037807
408300,0.32252688458650314
408400,0.32259149040763757
408500,0.32265609006777163
408600,0.3227206835674927
408700,0.3227852709073886
408800,0.3228498520880465
408900,0.3229144271100537
409000,0.3229789959739977
409100,0.32304355868046564
409200,0.3231081152300447
409300,0.32317266562332214
409400,0.3232372098608849
409500,0.32330174794332
409600,0.3233662798712146
409700,0.3234308056451555
409800,0.32349532526572944
409900,0.32355983873352334
410000,0.32362434604912405
410100,0.3236888472131181
410200,0.3237533422260921
410300,0.3238178310886328
410400,0.3238823138013266
410500,0.32394679036476004
410600,0.32401126077951947
410700,0.3240757250461912
410800,0.32414018316536164
410900,0.324204635137617
411000,0.32426908096354345
411100,0.3243335206437271
411200,0.32439795417875406
411300,0.32446238156921037
411400,0.3245268028156819
411500,0.32459121791875467
411600,0.3246556268790145
411700,0.3247200296970473
411800,0.3247844263734385
411900,0.324848816908774
412000,0.32491320130363943
412100,0.3249775795586204
412200,0.3250419516743023
412300,0.3251063176512706
412400,0.32517067749011075
412500,0.3252350311914082
412600,0.3252993787557481
412700,0.32536372018371573
412800,0.32542805547589637
412900,0.325492384632875
413000,0.3255567076552367
413100,0.32562102454356656
413200,0.32568533529844956
413300,0.32574963992047057
413400,0.32581393841021433
413500,0.32587823076826583
413600,0.3259425169952097
413700,0.3260067970916306
413800,0.32607107105811317
413900,0.32613533889524193
414000,0.32619960060360154
414100,0.3262638561837763
414200,0.32632810563635073
414300,0.32639234896190905
414400,0.3264565861610357
414500,0.3265208172343148
414600,0.32658504218233064
414700,0.32664926100566716
414800,0.32671347370490866
414900,0.3267776802806389
415000,0.3268418807334421
415100,0.326906075063902
415200,0.32697026327260237
415300,0.32703444536012727
415400,0.32709862132706014
415500,0.3271627911739847
415600,0.3272269549014848
415700,0.32729111251014387
415800,0.3273552640005454
415900,0.32741940937327274
416000,0.3274835486289095
416100,0.32754768176803895
416200,0.3276118087912443
416300,0.32767592969910886
416400,0.3277400444922157
416500,0.3278041531711482
416600,0.32786825573648914
416700,0.32793235218882166
416800,0.3279964425287286
416900,0.3280605267567931
417000,0.32812460487359785
417100,0.32818867687972564
417200,0.3282527427757591
417300,0.32831680256228113
417400,0.32838085623987423
417500,0.32844490380912095
417600,0.3285089452706038
417700,0.32857298062490525
417800,0.3286370098726077
417900,0.32870103301429354
418000,0.328765050050545
418100,0.3288290609819443
418200,0.3288930658090736
418300,0.32895706453251516
418400,0.329021057152851
418500,0.32908504367066294
418600,0.3291490240865331
418700,0.32921299840104346
418800,0.3292769666147757
418900,0.32934092872831167
419000,0.32940488474223306
419100,0.3294688346571216
419200,0.3295327784735589
419300,0.3295967161921265
419400,0.329660647813406
419500,0.3297245733379788
419600,0.3297884927664262
419700,0.32985240609932964
419800,0.32991631333727045
419900,0.3299802144808298
420000,0.3300441095305888
420100,0.3301079984871288
420200,0.3301718813510307
420300,0.3302357581228754
420400,0.33029962880324415
420500,0.33036349339271764
420600,0.3304273518918768
420700,0.3304912043013023
420800,0.330555050621575
420900,0.33061889085327556
421000,0.3306827249969846
421100,0.3307465530532826
421200,0.33081037502275024
421300,0.3308741909059679
421400,0.33093800070351587
421500,0.3310018044159747
421600,0.33106560204392455
421700,0.3311293935879456
421800,0.3311931790486182
421900,0.33125695842652236
422000,0.3313207317222382
422100,0.3313844989363457
422200,0.33144826006942485
422300,0.33151201512205564
422400,0.3315757640948177
422500,0.33163950698829103
422600,0.33170324380305516
422700,0.33176697453968995
422800,0.33183069919877506
422900,0.3318944177808899
423000,0.33195813028661414
423100,0.3320218367165271
423200,0.33208553707120825
423300,0.332149231351237
423400,0.33221291955719257
423500,0.3322766016896542
423600,0.33234027774920116
423700,0.33240394773641246
423800,0.33246761165186733
423900,0.33253126949614464
424000,0.3325949212698234
424100,0.3326585669734826
424200,0.332722206607701
424300,0.33278584017305746
424400,0.33284946767013057
424500,0.33291308909949924
424600,0.332976704461742
424700,0.3330403137574375
424800,0.33310391698716413
424900,0.33316751415150037
425000,0.33323110525102484
425100,0.33329469028631564
425200,0.3333582692579512
425300,0.33342184216650983
425400,0.3334854090125695
425500,0.33354896979670867
425600,0.33361252451950507
425700,0.333676073181537
425800,0.3337396157833824
425900,0.33380315232561897
426000,0.3338666828088248
426100,0.3339302072335777
426200,0.33399372560045526
426300,0.3340572379100353
426400,0.3341207441628953
426500,0.334184244359613
426600,0.33424773850076606
426700,0.3343112265869317
426800,0.33437470861868734
426900,0.33443818459661057
427000,0.33450165452127856
427100,0.3345651183932685
427200,0.33462857621315767
427300,0.3346920279815233
427400,0.33475547369894243
427500,0.334818913365992
427600,0.33488234698324904
427700,0.3349457745512905
427800,0.33500919607069324
427900,0.33507261154203405
428000,0.3351360209658898
428100,0.3351994243428371
428200,0.33526282167345256
428300,0.3353262129583129
428400,0.3353895981979945
428500,0.335452977393074
428600,0.33551635054412776
428700,0.3355797176517322
428800,0.3356430787164636
428900,0.3357064337388982
429000,0.33576978271961233
429100,0.335833125659182
429200,0.3358964625581833
429300,0.3359597934171924
429400,0.3360231182367852
429500,0.3360864370175378
429600,0.3361497497600259
429700,0.33621305646482536
429800,0.3362763571325119
429900,0.33633965176366143
430000,0.33640294035884943
430100,0.3364662229186516
430200,0.3365294994436435
430300,0.33659276993440057
430400,0.33665603439149827
430500,0.33671929281551194
430600,0.336782545207017
430700,0.33684579156658867
430800,0.33690903189480226
430900,0.33697226619223275
431000,0.33703549445945546
431100,0.3370987166970454
431200,0.3371619329055775
431300,0.3372251430856267
431400,0.3372883472377679
431500,0.33735154536257606
431600,0.3374147374606259
431700,0.33747792353249206
431800,0.33754110357874934
431900,0.33760427759997225
432000,0.33766744559673545
432100,0.3377306075696135
432200,0.33779376351918067
432300,0.33785691344601143
432400,0.3379200573506802
432500,0.3379831952337612
432600,0.3380463270958287
432700,0.33810945293745687
432800,0.33817257275921975
432900,0.3382356865616917
433000,0.3382987943454463
433100,0.33836189611105794
433200,0.33842499185910024
433300,0.3384880815901472
433400,0.3385511653047725
433500,0.33861424300355003
433600,0.3386773146870533
433700,0.3387403803558562
433800,0.338803440010532
433900,0.33886649365165444
434000,0.3389295412797969
434100,0.3389925828955329
434200,0.33905561849943566
434300,0.3391186480920786
434400,0.3391816716740349
434500,0.3392446892458778
434600,0.3393077008081804
434700,0.3393707063615158
434800,0.33943370590645705
434900,0.3394966994435771
435000,0.33955968697344885
435100,0.33962266849664524
435200,0.33968564401373913
435300,0.33974861352530317
435400,0.3398115770319101
435500,0.3398745345341325
435600,0.33993748603254315
435700,0.3400004315277144
435800,0.3400633710202189
435900,0.34012630451062886
436000,0.3401892319995169
436100,0.3402521534874552
436200,0.34031506897501607
436300,0.34037797846277174
436400,0.3404408819512943
436500,0.34050377944115595
436600,0.3405666709329287
436700,0.3406295564271844
436800,0.3406924359244953
436900,0.340755309425433
437000,0.3408181769305695
437100,0.34088103844047646
437200,0.3409438939557258
437300,0.34100674347688886
437400,0.3410695870045376
437500,0.3411324245392434
437600,0.34119525608157775
437700,0.34125808163211213
437800,0.341320901191418
437900,0.34138371476006657
438000,0.34144652233862927
438100,0.3415093239276773
438200,0.34157211952778177
438300,0.3416349091395138
438400,0.3416976927634445
438500,0.3417604704001449
438600,0.3418232420501859
438700,0.34188600771413846
438800,0.3419487673925735
438900,0.3420115210860617
439000,0.3420742687951738
439100,0.3421370105204805
439200,0.34219974626255245
439300,0.34226247602196025
439400,0.34232519979927445
439500,0.3423879175950655
439600,0.3424506294099037
439700,0.34251333524435956
439800,0.34257603509900325
439900,0.34263872897440517
440000,0.34270141687113553
440100,0.3427640987897643
440200,0.34282677473086165
440300,0.3428894446949977
440400,0.3429521086827423
440500,0.34301476669466546
440600,0.343077418731337
440700,0.3431400647933268
440800,0.34320270488120463
440900,0.3432653389955401
441000,0.34332796713690295
441100,0.34339058930586275
441200,0.3434532055029891
441300,0.34351581572885137
441400,0.34357841998401906
441500,0.34364101826906157
441600,0.34370361058454824
441700,0.34376619693104826
441800,0.343828777309131
441900,0.34389135171936547
442000,0.34395392016232096
442100,0.3440164826385663
442200,0.34407903914867066
442300,0.34414158969320296
442400,0.344204134272732
442500,0.34426667288782675
442600,0.3443292055390559
442700,0.34439173222698827
442800,0.34445425295219245
442900,0.3445167677152372
443000,0.34457927651669085
443100,0.34464177935712215
443200,0.3447042762370994
443300,0.3447667671571911
443400,0.34482925211796567
443500,0.34489173111999116
443600,0.34495420416383604
443700,0.3450166712500684
443800,0.34507913237925647
443900,0.3451415875519682
444000,0.34520403676877176
444100,0.34526648003023497
444200,0.34532891733692583
444300,0.34539134868941224
444400,0.34545377408826183
444500,0.3455161935340426
444600,0.3455786070273221
444700,0.34564101456866814
444800,0.3457034161586481
444900,0.3457658117978296
445000,0.3458282014867802
445100,0.3458905852260673
445200,0.3459529630162581
445300,0.34601533485792024
445400,0.3460777007516207
445500,0.3461400606979269
445600,0.34620241469740587
445700,0.3462647627506248
445800,0.34632710485815077
445900,0.3463894410205506
446000,0.34645177123839144
446100,0.34651409551224
446200,0.34657641384266324
446300,0.34663872623022796
446400,0.3467010326755008
446500,0.3467633331790485
446600,0.34682562774143766
446700,0.3468879163632348
446800,0.34695019904500646
446900,0.3470124757873192
447000,0.3470747465907392
447100,0.3471370114558331
447200,0.3471992703831669
447300,0.34726152337330707
447400,0.3473237704268197
447500,0.34738601154427096
447600,0.3474482467262269
447700,0.34751047597325346
447800,0.34757269928591683
447900,0.34763491666478274
448000,0.3476971281104171
