x,y
0,0.0
100,0.0030471523581468984
200,0.006085019578800033
300,0.009113629955188052
400,0.01213301169432579
500,0.015143192917276949
600,0.018144201659416104
700,0.021136065870689946
800,0.02411881341587707
900,0.027092472074848106
1000,0.030057069542824055
1100,0.03301263343063465
1200,0.03595919126497482
1300,0.03889677048866158
1400,0.04182539846088973
1500,0.0447451024574862
1600,0.04765590967116429
1700,0.05055784721177714
1800,0.053450942106569865
1900,0.05633522130043156
2000,0.05921071165614611
2100,0.062077439954642544
2200,0.06493543289524395
2300,0.06778471709591682
2400,0.07062531909351866
2500,0.07345726534404484
2600,0.0762805822228757
2700,0.07909529602502141
2800,0.08190143296536734
2900,0.0846990191789182
3000,0.08748808072104142
3100,0.09026864356770947
3200,0.09304073361574239
3300,0.09580437668304831
3400,0.09855959850886475
3500,0.10130642475399732
3600,0.10404488100105969
3700,0.10677499275471114
3800,0.10949678544189445
3900,0.11221028441207259
4000,0.11491551493746499
4100,0.11761250221328257
4200,0.12030127135796276
4300,0.12298184741340323
4400,0.12565425534519514
4500,0.12831852004285582
4600,0.13097466632006016
4700,0.13362271891487243
4800,0.13626270248997596
4900,0.1388946416329031
5000,0.14151856085626435
5100,0.1441344845979765
5200,0.1467424372214905
5300,0.14934244301601773
5400,0.15193452619675696
5500,0.15451871090511948
5600,0.15709502120895413
5700,0.15966348110277095
5800,0.1622241145079657
5900,0.16477694527304143
6000,0.16732199717383134
6100,0.16985929391372012
6200,0.1723888591238647
6300,0.17491071636341415
6400,0.1774248891197291
6500,0.17993140080860093
6600,0.18243027477446927
6700,0.18492153429063973
6800,0.18740520255950088
6900,0.18988130271273962
7000,0.19234985781155745
7100,0.19481089084688463
7200,0.19726442473959482
7300,0.19971048234071798
7400,0.20214908643165375
7500,0.2045802597243832
7600,0.20700402486168068
7700,0.20942040441732446
7800,0.21182942089630707
7900,0.21423109673504492
8000,0.2166254543015873
8100,0.2190125158958245
8200,0.22139230374969576
8300,0.22376484002739616
8400,0.2261301468255833
8500,0.22848824617358254
8600,0.23083916003359273
8700,0.23318291030089067
8800,0.23551951880403466
8900,0.2378490073050683
9000,0.2401713974997226
9100,0.24248671101761887
9200,0.24479496942246914
9300,0.2470961942122779
9400,0.24939040681954183
9500,0.2516776286114494
9600,0.2539578808900801
9700,0.25623118489260277
9800,0.25849756179147343
9900,0.26075703269463224
10000,0.2630096186457004
10100,0.26525534062417566
10200,0.2674942195456287
10300,0.2697262762618964
10400,0.2719515315612777
10500,0.274170006168726
10600,0.27638172074604284
10700,0.27858669589206975
10800,0.2807849521428808
10900,0.2829765099719733
11000,0.285161389790459
11100,0.28733961194725355
11200,0.2895111967292664
11300,0.2916761643615897
11400,0.2938345350076871
11500,0.2959863287695803
11600,0.2981315656880378
11700,0.3002702657427604
11800,0.30240244885256784
11900,0.3045281348755843
12000,0.30664734360942303
12100,0.308760094791371
12200,0.3108664080985728
12300,0.3129663031482135
12400,0.3150597994977018
12500,0.31714691664485206
12600,0.3192276740280656
12700,0.3213020910265121
12800,0.32337018696031006
12900,0.3254319810907065
13000,0.32748749262025645
13100,0.329536740693002
13200,0.3315797443946501
13300,0.3336165227527511
13400,0.33564709473687526
13500,0.3376714792587896
13600,0.33968969517263414
13700,0.34170176127509755
13800,0.34370769630559217
13900,0.34570751894642826
14000,0.3477012478229884
14100,0.349688901503901
14200,0.35167049850121246
14300,0.35364605727056075
14400,0.3556155962113463
14500,0.35757913366690397
14600,0.35953668792467364
14700,0.36148827721637067
14800,0.3634339197181552
14900,0.36537363355080243
15000,0.3673074367798703
15100,0.3692353474158685
15200,0.37115738341442606
15300,0.3730735626764581
15400,0.37498390304833307
15500,0.37688842232203923
15600,0.37878713823534926
15700,0.38068006847198665
15800,0.38256723066178955
15900,0.3844486423808757
16000,0.38632432115180537
16100,0.38819428444374504
16200,0.3900585496726301
16300,0.3919171342013267
16400,0.3937700553397939
16500,0.3956173303452445
16600,0.3974589764223062
16700,0.3992950107231812
16800,0.40112545034780667
16900,0.4029503123440136
17000,0.4047696137076854
17100,0.4065833713829168
17200,0.40839160226217086
17300,0.4101943231864372
17400,0.4119915509453882
17500,0.41378330227753524
17600,0.4155695938703854
17700,0.41735044236059604
17800,0.41912586433413024
17900,0.420895876326411
18000,0.4226604948224756
18100,0.4244197362571287
18200,0.4261736170150956
18300,0.427922153431175
18400,0.42966536179039083
18500,0.4314032583281441
18600,0.43313585923036413
18700,0.43486318063365925
18800,0.43658523862546705
18900,0.43830204924420424
19000,0.44001362847941605
19100,0.44171999227192515
19200,0.44342115651398006
19300,0.44511713704940314
19400,0.4468079496737384
19500,0.44849361013439826
19600,0.4501741341308103
19700,0.4518495373145638
19800,0.4535198352895551
19900,0.4551850436121331
20000,0.4568451777912441
20100,0.45850025328857635
20200,0.46015028551870407
20300,0.4617952898492307
20400,0.4634352816009324
20500,0.4650702760479005
20600,0.4667002884176841
20700,0.4683253338914313
20800,0.4699454276040309
20900,0.4715605846442539
21000,0.47317082005489297
21100,0.4747761488329033
21200,0.47637658592954213
21300,0.4779721462505079
21400,0.479562844656079
21500,0.48114869596125254
21600,0.4827297149358818
21700,0.48430591630481423
21800,0.4858773147480284
21900,0.4874439249007708
22000,0.489005761353692
22100,0.49056283865298256
22200,0.49211517130050886
22300,0.4936627737539475
22400,0.4952056604269208
22500,0.4967438456891301
22600,0.4982773438664905
22700,0.4998061692412634
22800,0.5013303360521904
22900,0.5028498584946253
23000,0.5043647507206666
23100,0.5058750268392889
23200,0.5073807009164748
23300,0.5088817869753458
23400,0.5103782989962928
23500,0.5118702509171061
23600,0.5133576566331057
23700,0.5148405299972704
23800,0.5163188848203665
23900,0.5177927348710772
24000,0.5192620938761304
24100,0.5207269755204265
24200,0.5221873934471656
24300,0.5236433612579754
24400,0.5250948925130371
24500,0.526542000731212
24600,0.5279846993901675
24700,0.5294230019265022
24800,0.5308569217358715
24900,0.5322864721731124
25000,0.5337116665523673
25100,0.5351325181472086
25200,0.5365490401907622
25300,0.5379612458758304
25400,0.5393691483550151
25500,0.5407727607408404
25600,0.5421720961058742
25700,0.5435671674828506
25800,0.544957987864791
25900,0.5463445702051247
26000,0.5477269274178104
26100,0.5491050723774555
26200,0.550479017919437
26300,0.5518487768400204
26400,0.5532143618964788
26500,0.554575785807212
26600,0.5559330612518654
26700,0.5572862008714469
26800,0.5586352172684457
26900,0.5599801230069491
27000,0.56132093061276
27100,0.562657652573513
27200,0.5639903013387912
27300,0.5653188893202417
27400,0.5666434288916913
27500,0.5679639323892625
27600,0.5692804121114872
27700,0.5705928803194217
27800,0.5719013492367615
27900,0.5732058310499542
28000,0.5745063379083136
28100,0.575802881924133
28200,0.5770954751727969
28300,0.5783841296928951
28400,0.5796688574863336
28500,0.5809496705184467
28600,0.5822265807181086
28700,0.5834995999778446
28800,0.5847687401539412
28900,0.5860340130665576
29000,0.5872954304998343
29100,0.5885530042020048
29200,0.5898067458855032
29300,0.5910566672270741
29400,0.5923027798678816
29500,0.5935450954136171
29600,0.5947836254346079
29700,0.5960183814659246
29800,0.5972493750074888
29900,0.5984766175241798
30000,0.5997001204459422
30100,0.6009198951678912
30200,0.60213595305042
30300,0.6033483054193043
30400,0.6045569635658088
30500,0.6057619387467921
30600,0.606963242184811
30700,0.608160885068226
30800,0.6093548785513045
30900,0.6105452337543256
31000,0.6117319617636826
31100,0.6129150736319875
31200,0.6140945803781729
31300,0.6152704929875952
31400,0.6164428224121368
31500,0.6176115795703079
31600,0.6187767753473483
31700,0.6199384205953289
31800,0.621096526133253
31900,0.622251102747156
32000,0.6234021611902074
32100,0.6245497121828099
32200,0.6256937664126989
32300,0.6268343345350436
32400,0.6279714271725445
32500,0.6291050549155337
32600,0.6302352283220727
32700,0.6313619579180507
32800,0.6324852541972834
32900,0.6336051276216099
33000,0.6347215886209907
33100,0.6358346475936043
33200,0.6369443149059449
33300,0.6380506008929179
33400,0.6391535158579369
33500,0.6402530700730195
33600,0.6413492737788826
33700,0.6424421371850384
33800,0.643531670469889
33900,0.6446178837808214
34000,0.6457007872343019
34100,0.6467803909159705
34200,0.6478567048807347
34300,0.648929739152863
34400,0.6499995037260786
34500,0.6510660085636523
34600,0.6521292635984952
34700,0.6531892787332514
34800,0.65424606384039
34900,0.6552996287622972
35000,0.6563499833113684
35100,0.6573971372700984
35200,0.6584411003911737
35300,0.6594818823975628
35400,0.6605194929826068
35500,0.6615539418101097
35600,0.6625852385144286
35700,0.663613392700563
35800,0.6646384139442445
35900,0.6656603117920261
36000,0.6666790957613713
36100,0.6676947753407416
36200,0.6687073599896867
36300,0.6697168591389309
36400,0.6707232821904618
36500,0.6717266385176179
36600,0.6727269374651759
36700,0.6737241883494368
36800,0.6747184004583142
36900,0.6757095830514194
37000,0.6766977453601487
37100,0.6776828965877688
37200,0.6786650459095025
37300,0.6796442024726144
37400,0.6806203753964959
37500,0.6815935737727505
37600,0.6825638066652782
37700,0.6835310831103592
37800,0.6844954121167397
37900,0.6854568026657144
38000,0.6864152637112106
38100,0.6873708041798718
38200,0.6883234329711407
38300,0.6892731589573419
38400,0.6902199909837645
38500,0.6911639378687451
38600,0.6921050084037492
38700,0.6930432113534534
38800,0.6939785554558269
38900,0.6949110494222133
39000,0.6958407019374109
39100,0.6967675216597546
39200,0.6976915172211958
39300,0.6986126972273832
39400,0.6995310702577422
39500,0.7004466448655562
39600,0.701359429578045
39700,0.7022694328964446
39800,0.7031766632960866
39900,0.704081129226477
40000,0.7049828391113747
40100,0.7058818013488704
40200,0.7067780243114641
40300,0.7076715163461438
40400,0.7085622857744632
40500,0.7094503408926185
40600,0.7103356899715263
40700,0.7112183412569006
40800,0.7120983029693293
40900,0.7129755833043507
41000,0.7138501904325307
41100,0.7147221324995374
41200,0.7155914176262186
41300,0.7164580539086761
41400,0.7173220494183419
41500,0.718183412202053
41600,0.7190421502821264
41700,0.719898271656434
41800,0.7207517842984772
41900,0.7216026961574604
42000,0.722451015158366
42100,0.7232967492020275
42200,0.7241399061652034
42300,0.7249804939006508
42400,0.7258185202371978
42500,0.7266539929798173
42600,0.7274869199096988
42700,0.7283173087843219
42800,0.7291451673375274
42900,0.7299705032795905
43000,0.7307933242972913
43100,0.7316136380539876
43200,0.732431452189686
43300,0.7332467743211121
43400,0.7340596120417828
43500,0.7348699729220762
43600,0.7356778645093023
43700,0.7364832943277732
43800,0.7372862698788734
43900,0.7380867986411295
44000,0.7388848880702801
44100,0.7396805455993445
44200,0.740473778638693
44300,0.741264594576115
44400,0.7420530007768885
44500,0.7428390045838482
44600,0.7436226133174539
44700,0.7444038342758592
44800,0.7451826747349788
44900,0.7459591419485567
45000,0.7467332431482339
45100,0.747504985543615
45200,0.7482743763223361
45300,0.7490414226501315
45400,0.7498061316709004
45500,0.7505685105067733
45600,0.7513285662581787
45700,0.7520863060039089
45800,0.7528417368011859
45900,0.7535948656857278
46000,0.754345699671813
46100,0.755094245752347
46200,0.7558405108989265
46300,0.7565845020619048
46400,0.7573262261704563
46500,0.7580656901326415
46600,0.7588029008354704
46700,0.7595378651449678
46800,0.7602705899062363
46900,0.7610010819435208
47000,0.7617293480602711
47100,0.7624553950392065
47200,0.7631792296423778
47300,0.7639008586112312
47400,0.7646202886666705
47500,0.7653375265091198
47600,0.7660525788185861
47700,0.7667654522547215
47800,0.7674761534568848
47900,0.7681846890442041
48000,0.7688910656156376
48100,0.7695952897500358
48200,0.7702973680062021
48300,0.7709973069229545
48400,0.7716951130191863
48500,0.7723907927939263
48600,0.7730843527264002
48700,0.7737757992760904
48800,0.7744651388827962
48900,0.7751523779666938
49000,0.7758375229283964
49100,0.7765205801490132
49200,0.7772015559902095
49300,0.7778804567942653
49400,0.7785572888841352
49500,0.7792320585635063
49600,0.7799047721168578
49700,0.7805754358095188
49800,0.7812440558877272
49900,0.7819106385786876
50000,0.7825751900906293
50100,0.7832377166128642
50200,0.7838982243158447
50300,0.7845567193512204
50400,0.7852132078518963
50500,0.7858676959320892
50600,0.7865201896873851
50700,0.787170695194796
50800,0.7878192185128159
50900,0.7884657656814781
51000,0.7891103427224105
51100,0.7897529556388928
51200,0.7903936104159112
51300,0.7910323130202149
51400,0.7916690694003718
51500,0.7923038854868235
51600,0.7929367671919403
51700,0.793567720410077
51800,0.794196751017627
51900,0.7948238648730779
52000,0.7954490678170654
52100,0.7960723656724278
52200,0.7966937642442604
52300,0.7973132693199695
52400,0.7979308866693262
52500,0.7985466220445204
52600,0.7991604811802142
52700,0.799772469793595
52800,0.8003825935844293
52900,0.8009908582351157
53000,0.8015972694107374
53100,0.8022018327591153
53200,0.8028045539108605
53300,0.8034054384794268
53400,0.8040044920611631
53500,0.8046017202353651
53600,0.8051971285643278
53700,0.8057907225933968
53800,0.8063825078510203
53900,0.8069724898488007
54000,0.8075606740815451
54100,0.8081470660273177
54200,0.8087316711474899
54300,0.8093144948867916
54400,0.8098955426733618
54500,0.810474819918799
54600,0.8110523320182116
54700,0.8116280843502687
54800,0.8122020822772494
54900,0.8127743311450933
55000,0.8133448362834502
55100,0.8139136030057295
55200,0.8144806366091496
55300,0.815045942374788
55400,0.8156095255676294
55500,0.8161713914366159
55600,0.8167315452146946
55700,0.8172899921188677
55800,0.8178467373502397
55900,0.8184017860940671
56000,0.8189551435198058
56100,0.8195068147811598
56200,0.8200568050161289
56300,0.8206051193470565
56400,0.8211517628806775
56500,0.8216967407081661
56600,0.8222400579051825
56700,0.8227817195319208
56800,0.8233217306331558
56900,0.8238600962382904
57000,0.8243968213614017
57100,0.8249319110012884
57200,0.8254653701415171
57300,0.8259972037504686
57400,0.8265274167813845
57500,0.827056014172413
57600,0.8275830008466548
57700,0.8281083817122096
57800,0.828632161662221
57900,0.8291543455749224
58000,0.829674938313683
58100,0.8301939447270519
58200,0.8307113696488045
58300,0.8312272178979867
58400,0.8317414942789598
58500,0.832254203581446
58600,0.832765350580572
58700,0.8332749400369143
58800,0.833782976696543
58900,0.8342894652910663
59000,0.8347944105376743
59100,0.8352978171391836
59200,0.8357996897840798
59300,0.8363000331465628
59400,0.8367988518865888
59500,0.8372961506499148
59600,0.8377919340681416
59700,0.8382862067587562
59800,0.8387789733251763
59900,0.8392702383567913
60000,0.8397600064290067
60100,0.8402482821032861
60200,0.840735069927193
60300,0.8412203744344345
60400,0.8417042001449023
60500,0.8421865515647156
60600,0.8426674331862625
60700,0.8431468494882423
60800,0.8436248049357069
60900,0.8441013039801027
61000,0.8445763510593118
61100,0.8450499505976932
61200,0.8455221070061245
61300,0.8459928246820423
61400,0.846462108009484
61500,0.8469299613591278
61600,0.8473963890883339
61700,0.8478613955411852
61800,0.848324985048527
61900,0.8487871619280084
62000,0.8492479304841216
62100,0.8497072950082424
62200,0.8501652597786703
62300,0.8506218290606681
62400,0.8510770071065015
62500,0.8515307981554793
62600,0.8519832064339921
62700,0.852434236155552
62800,0.8528838915208323
62900,0.853332176717706
63000,0.853779095921285
63100,0.8542246532939588
63200,0.8546688529854338
63300,0.8551116991327714
63400,0.855553195860427
63500,0.8559933472802876
63600,0.8564321574917113
63700,0.8568696305815645
63800,0.8573057706242604
63900,0.8577405816817966
64000,0.8581740678037935
64100,0.8586062330275316
64200,0.8590370813779891
64300,0.8594666168678794
64400,0.8598948434976887
64500,0.8603217652557134
64600,0.8607473861180962
64700,0.8611717100488645
64800,0.8615947409999667
64900,0.8620164829113086
65000,0.8624369397107907
65100,0.8628561153143449
65200,0.8632740136259702
65300,0.8636906385377698
65400,0.864105993929987
65500,0.8645200836710413
65600,0.8649329116175646
65700,0.8653444816144372
65800,0.8657547974948232
65900,0.8661638630802069
66000,0.8665716821804272
66100,0.8669782585937147
66200,0.8673835961067258
66300,0.867787698494578
66400,0.8681905695208864
66500,0.8685922129377968
66600,0.8689926324860222
66700,0.8693918318948771
66800,0.8697898148823119
66900,0.870186585154948
67000,0.8705821464081122
67100,0.870976502325871
67200,0.8713696565810651
67300,0.8717616128353434
67400,0.872152374739197
67500,0.8725419459319941
67600,0.8729303300420121
67700,0.8733175306864737
67800,0.8737035514715782
67900,0.8740883959925372
68000,0.8744720678336066
68100,0.8748545705681208
68200,0.8752359077585253
68300,0.875616082956411
68400,0.875995099702546
68500,0.8763729615269091
68600,0.8767496719487231
68700,0.8771252344764869
68800,0.8774996526080087
68900,0.877872929830438
69000,0.8782450696202988
69100,0.8786160754435213
69200,0.8789859507554747
69300,0.879354699000999
69400,0.8797223236144376
69500,0.8800888280196683
69600,0.8804542156301363
69700,0.8808184898488854
69800,0.88118165406859
69900,0.881543711671586
70000,0.8819046660299031
70100,0.8822645205052964
70200,0.8826232784492761
70300,0.882980943203141
70400,0.8833375180980076
70500,0.8836930064548426
70600,0.8840474115844927
70700,0.8844007367877162
70800,0.8847529853552136
70900,0.885104160567658
71000,0.8854542656957254
71100,0.8858033040001264
71200,0.886151278731635
71300,0.8864981931311199
71400,0.8868440504295744
71500,0.8871888538481462
71600,0.8875326065981681
71700,0.8878753118811871
71800,0.8882169728889948
71900,0.888557592803657
72000,0.8888971747975428
72100,0.8892357220333553
72200,0.8895732376641599
72300,0.889909724833414
72400,0.890245186674997
72500,0.8905796263132382
72600,0.8909130468629471
72700,0.8912454514294418
72800,0.8915768431085778
72900,0.8919072249867772
73000,0.8922366001410573
73100,0.8925649716390595
73200,0.8928923425390771
73300,0.8932187158900847
73400,0.8935440947317662
73500,0.893868482094543
73600,0.8941918809996023
73700,0.8945142944589255
73800,0.8948357254753158
73900,0.8951561770424264
74000,0.8954756521447887
74100,0.8957941537578396
74200,0.896111684847949
74300,0.8964282483724485
74400,0.8967438472796578
74500,0.8970584845089128
74600,0.8973721629905926
74700,0.8976848856461475
74800,0.8979966553881248
74900,0.8983074751201978
75000,0.8986173477371912
75100,0.898926276125109
75200,0.8992342631611611
75300,0.8995413117137899
75400,0.8998474246426976
75500,0.9001526047988722
75600,0.900456855024614
75700,0.9007601781535631
75800,0.9010625770107246
75900,0.9013640544124953
76000,0.9016646131666903
76100,0.9019642560725688
76200,0.90226298592086
76300,0.9025608054937895
76400,0.902857717565105
76500,0.9031537249001023
76600,0.9034488302556507
76700,0.903743036380219
76800,0.904036346013901
76900,0.9043287618884412
77000,0.9046202867272597
77100,0.9049109232454781
77200,0.9052006741499447
77300,0.9054895421392594
77400,0.9057775299037993
77500,0.9060646401257434
77600,0.9063508754790975
77700,0.9066362386297199
77800,0.9069207322353448
77900,0.9072043589456085
78000,0.9074871214020731
78100,0.9077690222382517
78200,0.9080500640796326
78300,0.9083302495437038
78400,0.9086095812399775
78500,0.9088880617700141
78600,0.9091656937274469
78700,0.909442479698006
78800,0.9097184222595421
78900,0.9099935239820512
79000,0.9102677874276978
79100,0.9105412151508392
79200,0.9108138096980494
79300,0.911085573608142
79400,0.9113565094121953
79500,0.9116266196335743
79600,0.9118959067879553
79700,0.9121643733833488
79800,0.912432021920123
79900,0.9126988548910272
80000,0.912964874781215
80100,0.913230084068267
80200,0.9134944852222147
80300,0.9137580807055624
80400,0.9140208729733116
80500,0.9142828644729823
80600,0.9145440576446372
80700,0.914804454920903
80800,0.9150640587269944
80900,0.9153228714807358
81000,0.9155808955925844
81100,0.9158381334656521
81200,0.9160945874957283
81300,0.9163502600713019
81400,0.9166051535735841
81500,0.9168592703765297
81600,0.9171126128468599
81700,0.9173651833440842
81800,0.9176169842205223
81900,0.917868017821326
82000,0.918118286484501
82100,0.9183677925409289
82200,0.9186165383143885
82300,0.918864526121578
82400,0.919111758272136
82500,0.9193582370686635
82600,0.9196039648067448
82700,0.9198489437749696
82800,0.9200931762549537
82900,0.9203366645213604
83000,0.920579410841922
83100,0.9208214174774605
83200,0.9210626866819087
83300,0.9213032207023317
83400,0.9215430217789472
83500,0.9217820921451465
83600,0.9220204340275158
83700,0.9222580496458561
83800,0.9224949412132046
83900,0.9227311109358551
84000,0.9229665610133784
84100,0.9232012936386427
84200,0.9234353109978343
84300,0.923668615270478
84400,0.9239012086294572
84500,0.9241330932410341
84600,0.92436427126487
84700,0.9245947448540455
84800,0.9248245161550801
84900,0.925053587307953
85000,0.9252819604461222
85100,0.9255096376965449
85200,0.9257366211796971
85300,0.9259629130095933
85400,0.9261885152938065
85500,0.9264134301334873
85600,0.926637659623384
85700,0.9268612058518617
85800,0.9270840709009223
85900,0.927306256846223
86000,0.9275277657570966
86100,0.92774859969657
86200,0.927968760721384
86300,0.9281882508820121
86400,0.9284070722226796
86500,0.9286252267813829
86600,0.9288427165899082
86700,0.9290595436738507
86800,0.9292757100526329
86900,0.9294912177395243
87000,0.9297060687416594
87100,0.9299202650600566
87200,0.9301338086896371
87300,0.9303467016192433
87400,0.930558945831657
87500,0.9307705433036182
87600,0.9309814960058438
87700,0.9311918059030454
87800,0.9314014749539478
87900,0.9316105051113073
88000,0.9318188983219298
88100,0.9320266565266893
88200,0.932233781660545
88300,0.9324402756525608
88400,0.9326461404259219
88500,0.9328513778979532
88600,0.9330559899801378
88700,0.9332599785781337
88800,0.9334633455917921
88900,0.9336660929151753
89000,0.933868222436574
89100,0.9340697360385248
89200,0.9342706355978282
89300,0.9344709229855658
89400,0.9346706000671176
89500,0.9348696687021794
89600,0.9350681307447803
89700,0.9352659880433003
89800,0.9354632424404865
89900,0.9356598957734711
90000,0.9358559498737884
90100,0.9360514065673916
90200,0.9362462676746699
90300,0.9364405350104658
90400,0.9366342103840911
90500,0.9368272955993451
90600,0.93701979245453
90700,0.9372117027424689
90800,0.9374030282505211
90900,0.9375937707606005
91000,0.9377839320491903
91100,0.9379735138873613
91200,0.938162518040787
91300,0.9383509462697609
91400,0.9385388003292124
91500,0.9387260819687239
91600,0.9389127929325458
91700,0.9390989349596139
91800,0.9392845097835655
91900,0.9394695191327544
92000,0.9396539647302689
92100,0.9398378482939459
92200,0.9400211715363882
92300,0.94020393616498
92400,0.9403861438819028
92500,0.9405677963841512
92600,0.9407488953635491
92700,0.9409294425067649
92800,0.9411094394953274
92900,0.9412888880056419
93000,0.9414677897090049
93100,0.9416461462716207
93200,0.941823959354616
93300,0.9420012306140563
93400,0.9421779617009604
93500,0.9423541542613161
93600,0.9425298099360961
93700,0.9427049303612725
93800,0.9428795171678324
93900,0.9430535719817928
94000,0.9432270964242165
94100,0.9434000921112263
94200,0.9435725606540205
94300,0.9437445036588878
94400,0.9439159227272224
94500,0.9440868194555386
94600,0.9442571954354861
94700,0.9444270522538647
94800,0.9445963914926385
94900,0.9447652147289516
95000,0.9449335235351419
95100,0.9451013194787566
95200,0.9452686041225662
95300,0.9454353790245787
95400,0.9456016457380554
95500,0.945767405811524
95600,0.9459326607887938
95700,0.94609741220897
95800,0.9462616616064676
95900,0.9464254105110264
96000,0.9465886604477245
96100,0.9467514129369929
96200,0.94691366949463
96300,0.9470754316318148
96400,0.9472367008551218
96500,0.9473974786665348
96600,0.9475577665634605
96700,0.9477175660387431
96800,0.9478768785806778
96900,0.9480357056730248
97000,0.9481940487950227
97100,0.9483519094214029
97200,0.9485092890224033
97300,0.9486661890637813
97400,0.9488226110068283
97500,0.9489785563083826
97600,0.9491340264208435
97700,0.9492890227921847
97800,0.9494435468659674
97900,0.9495976000813544
98000,0.9497511838731227
98100,0.9499042996716779
98200,0.9500569489030664
98300,0.9502091329889895
98400,0.9503608533468162
98500,0.9505121113895969
98600,0.9506629085260757
98700,0.9508132461607046
98800,0.9509631256936556
98900,0.9511125485208344
99000,0.9512615160338929
99100,0.9514100296202428
99200,0.9515580906630677
99300,0.9517057005413369
99400,0.9518528606298174
99500,0.9519995722990873
99600,0.9521458369155482
99700,0.9522916558414382
99800,0.9524370304348442
99900,0.9525819620497151
100000,0.952726452035874
100100,0.9528705017390309
100200,0.953014112500795
100300,0.9531572856586878
100400,0.953300022546155
100500,0.9534423244925789
100600,0.9535841928232912
100700,0.953725628859585
100800,0.9538666339187273
100900,0.9540072093139711
101000,0.9541473563545677
101100,0.9542870763457793
101200,0.95442637058889
101300,0.9545652403812194
101400,0.9547036870161335
101500,0.9548417117830577
101600,0.9549793159674879
101700,0.9551165008510029
101800,0.9552532677112766
101900,0.9553896178220896
102000,0.9555255524533408
102100,0.95566107287106
102200,0.9557961803374186
102300,0.9559308761107426
102400,0.9560651614455231
102500,0.9561990375924292
102600,0.9563325057983185
102700,0.9564655673062497
102800,0.9565982233554929
102900,0.9567304751815431
103000,0.9568623240161295
103100,0.9569937710872287
103200,0.9571248176190753
103300,0.9572554648321733
103400,0.9573857139433078
103500,0.9575155661655562
103600,0.9576450227082994
103700,0.957774084777233
103800,0.957902753574379
103900,0.9580310302980963
104000,0.9581589161430925
104100,0.9582864123004345
104200,0.95841351995756
104300,0.9585402402982883
104400,0.9586665745028317
104500,0.9587925237478057
104600,0.9589180892062408
104700,0.9590432720475932
104800,0.9591680734377553
104900,0.9592924945390672
105000,0.9594165365103267
105100,0.959540200506801
105200,0.9596634876802369
105300,0.9597863991788714
105400,0.9599089361474431
105500,0.9600310997272021
105600,0.9601528910559209
105700,0.9602743112679052
105800,0.9603953614940042
105900,0.9605160428616213
106000,0.9606363564947245
106100,0.9607563035138569
106200,0.960875885036147
106300,0.9609951021753195
106400,0.9611139560417052
106500,0.9612324477422518
106600,0.9613505783805336
106700,0.9614683490567624
106800,0.9615857608677973
106900,0.9617028149071555
107000,0.9618195122650215
107100,0.9619358540282583
107200,0.962051841280417
107300,0.9621674751017467
107400,0.962282756569205
107500,0.962397686756468
107600,0.9625122667339397
107700,0.9626264975687631
107800,0.9627403803248286
107900,0.9628539160627855
108000,0.9629671058400506
108100,0.9630799507108192
108200,0.9631924517260736
108300,0.9633046099335941
108400,0.9634164263779681
108500,0.9635279021005999
108600,0.9636390381397206
108700,0.9637498355303976
108800,0.9638602953045444
108900,0.9639704184909299
109000,0.9640802061151883
109100,0.9641896591998286
109200,0.9642987787642439
109300,0.9644075658247211
109400,0.9645160213944505
109500,0.9646241464835349
109600,0.964731942098999
109700,0.9648394092447993
109800,0.9649465489218328
109900,0.9650533621279469
110000,0.965159849857948
110100,0.9652660131036116
110200,0.9653718528536908
110300,0.9654773700939259
110400,0.9655825658070536
110500,0.965687440972816
110600,0.9657919965679698
110700,0.9658962335662952
110800,0.9660001529386053
110900,0.9661037556527551
111000,0.9662070426736501
111100,0.9663100149632559
111200,0.9664126734806064
111300,0.9665150191818139
111400,0.9666170530200766
111500,0.9667187759456883
111600,0.9668201889060475
111700,0.9669212928456652
111800,0.967022088706175
111900,0.9671225774263408
112000,0.9672227599420659
112100,0.967322637186402
112200,0.9674222100895574
112300,0.9675214795789062
112400,0.9676204465789965
112500,0.9677191120115591
112600,0.9678174767955161
112700,0.9679155418469898
112800,0.9680133080793106
112900,0.9681107764030261
113000,0.968207947725909
113100,0.9683048229529664
113200,0.9684014029864472
113300,0.9684976887258511
113400,0.9685936810679372
113500,0.9686893809067317
113600,0.9687847891335368
113700,0.9688799066369387
113800,0.9689747343028157
113900,0.969069273014347
114000,0.9691635236520205
114100,0.9692574870936412
114200,0.9693511642143392
114300,0.9694445558865779
114400,0.9695376629801623
114500,0.969630486362247
114600,0.969723026897344
114700,0.9698152854473314
114800,0.9699072628714606
114900,0.9699989600263649
115000,0.9700903777660674
115100,0.9701815169419888
115200,0.9702723784029553
115300,0.9703629629952069
115400,0.9704532715624046
115500,0.9705433049456387
115600,0.9706330639834369
115700,0.9707225495117713
115800,0.970811762364067
115900,0.9709007033712095
116000,0.9709893733615523
116100,0.9710777731609249
116200,0.9711659035926405
116300,0.9712537654775032
116400,0.9713413596338163
116500,0.9714286868773894
116600,0.9715157480215463
116700,0.9716025438771325
116800,0.9716890752525227
116900,0.9717753429536283
117000,0.971861347783905
117100,0.9719470905443603
117200,0.972032572033561
117300,0.9721177930476402
117400,0.9722027543803055
117500,0.9722874568228456
117600,0.9723719011641381
117700,0.9724560881906569
117800,0.9725400186864793
117900,0.9726236934332935
118000,0.9727071132104055
118100,0.9727902787947471
118200,0.9728731909608822
118300,0.9729558504810147
118400,0.9730382581249956
118500,0.9731204146603297
118600,0.9732023208521835
118700,0.9732839774633917
118800,0.9733653852544644
118900,0.9734465449835946
119000,0.9735274574066648
119100,0.9736081232772542
119200,0.9736885433466459
119300,0.9737687183638334
119400,0.9738486490755283
119500,0.9739283362261665
119600,0.9740077805579157
119700,0.9740869828106822
119800,0.9741659437221173
119900,0.974244664027625
120000,0.974323144460368
120100,0.9744013857512754
120200,0.9744793886290487
120300,0.974557153820169
120400,0.9746346820489039
120500,0.9747119740373138
120600,0.9747890305052588
120700,0.9748658521704059
120800,0.9749424397482349
120900,0.9750187939520454
121000,0.9750949154929638
121100,0.9751708050799492
121200,0.9752464634198008
121300,0.9753218912171636
121400,0.9753970891745358
121500,0.975472057992275
121600,0.9755467983686043
121700,0.9756213109996197
121800,0.9756955965792957
121900,0.9757696557994924
122000,0.9758434893499617
122100,0.9759170979183536
122200,0.9759904821902227
122300,0.9760636428490347
122400,0.9761365805761727
122500,0.9762092960509435
122600,0.9762817899505838
122700,0.9763540629502669
122800,0.9764261157231087
122900,0.9764979489401736
123000,0.9765695632704818
123100,0.9766409593810147
123200,0.9767121379367208
123300,0.9767830996005231
123400,0.9768538450333243
123500,0.9769243748940131
123600,0.9769946898394705
123700,0.9770647905245761
123800,0.9771346776022136
123900,0.9772043517232778
124000,0.9772738135366797
124100,0.9773430636893532
124200,0.9774121028262606
124300,0.9774809315903991
124400,0.9775495506228067
124500,0.9776179605625678
124600,0.9776861620468197
124700,0.9777541557107581
124800,0.977821942187643
124900,0.9778895221088051
125000,0.977956896103651
125100,0.9780240647996696
125200,0.9780910288224378
125300,0.9781577887956261
125400,0.9782243453410046
125500,0.9782906990784489
125600,0.9783568506259458
125700,0.9784228005995986
125800,0.9784885496136337
125900,0.9785540982804057
126000,0.9786194472104032
126100,0.9786845970122545
126200,0.9787495482927335
126300,0.978814301656765
126400,0.9788788577074305
126500,0.9789432170459741
126600,0.9790073802718074
126700,0.9790713479825159
126800,0.9791351207738638
126900,0.9791986992398002
127000,0.9792620839724642
127100,0.9793252755621905
127200,0.9793882745975152
127300,0.9794510816651809
127400,0.9795136973501422
127500,0.9795761222355714
127600,0.9796383569028638
127700,0.979700401931643
127800,0.9797622578997665
127900,0.9798239253833307
128000,0.9798854049566771
128100,0.9799466971923965
128200,0.9800078026613352
128300,0.9800687219326003
128400,0.9801294555735643
128500,0.980190004149871
128600,0.9802503682254405
128700,0.980310548362475
128800,0.9803705451214628
128900,0.9804303590611851
129000,0.9804899907387199
129100,0.9805494407094479
129200,0.9806087095270574
129300,0.9806677977435495
129400,0.9807267059092435
129500,0.9807854345727813
129600,0.9808439842811337
129700,0.9809023555796041
129800,0.9809605490118348
129900,0.9810185651198112
130000,0.9810764044438673
130100,0.9811340675226908
130200,0.9811915548933278
130300,0.9812488670911876
130400,0.9813060046500486
130500,0.9813629681020625
130600,0.981419757977759
130700,0.9814763748060521
130800,0.9815328191142433
130900,0.9815890914280276
131000,0.9816451922714984
131100,0.9817011221671516
131200,0.9817568816358914
131300,0.9818124711970345
131400,0.9818678913683153
131500,0.9819231426658905
131600,0.9819782256043441
131700,0.9820331406966918
131800,0.9820878884543863
131900,0.982142469387322
132000,0.9821968840038391
132100,0.9822511328107292
132200,0.9823052163132394
132300,0.9823591350150774
132400,0.982412889418416
132500,0.9824664800238976
132600,0.9825199073306394
132700,0.9825731718362375
132800,0.9826262740367717
132900,0.9826792144268104
133000,0.9827319934994146
133100,0.9827846117461434
133200,0.9828370696570575
133300,0.9828893677207248
133400,0.982941506424224
133500,0.9829934862531499
133600,0.9830453076916174
133700,0.9830969712222666
133800,0.9831484773262664
133900,0.98319982648332
134000,0.9832510191716687
134100,0.9833020558680963
134200,0.983352937047934
134300,0.9834036631850647
134400,0.9834542347519268
134500,0.9835046522195199
134600,0.9835549160574076
134700,0.9836050267337232
134800,0.9836549847151733
134900,0.9837047904670424
135000,0.9837544444531973
135100,0.9838039471360911
135200,0.9838532989767681
135300,0.9839025004348673
135400,0.9839515519686275
135500,0.9840004540348909
135600,0.9840492070891077
135700,0.9840978115853405
135800,0.9841462679762679
135900,0.9841945767131894
136000,0.9842427382460294
136100,0.9842907530233409
136200,0.9843386214923106
136300,0.984386344098762
136400,0.9844339212871608
136500,0.9844813535006177
136600,0.9845286411808936
136700,0.9845757847684029
136800,0.9846227847022185
136900,0.9846696414200748
137000,0.9847163553583729
137100,0.9847629269521837
137200,0.9848093566352526
137300,0.9848556448400033
137400,0.9849017919975417
137500,0.9849477985376602
137600,0.9849936648888414
137700,0.9850393914782626
137800,0.9850849787317989
137900,0.9851304270740281
138000,0.9851757369282341
138100,0.985220908716411
138200,0.985265942859267
138300,0.9853108397762286
138400,0.9853555998854436
138500,0.9854002236037863
138600,0.9854447113468605
138700,0.9854890635290033
138800,0.9855332805632899
138900,0.9855773628615361
139000,0.9856213108343033
139100,0.9856651248909016
139200,0.9857088054393941
139300,0.9857523528866001
139400,0.9857957676380997
139500,0.985839050098237
139600,0.9858822006701238
139700,0.9859252197556436
139800,0.9859681077554556
139900,0.9860108650689978
140000,0.9860534920944913
140100,0.9860959892289435
140200,0.9861383568681522
140300,0.9861805954067092
140400,0.9862227052380038
140500,0.9862646867542267
140600,0.9863065403463734
140700,0.9863482664042482
140800,0.9863898653164673
140900,0.986431337470463
141000,0.9864726832524867
141100,0.9865139030476133
141200,0.9865549972397439
141300,0.9865959662116102
141400,0.9866368103447771
141500,0.9866775300196474
141600,0.9867181256154643
141700,0.9867585975103158
141800,0.9867989460811375
141900,0.9868391717037164
142000,0.9868792747526945
142100,0.9869192556015725
142200,0.9869591146227125
142300,0.9869988521873422
142400,0.9870384686655581
142500,0.9870779644263291
142600,0.9871173398374994
142700,0.9871565952657928
142800,0.9871957310768152
142900,0.9872347476350589
143000,0.987273645303905
143100,0.987312424445628
143200,0.9873510854213976
143300,0.9873896285912838
143400,0.987428054314259
143500,0.9874663629482018
143600,0.9875045548499003
143700,0.9875426303750555
143800,0.9875805898782845
143900,0.9876184337131236
144000,0.9876561622320322
144100,0.9876937757863955
144200,0.9877312747265279
144300,0.9877686594016764
144400,0.9878059301600238
144500,0.9878430873486922
144600,0.9878801313137454
144700,0.9879170624001932
144800,0.9879538809519938
144900,0.9879905873120574
145000,0.9880271818222494
145100,0.9880636648233934
145200,0.9881000366552745
145300,0.9881362976566421
145400,0.9881724481652141
145500,0.9882084885176785
145600,0.9882444190496981
145700,0.9882802400959121
145800,0.9883159519899408
145900,0.9883515550643873
146000,0.9883870496508417
146100,0.9884224360798831
146200,0.9884577146810839
146300,0.9884928857830119
146400,0.9885279497132337
146500,0.9885629067983177
146600,0.9885977573638376
146700,0.9886325017343744
146800,0.9886671402335209
146900,0.9887016731838828
147000,0.9887361009070836
147100,0.9887704237237666
147200,0.9888046419535976
147300,0.988838755915269
147400,0.9888727659265018
147500,0.9889066723040484
147600,0.9889404753636969
147700,0.9889741754202723
147800,0.989007772787641
147900,0.9890412677787124
148000,0.9890746607054428
148100,0.9891079518788377
148200,0.9891411416089552
148300,0.9891742302049082
148400,0.9892072179748681
148500,0.989240105226067
148600,0.9892728922648008
148700,0.9893055793964322
148800,0.9893381669253933
148900,0.9893706551551888
149000,0.9894030443883982
149100,0.9894353349266793
149200,0.9894675270707706
149300,0.9894996211204939
149400,0.989531617374758
149500,0.9895635161315606
149600,0.989595317687991
149700,0.9896270223402338
149800,0.9896586303835708
149900,0.9896901421123839
150000,0.9897215578201584
150100,0.9897528777994847
150200,0.9897841023420623
150300,0.9898152317387012
150400,0.9898462662793258
150500,0.9898772062529768
150600,0.9899080519478141
150700,0.9899388036511196
150800,0.9899694616492999
150900,0.9900000262278887
151000,0.9900304976715498
151100,0.9900608762640795
151200,0.9900911622884093
151300,0.9901213560266087
151400,0.9901514577598874
151500,0.9901814677685987
151600,0.9902113863322412
151700,0.9902412137294619
151800,0.9902709502380588
151900,0.9903005961349834
152000,0.9903301516963433
152100,0.9903596171974047
152200,0.9903889929125952
152300,0.9904182791155057
152400,0.9904474760788939
152500,0.9904765840746864
152600,0.9905056033739809
152700,0.9905345342470491
152800,0.9905633769633391
152900,0.9905921317914782
153000,0.9906207989992749
153100,0.9906493788537218
153200,0.9906778716209979
153300,0.9907062775664709
153400,0.9907345969547001
153500,0.9907628300494388
153600,0.9907909771136363
153700,0.9908190384094407
153800,0.9908470141982014
153900,0.9908749047404715
154000,0.9909027102960098
154100,0.9909304311237841
154200,0.9909580674819727
154300,0.9909856196279672
154400,0.991013087818375
154500,0.9910404723090217
154600,0.9910677733549532
154700,0.9910949912104381
154800,0.9911221261289705
154900,0.991149178363272
155000,0.9911761481652939
155100,0.9912030357862199
155200,0.9912298414764685
155300,0.9912565654856949
155400,0.9912832080627934
155500,0.9913097694559003
155600,0.9913362499123957
155700,0.9913626496789054
155800,0.9913889690013045
155900,0.9914152081247183
156000,0.9914413672935253
156100,0.9914674467513592
156200,0.9914934467411118
156300,0.9915193675049344
156400,0.9915452092842403
156500,0.9915709723197075
156600,0.9915966568512804
156700,0.9916222631181724
156800,0.9916477913588677
156900,0.9916732418111243
157000,0.9916986147119753
157100,0.9917239102977315
157200,0.991749128803984
157300,0.9917742704656057
157400,0.9917993355167539
157500,0.9918243241908724
157600,0.9918492367206937
157700,0.991874073338241
157800,0.9918988342748304
157900,0.9919235197610736
158000,0.9919481300268792
158100,0.9919726653014552
158200,0.9919971258133116
158300,0.9920215117902614
158400,0.9920458234594243
158500,0.992070061047227
158600,0.9920942247794069
158700,0.9921183148810133
158800,0.9921423315764097
158900,0.9921662750892762
159000,0.992190145642611
159100,0.9922139434587329
159200,0.9922376687592833
159300,0.9922613217652282
159400,0.9922849026968602
159500,0.9923084117738008
159600,0.9923318492150022
159700,0.9923552152387493
159800,0.9923785100626621
159900,0.9924017339036972
160000,0.9924248869781505
160100,0.9924479695016581
160200,0.9924709816892
160300,0.9924939237551003
160400,0.9925167959130303
160500,0.9925395983760105
160600,0.9925623313564117
160700,0.9925849950659581
160800,0.9926075897157286
160900,0.9926301155161587
161000,0.9926525726770429
161100,0.9926749614075363
161200,0.9926972819161569
161300,0.992719534410787
161400,0.9927417190986756
161500,0.9927638361864402
161600,0.9927858858800686
161700,0.9928078683849211
161800,0.9928297839057321
161900,0.9928516326466121
162000,0.9928734148110498
162100,0.9928951306019139
162200,0.9929167802214546
162300,0.9929383638713061
162400,0.9929598817524881
162500,0.9929813340654076
162600,0.9930027210098612
162700,0.9930240427850366
162800,0.9930452995895145
162900,0.9930664916212705
163000,0.993087619077677
163100,0.9931086821555049
163200,0.9931296810509255
163300,0.9931506159595124
163400,0.9931714870762431
163500,0.9931922945955014
163600,0.9932130387110784
163700,0.9932337196161746
163800,0.993254337503402
163900,0.9932748925647857
164000,0.9932953849917657
164100,0.9933158149751986
164200,0.9933361827053592
164300,0.9933564883719428
164400,0.9933767321640666
164500,0.9933969142702715
164600,0.993417034878524
164700,0.9934370941762174
164800,0.9934570923501747
164900,0.993477029586649
165000,0.9934969060713261
165100,0.9935167219893262
165200,0.9935364775252049
165300,0.9935561728629558
165400,0.993575808186012
165500,0.9935953836772472
165600,0.9936148995189781
165700,0.9936343558929659
165800,0.9936537529804177
165900,0.9936730909619889
166000,0.9936923700177838
166100,0.9937115903273585
166200,0.9937307520697214
166300,0.9937498554233359
166400,0.9937689005661214
166500,0.9937878876754552
166600,0.9938068169281741
166700,0.9938256885005758
166800,0.9938445025684213
166900,0.9938632593069354
167000,0.9938819588908097
167100,0.9939006014942028
167200,0.993919187290743
167300,0.9939377164535295
167400,0.9939561891551338
167500,0.993974605567602
167600,0.9939929658624554
167700,0.9940112702106931
167800,0.9940295187827929
167900,0.9940477117487132
168000,0.9940658492778944
168100,0.9940839315392609
168200,0.994101958701222
168300,0.9941199309316741
168400,0.9941378483980017
168500,0.9941557112670795
168600,0.9941735197052737
168700,0.9941912738784435
168800,0.9942089739519426
168900,0.994226620090621
169000,0.9942442124588263
169100,0.9942617512204055
169200,0.9942792365387059
169300,0.9942966685765773
169400,0.9943140474963735
169500,0.9943313734599533
169600,0.9943486466286822
169700,0.9943658671634343
169800,0.9943830352245934
169900,0.9944001509720544
170000,0.9944172145652251
170100,0.9944342261630278
170200,0.9944511859239
170300,0.9944680940057969
170400,0.9944849505661922
170500,0.9945017557620797
170600,0.9945185097499749
170700,0.9945352126859165
170800,0.9945518647254674
170900,0.9945684660237166
171000,0.9945850167352809
171100,0.9946015170143052
171200,0.9946179670144656
171300,0.994634366888969
171400,0.9946507167905563
171500,0.9946670168715023
171600,0.9946832672836182
171700,0.9946994681782526
171800,0.9947156197062927
171900,0.9947317220181661
172000,0.9947477752638417
172100,0.994763779592832
172200,0.9947797351541935
172300,0.9947956420965286
172400,0.9948115005679867
172500,0.9948273107162663
172600,0.9948430726886152
172700,0.9948587866318328
172800,0.9948744526922714
172900,0.9948900710158369
173000,0.994905641747991
173100,0.9949211650337518
173200,0.9949366410176959
173300,0.994952069843959
173400,0.9949674516562377
173500,0.9949827865977909
173600,0.9949980748114408
173700,0.9950133164395744
173800,0.9950285116241449
173900,0.9950436605066728
174000,0.9950587632282477
174100,0.9950738199295289
174200,0.9950888307507473
174300,0.9951037958317064
174400,0.9951187153117838
174500,0.9951335893299322
174600,0.9951484180246812
174700,0.9951632015341381
174800,0.9951779399959892
174900,0.9951926335475016
175000,0.9952072823255238
175100,0.9952218864664875
175200,0.9952364461064086
175300,0.9952509613808886
175400,0.9952654324251158
175500,0.9952798593738664
175600,0.9952942423615061
175700,0.9953085815219912
175800,0.9953228769888695
175900,0.9953371288952821
176000,0.9953513373739646
176100,0.9953655025572478
176200,0.9953796245770593
176300,0.9953937035649248
176400,0.9954077396519693
176500,0.995421732968918
176600,0.995435683646098
176700,0.9954495918134392
176800,0.9954634576004754
176900,0.9954772811363459
177000,0.9954910625497966
177100,0.9955048019691807
177200,0.9955184995224606
177300,0.9955321553372087
177400,0.9955457695406088
177500,0.9955593422594569
177600,0.9955728736201627
177700,0.9955863637487509
177800,0.9955998127708618
177900,0.9956132208117534
178000,0.9956265879963015
178100,0.9956399144490018
178200,0.9956532002939702
178300,0.9956664456549448
178400,0.9956796506552865
178500,0.9956928154179803
178600,0.9957059400656364
178700,0.9957190247204913
178800,0.9957320695044095
178900,0.9957450745388835
179000,0.9957580399450361
179100,0.9957709658436208
179200,0.9957838523550231
179300,0.9957966995992618
179400,0.9958095076959899
179500,0.9958222767644959
179600,0.9958350069237045
179700,0.9958476982921787
179800,0.9958603509881194
179900,0.9958729651293678
180000,0.9958855408334061
180100,0.9958980782173581
180200,0.9959105773979909
180300,0.9959230384917162
180400,0.9959354616145901
180500,0.9959478468823161
180600,0.9959601944102442
180700,0.9959725043133735
180800,0.9959847767063523
180900,0.9959970117034801
181000,0.9960092094187075
181100,0.9960213699656382
181200,0.9960334934575296
181300,0.996045580007294
181400,0.9960576297274999
181500,0.9960696427303725
181600,0.9960816191277949
181700,0.9960935590313098
181800,0.9961054625521195
181900,0.9961173298010877
182000,0.9961291608887403
182100,0.9961409559252661
182200,0.9961527150205186
182300,0.9961644382840164
182400,0.996176125824944
182500,0.9961877777521538
182600,0.9961993941741661
182700,0.9962109751991707
182800,0.9962225209350276
182900,0.9962340314892683
183000,0.9962455069690964
183100,0.9962569474813893
183200,0.996268353132698
183300,0.9962797240292495
183400,0.9962910602769467
183500,0.99630236198137
183600,0.996313629247778
183700,0.9963248621811087
183800,0.99633606088598
183900,0.9963472254666914
184000,0.9963583560272243
184100,0.9963694526712435
184200,0.9963805155020977
184300,0.9963915446228208
184400,0.9964025401361326
184500,0.9964135021444401
184600,0.9964244307498382
184700,0.9964353260541106
184800,0.9964461881587308
184900,0.9964570171648633
185000,0.9964678131733643
185100,0.9964785762847825
185200,0.9964893065993603
185300,0.9965000042170349
185400,0.9965106692374384
185500,0.9965213017599
185600,0.9965319018834455
185700,0.9965424697067996
185800,0.996553005328386
185900,0.996563508846328
186000,0.9965739803584507
186100,0.9965844199622805
186200,0.9965948277550469
186300,0.996605203833683
186400,0.9966155482948267
186500,0.9966258612348211
186600,0.9966361427497161
186700,0.9966463929352688
186800,0.9966566118869444
186900,0.9966667996999173
187000,0.9966769564690718
187100,0.9966870822890034
187200,0.9966971772540187
187300,0.9967072414581377
187400,0.9967172749950933
187500,0.9967272779583332
187600,0.99673725044102
187700,0.9967471925360327
187800,0.9967571043359672
187900,0.9967669859331371
188000,0.9967768374195748
188100,0.9967866588870324
188200,0.9967964504269824
188300,0.9968062121306182
188400,0.9968159440888558
188500,0.996825646392334
188600,0.9968353191314151
188700,0.9968449623961866
188800,0.9968545762764611
188900,0.9968641608617776
189000,0.9968737162414024
189100,0.9968832425043297
189200,0.9968927397392824
189300,0.9969022080347132
189400,0.9969116474788053
189500,0.9969210581594731
189600,0.996930440164363
189700,0.9969397935808546
189800,0.9969491184960612
189900,0.9969584149968304
190000,0.9969676831697453
190100,0.9969769231011252
190200,0.9969861348770265
190300,0.9969953185832431
190400,0.9970044743053076
190500,0.9970136021284921
190600,0.9970227021378086
190700,0.9970317744180103
190800,0.997040819053592
190900,0.9970498361287911
191000,0.9970588257275881
191100,0.997067787933708
191200,0.9970767228306203
191300,0.9970856305015405
191400,0.9970945110294303
191500,0.9971033644969985
191600,0.9971121909867022
191700,0.997120990580747
191800,0.9971297633610879
191900,0.9971385094094306
192000,0.9971472288072315
192100,0.9971559216356988
192200,0.9971645879757933
192300,0.9971732279082293
192400,0.9971818415134747
192500,0.9971904288717525
192600,0.9971989900630412
192700,0.9972075251670759
192800,0.9972160342633482
192900,0.9972245174311075
193000,0.9972329747493623
193100,0.9972414062968799
193200,0.9972498121521876
193300,0.9972581923935733
193400,0.9972665470990868
193500,0.9972748763465398
193600,0.9972831802135066
193700,0.9972914587773257
193800,0.9972997121150995
193900,0.9973079403036956
194000,0.9973161434197475
194100,0.997324321539655
194200,0.9973324747395851
194300,0.9973406030954727
194400,0.9973487066830216
194500,0.9973567855777046
194600,0.9973648398547645
194700,0.9973728695892152
194800,0.9973808748558416
194900,0.9973888557292009
195000,0.9973968122836231
195100,0.9974047445932118
195200,0.9974126527318445
195300,0.9974205367731741
195400,0.9974283967906284
195500,0.9974362328574121
195600,0.9974440450465064
195700,0.9974518334306702
195800,0.9974595980824409
195900,0.9974673390741347
196000,0.9974750564778473
196100,0.997482750365455
196200,0.9974904208086149
196300,0.9974980678787659
196400,0.9975056916471291
196500,0.9975132921847085
196600,0.9975208695622919
196700,0.9975284238504513
196800,0.9975359551195437
196900,0.9975434634397118
197000,0.9975509488808844
197100,0.9975584115127771
197200,0.9975658514048936
197300,0.9975732686265253
197400,0.9975806632467525
197500,0.9975880353344454
197600,0.9975953849582638
197700,0.9976027121866586
197800,0.9976100170878722
197900,0.9976172997299388
198000,0.9976245601806856
198100,0.9976317985077325
198200,0.9976390147784943
198300,0.9976462090601795
198400,0.9976533814197924
198500,0.9976605319241327
198600,0.997667660639797
198700,0.9976747676331784
198800,0.9976818529704682
198900,0.9976889167176558
199000,0.9976959589405294
199100,0.997702979704677
199200,0.9977099790754866
199300,0.997716957118147
199400,0.9977239138976483
199500,0.9977308494787823
199600,0.9977377639261441
199700,0.9977446573041312
199800,0.9977515296769454
199900,0.9977583811085925
200000,0.9977652116628835
200100,0.9977720214034349
200200,0.9977788103936693
200300,0.9977855786968162
200400,0.9977923263759121
200500,0.9977990534938017
200600,0.9978057601131383
200700,0.9978124462963838
200800,0.9978191121058104
200900,0.9978257576035
201000,0.9978323828513457
201100,0.9978389879110517
201200,0.9978455728441346
201300,0.997852137711923
201400,0.9978586825755591
201500,0.9978652074959986
201600,0.9978717125340113
201700,0.997878197750182
201800,0.9978846632049111
201900,0.9978911089584146
202000,0.997897535070725
202100,0.9979039416016922
202200,0.9979103286109834
202300,0.9979166961580842
202400,0.9979230443022988
202500,0.9979293731027509
202600,0.9979356826183836
202700,0.9979419729079609
202800,0.9979482440300677
202900,0.9979544960431097
203000,0.9979607290053155
203100,0.9979669429747359
203200,0.9979731380092447
203300,0.9979793141665395
203400,0.997985471504142
203500,0.9979916100793987
203600,0.9979977299494813
203700,0.9980038311713874
203800,0.9980099138019408
203900,0.9980159778977921
204000,0.9980220235154195
204100,0.9980280507111288
204200,0.9980340595410545
204300,0.99804005006116
204400,0.9980460223272379
204500,0.9980519763949113
204600,0.9980579123196333
204700,0.9980638301566882
204800,0.998069729961192
204900,0.9980756117880927
205000,0.9980814756921705
205100,0.9980873217280394
205200,0.9980931499501461
205300,0.9980989604127721
205400,0.9981047531700333
205500,0.9981105282758805
205600,0.9981162857841003
205700,0.9981220257483153
205800,0.9981277482219849
205900,0.9981334532584054
206000,0.9981391409107107
206100,0.9981448112318727
206200,0.9981504642747023
206300,0.9981561000918492
206400,0.9981617187358024
206500,0.9981673202588915
206600,0.9981729047132865
206700,0.9981784721509979
206800,0.9981840226238784
206900,0.9981895561836224
207000,0.9981950728817668
207100,0.9982005727696914
207200,0.9982060558986195
207300,0.9982115223196184
207400,0.9982169720835997
207500,0.9982224052413198
207600,0.9982278218433805
207700,0.9982332219402296
207800,0.9982386055821607
207900,0.9982439728193147
208000,0.9982493237016792
208100,0.99825465827909
208200,0.9982599766012307
208300,0.9982652787176335
208400,0.9982705646776797
208500,0.9982758345306004
208600,0.9982810883254764
208700,0.9982863261112388
208800,0.9982915479366701
208900,0.9982967538504036
209000,0.9983019439009249
209100,0.9983071181365714
209200,0.9983122766055336
209300,0.9983174193558549
209400,0.9983225464354325
209500,0.9983276578920175
209600,0.9983327537732155
209700,0.998337834126487
209800,0.9983428989991481
209900,0.9983479484383706
210000,0.9983529824911823
210100,0.9983580012044683
210200,0.9983630046249702
210300,0.9983679927992875
210400,0.9983729657738776
210500,0.9983779235950565
210600,0.998382866308999
210700,0.9983877939617389
210800,0.9983927065991702
210900,0.9983976042670468
211000,0.9984024870109831
211100,0.9984073548764548
211200,0.9984122079087987
211300,0.9984170461532137
211400,0.9984218696547608
211500,0.9984266784583636
211600,0.9984314726088094
211700,0.9984362521507483
211800,0.9984410171286947
211900,0.9984457675870273
212000,0.9984505035699895
212100,0.9984552251216903
212200,0.9984599322861035
212300,0.9984646251070696
212400,0.9984693036282952
212500,0.9984739678933539
212600,0.9984786179456863
212700,0.9984832538286007
212800,0.9984878755852735
212900,0.9984924832587497
213000,0.9984970768919428
213100,0.9985016565276356
213200,0.9985062222084807
213300,0.9985107739770007
213400,0.9985153118755885
213500,0.998519835946508
213600,0.9985243462318939
213700,0.9985288427737532
213800,0.9985333256139644
213900,0.9985377947942784
214000,0.9985422503563192
214100,0.9985466923415834
214200,0.9985511207914419
214300,0.998555535747139
214400,0.9985599372497933
214500,0.9985643253403985
214600,0.998568700059823
214700,0.998573061448811
214800,0.9985774095479821
214900,0.9985817443978326
215000,0.9985860660387353
215100,0.9985903745109397
215200,0.9985946698545727
215300,0.9985989521096393
215400,0.9986032213160223
215500,0.998607477513483
215600,0.9986117207416616
215700,0.9986159510400774
215800,0.9986201684481294
215900,0.9986243730050965
216000,0.998628564750138
216100,0.9986327437222936
216200,0.9986369099604845
216300,0.9986410635035128
216400,0.9986452043900625
216500,0.9986493326587002
216600,0.9986534483478743
216700,0.9986575514959165
216800,0.9986616421410414
216900,0.9986657203213474
217000,0.9986697860748166
217100,0.9986738394393155
217200,0.9986778804525953
217300,0.9986819091522919
217400,0.9986859255759267
217500,0.9986899297609069
217600,0.9986939217445253
217700,0.9986979015639613
217800,0.9987018692562812
217900,0.9987058248584382
218000,0.9987097684072727
218100,0.998713699939513
218200,0.9987176194917756
218300,0.9987215271005653
218400,0.9987254228022756
218500,0.9987293066331893
218600,0.9987331786294784
218700,0.998737038827205
218800,0.9987408872623209
218900,0.9987447239706687
219000,0.9987485489879816
219100,0.998752362349884
219200,0.9987561640918916
219300,0.9987599542494122
219400,0.9987637328577453
219500,0.9987674999520831
219600,0.9987712555675106
219700,0.9987749997390055
219800,0.9987787325014396
219900,0.9987824538895778
220000,0.9987861639380793
220100,0.9987898626814977
220200,0.9987935501542815
220300,0.9987972263907738
220400,0.9988008914252136
220500,0.9988045452917349
220600,0.9988081880243682
220700,0.9988118196570402
220800,0.9988154402235742
220900,0.9988190497576903
221000,0.998822648293006
221100,0.9988262358630363
221200,0.9988298125011942
221300,0.9988333782407907
221400,0.9988369331150353
221500,0.9988404771570365
221600,0.9988440103998018
221700,0.998847532876238
221800,0.9988510446191519
221900,0.99885454566125
222000,0.9988580360351395
222100,0.9988615157733279
222200,0.998864984908224
222300,0.9988684434721374
222400,0.9988718914972796
222500,0.9988753290157639
222600,0.9988787560596057
222700,0.9988821726607228
222800,0.9988855788509357
222900,0.9988889746619679
223000,0.9988923601254467
223100,0.9988957352729024
223200,0.9988991001357697
223300,0.998902454745387
223400,0.9989057991329977
223500,0.99890913332975
223600,0.9989124573666966
223700,0.9989157712747962
223800,0.9989190750849131
223900,0.998922368827817
224000,0.9989256525341845
224100,0.9989289262345985
224200,0.9989321899595485
224300,0.9989354437394313
224400,0.9989386876045511
224500,0.9989419215851196
224600,0.9989451457112566
224700,0.99894836001299
224800,0.9989515645202564
224900,0.9989547592629009
225000,0.9989579442706777
225100,0.9989611195732506
225200,0.9989642852001929
225300,0.9989674411809875
225400,0.9989705875450278
225500,0.9989737243216175
225600,0.998976851539971
225700,0.9989799692292136
225800,0.9989830774183822
225900,0.9989861761364248
226000,0.9989892654122015
226100,0.9989923452744841
226200,0.9989954157519572
226300,0.9989984768732175
226400,0.999001528666775
226500,0.9990045711610527
226600,0.9990076043843866
226700,0.999010628365027
226800,0.9990136431311376
226900,0.9990166487107964
227000,0.9990196451319963
227100,0.9990226324226441
227200,0.9990256106105623
227300,0.999028579723488
227400,0.9990315397890743
227500,0.9990344908348898
227600,0.9990374328884191
227700,0.999040365977063
227800,0.999043290128139
227900,0.9990462053688811
228000,0.9990491117264405
228100,0.9990520092278856
228200,0.9990548979002024
228300,0.9990577777702945
228400,0.9990606488649836
228500,0.9990635112110098
228600,0.9990663648350315
228700,0.9990692097636261
228800,0.9990720460232898
228900,0.9990748736404382
229000,0.9990776926414063
229100,0.999080503052449
229200,0.9990833048997411
229300,0.9990860982093775
229400,0.9990888830073739
229500,0.9990916593196666
229600,0.9990944271721126
229700,0.9990971865904906
229800,0.9990999376005003
229900,0.9991026802277635
230000,0.9991054144978234
230100,0.9991081404361459
230200,0.9991108580681191
230300,0.9991135674190535
230400,0.9991162685141829
230500,0.9991189613786639
230600,0.9991216460375765
230700,0.9991243225159244
230800,0.999126990838635
230900,0.9991296510305597
231000,0.9991323031164744
231100,0.9991349471210792
231200,0.9991375830689991
231300,0.9991402109847841
231400,0.9991428308929093
231500,0.9991454428177753
231600,0.9991480467837083
231700,0.9991506428149604
231800,0.9991532309357096
231900,0.9991558111700607
232000,0.9991583835420446
232100,0.9991609480756191
232200,0.9991635047946691
232300,0.9991660537230066
232400,0.9991685948843712
232500,0.9991711283024297
232600,0.9991736540007776
232700,0.9991761720029378
232800,0.9991786823323617
232900,0.9991811850124295
233000,0.9991836800664498
233100,0.9991861675176602
233200,0.999188647389228
233300,0.9991911197042491
233400,0.9991935844857498
233500,0.9991960417566857
233600,0.9991984915399427
233700,0.9992009338583369
233800,0.9992033687346147
233900,0.9992057961914536
234000,0.9992082162514616
234100,0.9992106289371782
234200,0.9992130342710737
234300,0.9992154322755503
234400,0.999217822972942
234500,0.9992202063855146
234600,0.9992225825354658
234700,0.9992249514449261
234800,0.9992273131359584
234900,0.9992296676305582
235000,0.9992320149506544
235100,0.9992343551181084
235200,0.9992366881547159
235300,0.9992390140822052
235400,0.9992413329222392
235500,0.9992436446964141
235600,0.9992459494262611
235700,0.999248247133245
235800,0.9992505378387657
235900,0.9992528215641576
236000,0.9992550983306904
236100,0.9992573681595686
236200,0.9992596310719324
236300,0.9992618870888574
236400,0.9992641362313552
236500,0.9992663785203731
236600,0.9992686139767948
236700,0.9992708426214401
236800,0.9992730644750656
236900,0.9992752795583647
237000,0.9992774878919674
237100,0.9992796894964412
237200,0.9992818843922907
237300,0.9992840725999581
237400,0.9992862541398234
237500,0.9992884290322044
237600,0.9992905972973569
237700,0.9992927589554751
237800,0.9992949140266917
237900,0.999297062531078
238000,0.9992992044886441
238100,0.9993013399193391
238200,0.9993034688430514
238300,0.9993055912796088
238400,0.9993077072487787
238500,0.9993098167702681
238600,0.9993119198637241
238700,0.999314016548734
238800,0.9993161068448251
238900,0.9993181907714657
239000,0.9993202683480642
239100,0.9993223395939703
239200,0.9993244045284745
239300,0.9993264631708088
239400,0.9993285155401461
239500,0.9993305616556014
239600,0.9993326015362312
239700,0.9993346352010339
239800,0.99933666266895
239900,0.9993386839588626
240000,0.9993406990895969
240100,0.9993427080799208
240200,0.999344710948545
240300,0.9993467077141234
240400,0.9993486983952529
240500,0.9993506830104737
240600,0.9993526615782694
240700,0.9993546341170677
240800,0.9993566006452398
240900,0.9993585611811009
241000,0.9993605157429105
241100,0.9993624643488725
241200,0.9993644070171352
241300,0.9993663437657918
241400,0.9993682746128801
241500,0.9993701995763832
241600,0.9993721186742291
241700,0.9993740319242916
241800,0.9993759393443896
241900,0.999377840952288
242000,0.9993797367656974
242100,0.9993816268022745
242200,0.9993835110796221
242300,0.9993853896152897
242400,0.9993872624267728
242500,0.9993891295315139
242600,0.9993909909469025
242700,0.9993928466902747
242800,0.9993946967789142
242900,0.9993965412300518
243000,0.9993983800608657
243100,0.9994002132884819
243200,0.9994020409299743
243300,0.9994038630023646
243400,0.9994056795226227
243500,0.9994074905076669
243600,0.9994092959743637
243700,0.9994110959395284
243800,0.999412890419925
243900,0.9994146794322664
244000,0.9994164629932146
244100,0.9994182411193808
244200,0.9994200138273258
244300,0.9994217811335596
244400,0.999423543054542
244500,0.9994252996066827
244600,0.9994270508063414
244700,0.999428796669828
244800,0.9994305372134025
244900,0.9994322724532756
245000,0.9994340024056083
245100,0.9994357270865128
245200,0.9994374465120518
245300,0.9994391606982391
245400,0.9994408696610401
245500,0.9994425734163709
245600,0.9994442719800998
245700,0.9994459653680461
245800,0.9994476535959813
245900,0.9994493366796289
246000,0.999451014634664
246100,0.9994526874767147
246200,0.9994543552213606
246300,0.9994560178841345
246400,0.9994576754805217
246500,0.99945932802596
246600,0.9994609755358408
246700,0.9994626180255078
246800,0.9994642555102586
246900,0.9994658880053439
247000,0.9994675155259679
247100,0.9994691380872887
247200,0.9994707557044178
247300,0.9994723683924212
247400,0.9994739761663184
247500,0.9994755790410836
247600,0.9994771770316453
247700,0.9994787701528862
247800,0.999480358419644
247900,0.9994819418467109
248000,0.9994835204488344
248100,0.9994850942407166
248200,0.9994866632370153
248300,0.9994882274523431
248400,0.9994897869012686
248500,0.9994913415983155
248600,0.9994928915579637
248700,0.9994944367946487
248800,0.9994959773227621
248900,0.9994975131566516
249000,0.9994990443106212
249100,0.9995005707989314
249200,0.9995020926357993
249300,0.9995036098353982
249400,0.9995051224118588
249500,0.9995066303792685
249600,0.9995081337516718
249700,0.9995096325430702
249800,0.9995111267674229
249900,0.9995126164386464
250000,0.9995141015706147
250100,0.9995155821771596
250200,0.9995170582720708
250300,0.999518529869096
250400,0.9995199969819407
250500,0.9995214596242692
250600,0.9995229178097035
250700,0.9995243715518247
250800,0.9995258208641722
250900,0.9995272657602441
251000,0.9995287062534975
251100,0.9995301423573486
251200,0.9995315740851723
251300,0.9995330014503033
251400,0.9995344244660354
251500,0.9995358431456215
251600,0.999537257502275
251700,0.9995386675491681
251800,0.9995400732994335
251900,0.9995414747661637
252000,0.9995428719624113
252100,0.999544264901189
252200,0.99954565359547
252300,0.999547038058188
252400,0.9995484183022372
252500,0.9995497943404724
252600,0.9995511661857095
252700,0.9995525338507251
252800,0.9995538973482571
252900,0.9995552566910043
253000,0.999556611891627
253100,0.999557962962747
253200,0.9995593099169475
253300,0.9995606527667733
253400,0.999561991524731
253500,0.9995633262032894
253600,0.9995646568148787
253700,0.9995659833718918
253800,0.9995673058866837
253900,0.9995686243715715
254000,0.9995699388388348
254100,0.9995712493007163
254200,0.9995725557694206
254300,0.9995738582571159
254400,0.9995751567759326
254500,0.9995764513379646
254600,0.9995777419552689
254700,0.9995790286398657
254800,0.9995803114037384
254900,0.9995815902588342
255000,0.9995828652170636
255100,0.9995841362903012
255200,0.9995854034903848
255300,0.9995866668291168
255400,0.9995879263182632
255500,0.9995891819695542
255600,0.9995904337946845
255700,0.9995916818053128
255800,0.9995929260130626
255900,0.9995941664295218
256000,0.9995954030662432
256100,0.9995966359347439
256200,0.9995978650465066
256300,0.9995990904129783
256400,0.9996003120455719
256500,0.9996015299556648
256600,0.9996027441546
256700,0.9996039546536861
256800,0.9996051614641971
256900,0.9996063645973725
257000,0.9996075640644179
257100,0.9996087598765044
257200,0.9996099520447693
257300,0.9996111405803159
257400,0.9996123254942135
257500,0.999613506797498
257600,0.9996146845011715
257700,0.9996158586162024
257800,0.9996170291535259
257900,0.9996181961240438
258000,0.9996193595386248
258100,0.9996205194081043
258200,0.9996216757432848
258300,0.9996228285549357
258400,0.999623977853794
258500,0.9996251236505634
258600,0.9996262659559156
258700,0.9996274047804894
258800,0.9996285401348912
258900,0.9996296720296951
259000,0.9996308004754432
259100,0.999631925482645
259200,0.9996330470617786
259300,0.9996341652232896
259400,0.9996352799775922
259500,0.9996363913350684
259600,0.9996374993060693
259700,0.9996386039009136
259800,0.9996397051298892
259900,0.9996408030032522
260000,0.9996418975312279
260100,0.9996429887240101
260200,0.9996440765917616
260300,0.9996451611446143
260400,0.9996462423926693
260500,0.9996473203459967
260600,0.9996483950146361
260700,0.9996494664085963
260800,0.999650534537856
260900,0.999651599412363
261000,0.9996526610420352
261100,0.9996537194367601
261200,0.999654774606395
261300,0.9996558265607671
261400,0.9996568753096742
261500,0.9996579208628834
261600,0.9996589632301327
261700,0.9996600024211303
261800,0.9996610384455544
261900,0.9996620713130544
262000,0.9996631010332497
262100,0.9996641276157308
262200,0.9996651510700585
262300,0.999666171405765
262400,0.9996671886323532
262500,0.9996682027592969
262600,0.9996692137960413
262700,0.9996702217520027
262800,0.9996712266365688
262900,0.9996722284590984
263000,0.9996732272289223
263100,0.9996742229553423
263200,0.9996752156476321
263300,0.9996762053150373
263400,0.9996771919667752
263500,0.9996781756120348
263600,0.9996791562599775
263700,0.9996801339197365
263800,0.9996811086004173
263900,0.9996820803110975
264000,0.9996830490608273
264100,0.999684014858629
264200,0.9996849777134976
264300,0.9996859376344008
264400,0.9996868946302787
264500,0.9996878487100445
264600,0.9996887998825837
264700,0.9996897481567554
264800,0.9996906935413912
264900,0.9996916360452959
265000,0.9996925756772476
265100,0.9996935124459977
265200,0.9996944463602706
265300,0.9996953774287644
265400,0.9996963056601507
265500,0.9996972310630745
265600,0.9996981536461547
265700,0.9996990734179836
265800,0.9996999903871275
265900,0.9997009045621269
266000,0.9997018159514958
266100,0.9997027245637223
266200,0.999703630407269
266300,0.9997045334905723
266400,0.9997054338220434
266500,0.9997063314100672
266600,0.9997072262630035
266700,0.9997081183891865
266800,0.9997090077969252
266900,0.999709894494503
267000,0.9997107784901782
267100,0.9997116597921839
267200,0.9997125384087281
267300,0.9997134143479938
267400,0.9997142876181391
267500,0.9997151582272973
267600,0.9997160261835767
267700,0.999716891495061
267800,0.9997177541698095
267900,0.9997186142158565
268000,0.9997194716412122
268100,0.9997203264538622
268200,0.9997211786617678
268300,0.9997220282728662
268400,0.99972287529507
268500,0.9997237197362681
268600,0.9997245616043252
268700,0.9997254009070822
268800,0.9997262376523557
268900,0.9997270718479389
269000,0.999727903501601
269100,0.9997287326210877
269200,0.9997295592141211
269300,0.9997303832883995
269400,0.999731204851598
269500,0.9997320239113684
269600,0.9997328404753388
269700,0.9997336545511144
269800,0.999734466146277
269900,0.9997352752683856
270000,0.9997360819249758
270100,0.9997368861235604
270200,0.9997376878716294
270300,0.99973848717665
270400,0.9997392840460664
270500,0.9997400784873002
270600,0.9997408705077505
270700,0.9997416601147939
270800,0.9997424473157843
270900,0.9997432321180534
271000,0.9997440145289104
271100,0.9997447945556422
271200,0.9997455722055139
271300,0.9997463474857677
271400,0.9997471204036247
271500,0.9997478909662831
271600,0.9997486591809197
271700,0.9997494250546892
271800,0.9997501885947248
271900,0.9997509498081374
272000,0.9997517087020169
272100,0.999752465283431
272200,0.9997532195594263
272300,0.9997539715370277
272400,0.9997547212232388
272500,0.9997554686250419
272600,0.9997562137493977
272700,0.9997569566032461
272800,0.9997576971935057
272900,0.9997584355270739
273000,0.9997591716108272
273100,0.9997599054516212
273200,0.9997606370562905
273300,0.9997613664316488
273400,0.9997620935844894
273500,0.9997628185215844
273600,0.9997635412496857
273700,0.9997642617755244
273800,0.9997649801058109
273900,0.9997656962472357
274000,0.9997664102064685
274100,0.9997671219901587
274200,0.9997678316049355
274300,0.999768539057408
274400,0.999769244354165
274500,0.9997699475017754
274600,0.9997706485067879
274700,0.9997713473757313
274800,0.9997720441151146
274900,0.9997727387314267
275000,0.9997734312311372
275100,0.9997741216206955
275200,0.9997748099065316
275300,0.999775496095056
275400,0.9997761801926593
275500,0.999776862205713
275600,0.9997775421405691
275700,0.9997782200035601
275800,0.9997788958009992
275900,0.9997795695391806
276000,0.999780241224379
276100,0.9997809108628505
276200,0.9997815784608314
276300,0.9997822440245395
276400,0.9997829075601736
276500,0.9997835690739135
276600,0.9997842285719204
276700,0.9997848860603362
276800,0.9997855415452848
276900,0.9997861950328708
277000,0.9997868465291806
277100,0.9997874960402818
277200,0.9997881435722238
277300,0.9997887891310373
277400,0.9997894327227347
277500,0.9997900743533101
277600,0.9997907140287395
277700,0.9997913517549804
277800,0.9997919875379722
277900,0.9997926213836364
278000,0.9997932532978763
278100,0.9997938832865771
278200,0.9997945113556066
278300,0.9997951375108138
278400,0.9997957617580309
278500,0.9997963841030716
278600,0.999797004551732
278700,0.9997976231097909
278800,0.9997982397830092
278900,0.9997988545771301
279000,0.9997994674978797
279100,0.9998000785509665
279200,0.9998006877420813
279300,0.9998012950768981
279400,0.9998019005610731
279500,0.9998025042002455
279600,0.9998031060000375
279700,0.9998037059660538
279800,0.9998043041038822
279900,0.9998049004190935
280000,0.9998054949172416
280100,0.9998060876038631
280200,0.9998066784844784
280300,0.9998072675645903
280400,0.9998078548496853
280500,0.9998084403452332
280600,0.9998090240566869
280700,0.999809605989483
280800,0.999810186149041
280900,0.9998107645407647
281000,0.9998113411700404
281100,0.9998119160422391
281200,0.9998124891627145
281300,0.9998130605368045
281400,0.9998136301698306
281500,0.9998141980670981
281600,0.9998147642338961
281700,0.9998153286754976
281800,0.9998158913971595
281900,0.9998164524041229
282000,0.9998170117016124
282100,0.9998175692948373
282200,0.9998181251889908
282300,0.9998186793892501
282400,0.9998192319007767
282500,0.9998197827287165
282600,0.9998203318781997
282700,0.9998208793543407
282800,0.9998214251622386
282900,0.9998219693069765
283000,0.9998225117936226
283100,0.9998230526272293
283200,0.9998235918128334
283300,0.999824129355457
283400,0.9998246652601062
283500,0.9998251995317723
283600,0.9998257321754312
283700,0.9998262631960438
283800,0.9998267925985558
283900,0.9998273203878975
284000,0.9998278465689847
284100,0.999828371146718
284200,0.999828894125983
284300,0.9998294155116505
284400,0.9998299353085764
284500,0.9998304535216019
284600,0.9998309701555534
284700,0.9998314852152426
284800,0.9998319987054662
284900,0.9998325106310071
285000,0.9998330209966327
285100,0.9998335298070966
285200,0.9998340370671375
285300,0.9998345427814798
285400,0.9998350469548334
285500,0.9998355495918939
285600,0.9998360506973427
285700,0.999836550275847
285800,0.9998370483320593
285900,0.9998375448706186
286000,0.9998380398961492
286100,0.9998385334132616
286200,0.9998390254265521
286300,0.9998395159406032
286400,0.9998400049599833
286500,0.9998404924892467
286600,0.9998409785329342
286700,0.9998414630955726
286800,0.9998419461816748
286900,0.99984242779574
287000,0.9998429079422538
287100,0.999843386625688
287200,0.9998438638505008
287300,0.999844339621137
287400,0.9998448139420275
287500,0.99984528681759
287600,0.9998457582522287
287700,0.9998462282503341
287800,0.9998466968162837
287900,0.9998471639544415
288000,0.9998476296691581
288100,0.999848093964771
288200,0.9998485568456045
288300,0.9998490183159695
288400,0.999849478380164
288500,0.9998499370424729
288600,0.9998503943071678
288700,0.9998508501785075
288800,0.9998513046607378
288900,0.9998517577580914
289000,0.9998522094747885
289100,0.9998526598150359
289200,0.9998531087830279
289300,0.9998535563829462
289400,0.9998540026189592
289500,0.9998544474952231
289600,0.9998548910158812
289700,0.9998553331850644
289800,0.9998557740068906
289900,0.9998562134854657
290000,0.9998566516248826
290100,0.9998570884292218
290200,0.9998575239025517
290300,0.9998579580489281
290400,0.9998583908723941
290500,0.9998588223769813
290600,0.9998592525667082
290700,0.9998596814455815
290800,0.9998601090175955
290900,0.9998605352867324
291000,0.9998609602569623
291100,0.9998613839322431
291200,0.9998618063165209
291300,0.9998622274137294
291400,0.9998626472277905
291500,0.9998630657626143
291600,0.9998634830220986
291700,0.9998638990101297
291800,0.999864313730582
291900,0.9998647271873178
292000,0.999865139384188
292100,0.9998655503250314
292200,0.9998659600136756
292300,0.9998663684539361
292400,0.9998667756496167
292500,0.9998671816045102
292600,0.9998675863223971
292700,0.9998679898070472
292800,0.9998683920622179
292900,0.9998687930916559
293000,0.999869192899096
293100,0.999869591488262
293200,0.999869988862866
293300,0.9998703850266092
293400,0.999870779983181
293500,0.99987117373626
293600,0.9998715662895133
293700,0.9998719576465971
293800,0.9998723478111562
293900,0.9998727367868244
294000,0.9998731245772245
294100,0.9998735111859683
294200,0.9998738966166563
294300,0.9998742808728782
294400,0.9998746639582129
294500,0.9998750458762281
294600,0.999875426630481
294700,0.9998758062245178
294800,0.9998761846618736
294900,0.9998765619460731
295000,0.9998769380806303
295100,0.999877313069048
295200,0.999877686914819
295300,0.999878059621425
295400,0.9998784311923371
295500,0.9998788016310161
295600,0.9998791709409118
295700,0.9998795391254642
295800,0.9998799061881021
295900,0.9998802721322443
296000,0.9998806369612988
296100,0.9998810006786637
296200,0.9998813632877263
296300,0.9998817247918639
296400,0.9998820851944432
296500,0.999882444498821
296600,0.9998828027083437
296700,0.9998831598263473
296800,0.999883515856158
296900,0.9998838708010915
297000,0.9998842246644539
297100,0.9998845774495406
297200,0.9998849291596374
297300,0.99988527979802
297400,0.999885629367954
297500,0.9998859778726952
297600,0.9998863253154893
297700,0.9998866716995722
297800,0.9998870170281701
297900,0.9998873613044992
298000,0.9998877045317658
298100,0.9998880467131666
298200,0.9998883878518886
298300,0.9998887279511088
298400,0.999889067013995
298500,0.9998894050437049
298600,0.9998897420433869
298700,0.9998900780161794
298800,0.9998904129652115
298900,0.999890746893603
299000,0.9998910798044638
299100,0.9998914117008945
299200,0.9998917425859861
299300,0.9998920724628205
299400,0.99989240133447
299500,0.9998927292039974
299600,0.9998930560744564
299700,0.9998933819488913
299800,0.9998937068303372
299900,0.9998940307218197
300000,0.9998943536263557
300100,0.9998946755469522
300200,0.9998949964866077
300300,0.9998953164483112
300400,0.9998956354350426
300500,0.9998959534497728
300600,0.9998962704954636
300700,0.999896586575068
300800,0.9998969016915297
300900,0.9998972158477835
301000,0.9998975290467552
301100,0.999897841291362
301200,0.999898152584512
301300,0.9998984629291042
301400,0.9998987723280293
301500,0.9998990807841687
301600,0.9998993883003952
301700,0.9998996948795729
301800,0.9999000005245571
301900,0.9999003052381945
302000,0.999900609023323
302100,0.999900911882772
302200,0.999901213819362
302300,0.9999015148359054
302400,0.9999018149352054
302500,0.999902114120057
302600,0.999902412393247
302700,0.999902709757553
302800,0.9999030062157447
302900,0.9999033017705832
303000,0.999903596424821
303100,0.9999038901812024
303200,0.9999041830424633
303300,0.9999044750113315
303400,0.9999047660905259
303500,0.9999050562827578
303600,0.9999053455907296
303700,0.9999056340171361
303800,0.9999059215646633
303900,0.9999062082359894
304000,0.9999064940337843
304100,0.9999067789607097
304200,0.9999070630194195
304300,0.999907346212559
304400,0.9999076285427658
304500,0.9999079100126695
304600,0.9999081906248917
304700,0.9999084703820456
304800,0.9999087492867367
304900,0.9999090273415628
305000,0.9999093045491135
305100,0.9999095809119706
305200,0.9999098564327078
305300,0.9999101311138915
305400,0.9999104049580797
305500,0.999910677967823
305600,0.999910950145664
305700,0.9999112214941376
305800,0.9999114920157711
305900,0.9999117617130839
306000,0.999912030588588
306100,0.9999122986447875
306200,0.9999125658841788
306300,0.999912832309251
306400,0.9999130979224854
306500,0.9999133627263558
306600,0.9999136267233285
306700,0.9999138899158622
306800,0.9999141523064081
306900,0.9999144138974101
307000,0.9999146746913045
307100,0.9999149346905201
307200,0.9999151938974784
307300,0.9999154523145937
307400,0.9999157099442727
307500,0.9999159667889147
307600,0.9999162228509121
307700,0.9999164781326495
307800,0.9999167326365045
307900,0.9999169863648476
308000,0.9999172393200417
308100,0.9999174915044428
308200,0.9999177429203996
308300,0.9999179935702537
308400,0.9999182434563394
308500,0.9999184925809842
308600,0.9999187409465083
308700,0.9999189885552248
308800,0.9999192354094397
308900,0.9999194815114524
309000,0.9999197268635546
309100,0.9999199714680316
309200,0.9999202153271615
309300,0.9999204584432155
309400,0.9999207008184579
309500,0.9999209424551458
309600,0.99992118335553
309700,0.9999214235218542
309800,0.9999216629563549
309900,0.999921901661262
310000,0.9999221396387992
310100,0.9999223768911824
310200,0.9999226134206215
310300,0.9999228492293193
310400,0.9999230843194721
310500,0.9999233186932694
310600,0.9999235523528941
310700,0.9999237853005222
310800,0.9999240175383235
310900,0.9999242490684608
311000,0.9999244798930904
311100,0.9999247100143622
311200,0.9999249394344195
311300,0.999925168155399
311400,0.9999253961794307
311500,0.9999256235086385
311600,0.9999258501451395
311700,0.9999260760910446
311800,0.9999263013484581
311900,0.999926525919478
312000,0.9999267498061957
312100,0.9999269730106964
312200,0.9999271955350592
312300,0.9999274173813562
312400,0.9999276385516537
312500,0.9999278590480116
312600,0.9999280788724836
312700,0.9999282980271169
312800,0.9999285165139528
312900,0.9999287343350258
313000,0.9999289514923648
313100,0.9999291679879925
313200,0.9999293838239248
313300,0.9999295990021723
313400,0.9999298135247389
313500,0.9999300273936225
313600,0.999930240610815
313700,0.9999304531783022
313800,0.9999306650980639
313900,0.9999308763720739
314000,0.9999310870022997
314100,0.9999312969907033
314200,0.99993150633924
314300,0.9999317150498599
314400,0.9999319231245067
314500,0.9999321305651184
314600,0.999932337373627
314700,0.9999325435519585
314800,0.9999327491020332
314900,0.9999329540257655
315000,0.999933158325064
315100,0.9999333620018315
315200,0.9999335650579647
315300,0.999933767495355
315400,0.9999339693158877
315500,0.9999341705214425
315600,0.9999343711138934
315700,0.9999345710951084
315800,0.9999347704669502
315900,0.9999349692312757
316000,0.9999351673899359
316100,0.9999353649447766
316200,0.9999355618976375
316300,0.9999357582503531
316400,0.999935954004752
316500,0.9999361491626575
316600,0.999936343725887
316700,0.9999365376962528
316800,0.9999367310755614
316900,0.9999369238656136
317000,0.9999371160682053
317100,0.9999373076851263
317200,0.9999374987181615
317300,0.9999376891690898
317400,0.9999378790396851
317500,0.9999380683317158
317600,0.999938257046945
317700,0.9999384451871299
317800,0.9999386327540231
317900,0.9999388197493714
318000,0.9999390061749164
318100,0.9999391920323943
318200,0.9999393773235362
318300,0.9999395620500677
318400,0.9999397462137094
318500,0.9999399298161764
318600,0.9999401128591787
318700,0.9999402953444211
318800,0.9999404772736031
318900,0.9999406586484192
319000,0.9999408394705586
319100,0.9999410197417054
319200,0.9999411994635385
319300,0.9999413786377319
319400,0.9999415572659541
319500,0.999941735349869
319600,0.9999419128911351
319700,0.9999420898914058
319800,0.9999422663523297
319900,0.9999424422755504
320000,0.9999426176627062
320100,0.9999427925154306
320200,0.9999429668353521
320300,0.9999431406240943
320400,0.9999433138832756
320500,0.9999434866145099
320600,0.9999436588194057
320700,0.999943830499567
320800,0.9999440016565928
320900,0.9999441722920769
321000,0.9999443424076088
321100,0.9999445120047726
321200,0.9999446810851482
321300,0.99994484965031
321400,0.9999450177018281
321500,0.9999451852412676
321600,0.999945352270189
321700,0.9999455187901478
321800,0.9999456848026949
321900,0.9999458503093764
322000,0.9999460153117339
322100,0.9999461798113041
322200,0.9999463438096189
322300,0.999946507308206
322400,0.9999466703085879
322500,0.9999468328122828
322600,0.9999469948208043
322700,0.9999471563356611
322800,0.9999473173583575
322900,0.9999474778903932
323000,0.9999476379332634
323100,0.9999477974884584
323200,0.9999479565574646
323300,0.9999481151417633
323400,0.9999482732428314
323500,0.9999484308621415
323600,0.9999485880011615
323700,0.999948744661355
323800,0.999948900844181
323900,0.9999490565510941
324000,0.9999492117835447
324100,0.9999493665429782
324200,0.9999495208308361
324300,0.9999496746485554
324400,0.9999498279975688
324500,0.9999499808793043
324600,0.9999501332951859
324700,0.9999502852466331
324800,0.999950436735061
324900,0.9999505877618807
325000,0.9999507383284986
325100,0.9999508884363171
325200,0.9999510380867341
325300,0.9999511872811436
325400,0.999951336020935
325500,0.9999514843074936
325600,0.9999516321422004
325700,0.9999517795264323
325800,0.9999519264615621
325900,0.999952072948958
326000,0.9999522189899847
326100,0.999952364586002
326200,0.9999525097383661
326300,0.9999526544484288
326400,0.999952798717538
326500,0.9999529425470371
326600,0.9999530859382659
326700,0.9999532288925598
326800,0.9999533714112501
326900,0.9999535134956643
327000,0.9999536551471255
327100,0.9999537963669533
327200,0.9999539371564626
327300,0.999954077516965
327400,0.9999542174497674
327500,0.9999543569561734
327600,0.999954496037482
327700,0.9999546346949887
327800,0.9999547729299848
327900,0.9999549107437579
328000,0.9999550481375914
328100,0.9999551851127649
328200,0.9999553216705542
328300,0.9999554578122312
328400,0.9999555935390636
328500,0.9999557288523158
328600,0.9999558637532479
328700,0.9999559982431162
328800,0.9999561323231735
328900,0.9999562659946684
329000,0.9999563992588458
329100,0.9999565321169471
329200,0.9999566645702094
329300,0.9999567966198665
329400,0.9999569282671482
329500,0.9999570595132805
329600,0.9999571903594858
329700,0.9999573208069829
329800,0.9999574508569865
329900,0.999957580510708
330000,0.9999577097693548
330100,0.9999578386341309
330200,0.9999579671062363
330300,0.9999580951868676
330400,0.9999582228772178
330500,0.999958350178476
330600,0.999958477091828
330700,0.9999586036184555
330800,0.999958729759537
330900,0.9999588555162476
331000,0.9999589808897583
331100,0.9999591058812368
331200,0.9999592304918472
331300,0.9999593547227502
331400,0.9999594785751026
331500,0.999959602050058
331600,0.9999597251487664
331700,0.9999598478723744
331800,0.9999599702220248
331900,0.9999600921988571
332000,0.9999602138040075
332100,0.9999603350386084
332200,0.999960455903789
332300,0.999960576400675
332400,0.9999606965303887
332500,0.9999608162940488
332600,0.9999609356927708
332700,0.9999610547276667
332800,0.9999611733998451
332900,0.9999612917104114
333000,0.9999614096604672
333100,0.9999615272511113
333200,0.9999616444834388
333300,0.9999617613585415
333400,0.9999618778775081
333500,0.9999619940414235
333600,0.9999621098513698
333700,0.9999622253084256
333800,0.999962340413666
333900,0.9999624551681634
334000,0.9999625695729862
334100,0.9999626836292002
334200,0.9999627973378675
334300,0.9999629107000472
334400,0.9999630237167949
334500,0.9999631363891635
334600,0.9999632487182022
334700,0.9999633607049572
334800,0.9999634723504714
334900,0.9999635836557849
335000,0.999963694621934
335100,0.9999638052499524
335200,0.9999639155408704
335300,0.9999640254957151
335400,0.9999641351155106
335500,0.9999642444012781
335600,0.999964353354035
335700,0.9999644619747963
335800,0.9999645702645736
335900,0.9999646782243754
336000,0.9999647858552073
336100,0.9999648931580717
336200,0.9999650001339678
336300,0.9999651067838922
336400,0.9999652131088379
336500,0.9999653191097954
336600,0.9999654247877517
336700,0.9999655301436913
336800,0.9999656351785952
336900,0.9999657398934417
337000,0.9999658442892062
337100,0.9999659483668609
337200,0.9999660521273752
337300,0.9999661555717153
337400,0.9999662587008448
337500,0.999966361515724
337600,0.9999664640173107
337700,0.9999665662065594
337800,0.999966668084422
337900,0.9999667696518472
338000,0.9999668709097809
338100,0.9999669718591663
338200,0.9999670725009435
338300,0.9999671728360499
338400,0.99996727286542
338500,0.9999673725899852
338600,0.9999674720106746
338700,0.999967571128414
338800,0.9999676699441266
338900,0.9999677684587325
339000,0.9999678666731495
339100,0.9999679645882922
339200,0.9999680622050725
339300,0.9999681595243997
339400,0.9999682565471799
339500,0.9999683532743171
339600,0.9999684497067118
339700,0.9999685458452624
339800,0.9999686416908642
339900,0.9999687372444098
340000,0.9999688325067893
340100,0.9999689274788897
340200,0.9999690221615957
340300,0.999969116555789
340400,0.9999692106623489
340500,0.9999693044821517
340600,0.9999693980160713
340700,0.9999694912649788
340800,0.9999695842297427
340900,0.9999696769112287
341000,0.9999697693103001
341100,0.9999698614278176
341200,0.9999699532646389
341300,0.9999700448216194
341400,0.9999701360996118
341500,0.9999702270994664
341600,0.9999703178220304
341700,0.999970408268149
341800,0.9999704984386645
341900,0.9999705883344167
342000,0.9999706779562428
342100,0.9999707673049776
342200,0.9999708563814531
342300,0.9999709451864991
342400,0.9999710337209426
342500,0.9999711219856081
342600,0.9999712099813178
342700,0.9999712977088911
342800,0.9999713851691452
342900,0.9999714723628945
343000,0.9999715592909512
343100,0.9999716459541248
343200,0.9999717323532226
343300,0.9999718184890491
343400,0.9999719043624067
343500,0.999971989974095
343600,0.9999720753249115
343700,0.9999721604156511
343800,0.9999722452471062
343900,0.9999723298200669
344000,0.9999724141353209
344100,0.9999724981936535
344200,0.9999725819958476
344300,0.9999726655426836
344400,0.9999727488349396
344500,0.9999728318733915
344600,0.9999729146588126
344700,0.9999729971919739
344800,0.999973079473644
344900,0.9999731615045894
345000,0.9999732432855739
345100,0.9999733248173595
345200,0.9999734061007051
345300,0.999973487136368
345400,0.999973567925103
345500,0.9999736484676623
345600,0.9999737287647963
345700,0.9999738088172525
345800,0.9999738886257769
345900,0.9999739681911124
346000,0.9999740475140002
346100,0.9999741265951791
346200,0.9999742054353856
346300,0.999974284035354
346400,0.9999743623958163
346500,0.9999744405175024
346600,0.9999745184011397
346700,0.9999745960474538
346800,0.9999746734571677
346900,0.9999747506310024
347000,0.9999748275696767
347100,0.9999749042739071
347200,0.999974980744408
347300,0.9999750569818917
347400,0.9999751329870682
347500,0.9999752087606453
347600,0.9999752843033287
347700,0.9999753596158222
347800,0.9999754346988269
347900,0.9999755095530423
348000,0.9999755841791654
348100,0.9999756585778915
348200,0.9999757327499132
348300,0.9999758066959216
348400,0.9999758804166052
348500,0.9999759539126506
348600,0.9999760271847424
348700,0.999976100233563
348800,0.9999761730597926
348900,0.9999762456641096
349000,0.9999763180471902
349100,0.9999763902097086
349200,0.9999764621523367
349300,0.9999765338757448
349400,0.9999766053806006
349500,0.9999766766675703
349600,0.9999767477373177
349700,0.9999768185905048
349800,0.9999768892277914
349900,0.9999769596498355
350000,0.9999770298572928
350100,0.9999770998508173
350200,0.9999771696310609
350300,0.9999772391986734
350400,0.9999773085543029
350500,0.9999773776985951
350600,0.9999774466321942
350700,0.9999775153557421
350800,0.9999775838698789
350900,0.9999776521752426
351000,0.9999777202724696
351100,0.9999777881621938
351200,0.9999778558450477
351300,0.9999779233216617
351400,0.9999779905926642
351500,0.9999780576586816
351600,0.9999781245203387
351700,0.9999781911782581
351800,0.9999782576330608
351900,0.9999783238853654
352000,0.9999783899357892
352100,0.9999784557849474
352200,0.9999785214334531
352300,0.9999785868819179
352400,0.999978652130951
352500,0.9999787171811606
352600,0.9999787820331523
352700,0.9999788466875299
352800,0.9999789111448959
352900,0.9999789754058505
353000,0.9999790394709921
353100,0.9999791033409176
353200,0.9999791670162215
353300,0.9999792304974972
353400,0.9999792937853357
353500,0.9999793568803266
353600,0.9999794197830573
353700,0.999979482494114
353800,0.9999795450140804
353900,0.999979607343539
354000,0.9999796694830702
354100,0.9999797314332528
354200,0.9999797931946637
354300,0.9999798547678782
354400,0.9999799161534698
354500,0.9999799773520102
354600,0.9999800383640691
354700,0.9999800991902151
354800,0.9999801598310146
354900,0.9999802202870324
355000,0.9999802805588314
355100,0.999980340646973
355200,0.999980400552017
355300,0.9999804602745211
355400,0.9999805198150417
355500,0.9999805791741332
355600,0.9999806383523485
355700,0.9999806973502389
355800,0.9999807561683536
355900,0.9999808148072405
356000,0.9999808732674459
356100,0.9999809315495141
356200,0.999980989653988
356300,0.9999810475814087
356400,0.9999811053323157
356500,0.9999811629072468
356600,0.9999812203067384
356700,0.999981277531325
356800,0.9999813345815396
356900,0.9999813914579135
357000,0.9999814481609764
357100,0.9999815046912565
357200,0.99998156104928
357300,0.9999816172355722
357400,0.9999816732506562
357500,0.9999817290950537
357600,0.9999817847692848
357700,0.999981840273868
357800,0.9999818956093204
357900,0.9999819507761571
358000,0.999982005774892
358100,0.9999820606060376
358200,0.9999821152701042
358300,0.999982169767601
358400,0.9999822240990358
358500,0.9999822782649143
358600,0.9999823322657412
358700,0.9999823861020193
358800,0.99998243977425
358900,0.9999824932829333
359000,0.9999825466285676
359100,0.9999825998116495
359200,0.9999826528326744
359300,0.9999827056921362
359400,0.9999827583905272
359500,0.9999828109283382
359600,0.9999828633060585
359700,0.9999829155241758
359800,0.9999829675831766
359900,0.9999830194835456
360000,0.9999830712257665
360100,0.9999831228103208
360200,0.9999831742376891
360300,0.9999832255083504
360400,0.9999832766227822
360500,0.9999833275814605
360600,0.99998337838486
360700,0.9999834290334537
360800,0.9999834795277135
360900,0.9999835298681096
361000,0.9999835800551109
361100,0.9999836300891847
361200,0.999983679970797
361300,0.9999837297004125
361400,0.9999837792784942
361500,0.999983828705504
361600,0.9999838779819021
361700,0.9999839271081477
361800,0.9999839760846979
361900,0.9999840249120092
362000,0.9999840735905363
362100,0.9999841221207324
362200,0.9999841705030497
362300,0.9999842187379386
362400,0.9999842668258485
362500,0.9999843147672273
362600,0.9999843625625213
362700,0.9999844102121758
362800,0.9999844577166345
362900,0.99998450507634
363000,0.9999845522917331
363100,0.9999845993632538
363200,0.9999846462913403
363300,0.9999846930764299
363400,0.9999847397189582
363500,0.9999847862193595
363600,0.999984832578067
363700,0.9999848787955126
363800,0.9999849248721264
363900,0.9999849708083379
364000,0.9999850166045747
364100,0.9999850622612635
364200,0.9999851077788292
364300,0.9999851531576961
364400,0.9999851983982867
364500,0.9999852435010222
364600,0.9999852884663228
364700,0.9999853332946074
364800,0.9999853779862934
364900,0.9999854225417969
365000,0.999985466961533
365100,0.9999855112459155
365200,0.9999855553953566
365300,0.9999855994102678
365400,0.9999856432910587
365500,0.9999856870381382
365600,0.9999857306519137
365700,0.9999857741327913
365800,0.9999858174811762
365900,0.9999858606974719
366000,0.9999859037820809
366100,0.9999859467354045
366200,0.9999859895578429
366300,0.9999860322497948
366400,0.9999860748116578
366500,0.9999861172438282
366600,0.9999861595467014
366700,0.9999862017206713
366800,0.9999862437661308
366900,0.9999862856834713
367000,0.9999863274730831
367100,0.9999863691353558
367200,0.9999864106706772
367300,0.999986452079434
367400,0.9999864933620122
367500,0.9999865345187959
367600,0.9999865755501688
367700,0.9999866164565128
367800,0.9999866572382088
367900,0.9999866978956369
368000,0.9999867384291755
368100,0.9999867788392024
368200,0.9999868191260937
368300,0.9999868592902247
368400,0.9999868993319695
368500,0.9999869392517009
368600,0.999986979049791
368700,0.99998701872661
368800,0.9999870582825279
368900,0.9999870977179128
369000,0.999987137033132
369100,0.9999871762285519
369200,0.9999872153045373
369300,0.9999872542614522
369400,0.9999872930996595
369500,0.9999873318195208
369600,0.9999873704213968
369700,0.9999874089056471
369800,0.9999874472726299
369900,0.9999874855227028
370000,0.9999875236562218
370100,0.9999875616735421
370200,0.9999875995750179
370300,0.9999876373610022
370400,0.9999876750318467
370500,0.9999877125879025
370600,0.9999877500295192
370700,0.9999877873570456
370800,0.9999878245708295
370900,0.9999878616712171
371000,0.9999878986585543
371100,0.9999879355331854
371200,0.999987972295454
371300,0.9999880089457022
371400,0.9999880454842716
371500,0.9999880819115023
371600,0.9999881182277338
371700,0.9999881544333042
371800,0.9999881905285507
371900,0.9999882265138095
372000,0.9999882623894157
372100,0.9999882981557034
372200,0.9999883338130059
372300,0.9999883693616551
372400,0.9999884048019823
372500,0.9999884401343172
372600,0.9999884753589892
372700,0.9999885104763262
372800,0.9999885454866554
372900,0.9999885803903027
373000,0.9999886151875933
373100,0.9999886498788513
373200,0.9999886844643997
373300,0.9999887189445607
373400,0.9999887533196554
373500,0.9999887875900039
373600,0.9999888217559255
373700,0.9999888558177382
373800,0.9999888897757595
373900,0.9999889236303056
374000,0.9999889573816916
374100,0.999988991030232
374200,0.9999890245762402
374300,0.9999890580200286
374400,0.9999890913619086
374500,0.9999891246021909
374600,0.999989157741185
374700,0.9999891907791995
374800,0.9999892237165422
374900,0.9999892565535197
375000,0.999989289290438
375100,0.9999893219276019
375200,0.9999893544653153
375300,0.9999893869038815
375400,0.9999894192436024
375500,0.9999894514847791
375600,0.9999894836277122
375700,0.9999895156727008
375800,0.9999895476200434
375900,0.9999895794700377
376000,0.9999896112229801
376100,0.9999896428791666
376200,0.9999896744388918
376300,0.9999897059024496
376400,0.9999897372701332
376500,0.9999897685422348
376600,0.9999897997190453
376700,0.9999898308008556
376800,0.9999898617879547
376900,0.9999898926806314
377000,0.9999899234791735
377100,0.9999899541838677
377200,0.999989984795
377300,0.9999900153128556
377400,0.9999900457377185
377500,0.9999900760698723
377600,0.9999901063095994
377700,0.9999901364571815
377800,0.9999901665128992
377900,0.9999901964770326
378000,0.9999902263498607
378100,0.9999902561316618
378200,0.9999902858227132
378300,0.9999903154232914
378400,0.9999903449336721
378500,0.9999903743541303
378600,0.9999904036849399
378700,0.9999904329263739
378800,0.9999904620787048
378900,0.9999904911422042
379000,0.9999905201171426
379100,0.99999054900379
379200,0.9999905778024154
379300,0.9999906065132871
379400,0.9999906351366722
379500,0.9999906636728376
379600,0.9999906921220489
379700,0.9999907204845712
379800,0.9999907487606685
379900,0.9999907769506042
380000,0.999990805054641
380100,0.9999908330730404
380200,0.9999908610060635
380300,0.9999908888539704
380400,0.9999909166170206
380500,0.9999909442954724
380600,0.9999909718895837
380700,0.9999909993996118
380800,0.9999910268258124
380900,0.9999910541684414
381000,0.9999910814277531
381100,0.9999911086040015
381200,0.9999911356974398
381300,0.9999911627083202
381400,0.9999911896368944
381500,0.9999912164834132
381600,0.9999912432481264
381700,0.9999912699312835
381800,0.999991296533133
381900,0.9999913230539226
382000,0.9999913494938993
382100,0.9999913758533093
382200,0.9999914021323983
382300,0.9999914283314109
382400,0.999991454450591
382500,0.999991480490182
382600,0.9999915064504264
382700,0.999991532331566
382800,0.9999915581338419
382900,0.9999915838574943
383000,0.9999916095027628
383100,0.9999916350698862
383200,0.9999916605591027
383300,0.9999916859706497
383400,0.9999917113047638
383500,0.999991736561681
383600,0.9999917617416366
383700,0.999991786844865
383800,0.9999918118716001
383900,0.9999918368220748
384000,0.9999918616965217
384100,0.9999918864951723
384200,0.9999919112182577
384300,0.9999919358660081
384400,0.999991960438653
384500,0.9999919849364213
384600,0.9999920093595411
384700,0.9999920337082401
384800,0.9999920579827448
384900,0.9999920821832814
385000,0.9999921063100753
385100,0.9999921303633512
385200,0.9999921543433331
385300,0.9999921782502442
385400,0.9999922020843075
385500,0.9999922258457447
385600,0.9999922495347772
385700,0.9999922731516255
385800,0.9999922966965098
385900,0.9999923201696491
386000,0.9999923435712623
386100,0.9999923669015672
386200,0.9999923901607811
386300,0.9999924133491206
386400,0.9999924364668017
386500,0.9999924595140398
386600,0.9999924824910493
386700,0.9999925053980445
386800,0.9999925282352385
386900,0.9999925510028441
387000,0.9999925737010733
387100,0.9999925963301376
387200,0.9999926188902477
387300,0.9999926413816137
387400,0.9999926638044451
387500,0.9999926861589506
387600,0.9999927084453386
387700,0.9999927306638167
387800,0.9999927528145915
387900,0.9999927748978696
388000,0.9999927969138567
388100,0.9999928188627576
388200,0.9999928407447769
388300,0.9999928625601183
388400,0.999992884308985
388500,0.9999929059915798
388600,0.9999929276081042
388700,0.9999929491587598
388800,0.9999929706437474
388900,0.9999929920632669
389000,0.9999930134175178
389100,0.9999930347066991
389200,0.999993055931009
389300,0.9999930770906451
389400,0.9999930981858047
389500,0.9999931192166841
389600,0.9999931401834793
389700,0.9999931610863854
389800,0.999993181925597
389900,0.9999932027013085
390000,0.9999932234137133
390100,0.9999932440630042
390200,0.9999932646493735
390300,0.9999932851730131
390400,0.9999933056341139
390500,0.9999933260328667
390600,0.9999933463694615
390700,0.9999933666440874
390800,0.9999933868569335
390900,0.9999934070081881
391000,0.9999934270980386
391100,0.9999934471266723
391200,0.9999934670942757
391300,0.9999934870010347
391400,0.999993506847135
391500,0.999993526632761
391600,0.9999935463580972
391700,0.9999935660233275
391800,0.9999935856286346
391900,0.9999936051742014
392000,0.9999936246602099
392100,0.9999936440868417
392200,0.9999936634542774
392300,0.9999936827626976
392400,0.9999937020122822
392500,0.9999937212032103
392600,0.9999937403356607
392700,0.9999937594098117
392800,0.9999937784258408
392900,0.9999937973839251
393000,0.9999938162842413
393100,0.9999938351269654
393200,0.9999938539122728
393300,0.9999938726403386
393400,0.999993891311337
393500,0.999993909925442
393600,0.9999939284828271
393700,0.999993946983665
393800,0.999993965428128
393900,0.9999939838163879
394000,0.999994002148616
394100,0.999994020424983
394200,0.9999940386456591
394300,0.999994056810814
394400,0.999994074920617
394500,0.9999940929752366
394600,0.999994110974841
394700,0.9999941289195979
394800,0.9999941468096744
394900,0.999994164645237
395000,0.9999941824264521
395100,0.9999942001534851
395200,0.9999942178265011
395300,0.9999942354456647
395400,0.99999425301114
395500,0.9999942705230906
395600,0.9999942879816798
395700,0.9999943053870698
395800,0.999994322739423
395900,0.999994340038901
396000,0.9999943572856648
396100,0.9999943744798752
396200,0.999994391621692
396300,0.9999944087112752
396400,0.9999944257487838
396500,0.9999944427343765
396600,0.9999944596682117
396700,0.9999944765504467
396800,0.999994493381239
396900,0.9999945101607454
397000,0.999994526889122
397100,0.9999945435665247
397200,0.9999945601931088
397300,0.9999945767690293
397400,0.9999945932944403
397500,0.9999946097694958
397600,0.9999946261943494
397700,0.999994642569154
397800,0.999994658894062
397900,0.9999946751692256
398000,0.9999946913947962
398100,0.9999947075709251
398200,0.9999947236977629
398300,0.9999947397754597
398400,0.9999947558041653
398500,0.999994771784029
398600,0.9999947877151997
398700,0.9999948035978256
398800,0.9999948194320547
398900,0.9999948352180346
399000,0.999994850955912
399100,0.9999948666458339
399200,0.9999948822879462
399300,0.9999948978823945
399400,0.9999949134293242
399500,0.99999492892888
399600,0.9999949443812064
399700,0.999994959786447
399800,0.9999949751447457
399900,0.9999949904562452
400000,0.9999950057210882
400100,0.9999950209394171
400200,0.9999950361113732
400300,0.9999950512370982
400400,0.9999950663167327
400500,0.9999950813504174
400600,0.999995096338292
400700,0.9999951112804963
400800,0.9999951261771695
400900,0.9999951410284502
401000,0.9999951558344768
401100,0.9999951705953872
401200,0.9999951853113189
401300,0.9999951999824088
401400,0.9999952146087938
401500,0.9999952291906099
401600,0.999995243727993
401700,0.9999952582210785
401800,0.9999952726700012
401900,0.999995287074896
402000,0.9999953014358969
402100,0.9999953157531375
402200,0.9999953300267514
402300,0.9999953442568714
402400,0.9999953584436301
402500,0.9999953725871595
402600,0.9999953866875915
402700,0.9999954007450572
402800,0.9999954147596878
402900,0.9999954287316136
403000,0.9999954426609649
403100,0.9999954565478713
403200,0.9999954703924621
403300,0.9999954841948664
403400,0.9999954979552127
403500,0.9999955116736291
403600,0.9999955253502434
403700,0.9999955389851829
403800,0.9999955525785748
403900,0.9999955661305454
404000,0.9999955796412212
404100,0.9999955931107278
404200,0.9999956065391908
404300,0.9999956199267354
404400,0.999995633273486
404500,0.999995646579567
404600,0.9999956598451023
404700,0.9999956730702155
404800,0.9999956862550298
404900,0.9999956993996679
405000,0.9999957125042523
405100,0.9999957255689051
405200,0.9999957385937479
405300,0.9999957515789021
405400,0.9999957645244885
405500,0.9999957774306276
405600,0.9999957902974399
405700,0.9999958031250449
405800,0.9999958159135623
405900,0.9999958286631112
406000,0.9999958413738103
406100,0.9999958540457778
406200,0.999995866679132
406300,0.9999958792739905
406400,0.9999958918304704
406500,0.9999959043486889
406600,0.9999959168287624
406700,0.9999959292708073
406800,0.9999959416749393
406900,0.9999959540412742
407000,0.9999959663699268
407100,0.9999959786610122
407200,0.9999959909146448
407300,0.9999960031309387
407400,0.9999960153100077
407500,0.9999960274519651
407600,0.9999960395569243
407700,0.9999960516249977
407800,0.9999960636562979
407900,0.999996075650937
408000,0.9999960876090265
408100,0.9999960995306778
408200,0.9999961114160021
408300,0.99999612326511
408400,0.9999961350781119
408500,0.9999961468551177
408600,0.9999961585962373
408700,0.9999961703015797
408800,0.9999961819712544
408900,0.9999961936053696
409000,0.999996205204034
409100,0.9999962167673555
409200,0.9999962282954418
409300,0.9999962397884002
409400,0.9999962512463378
409500,0.9999962626693614
409600,0.9999962740575773
409700,0.9999962854110915
409800,0.9999962967300099
409900,0.9999963080144377
410000,0.9999963192644803
410100,0.9999963304802422
410200,0.9999963416618279
410300,0.9999963528093417
410400,0.9999963639228874
410500,0.9999963750025683
410600,0.9999963860484878
410700,0.9999963970607487
410800,0.9999964080394536
410900,0.9999964189847046
411000,0.9999964298966038
411100,0.9999964407752527
411200,0.9999964516207528
411300,0.9999964624332051
411400,0.99999647321271
411500,0.9999964839593682
411600,0.9999964946732797
411700,0.9999965053545443
411800,0.9999965160032614
411900,0.9999965266195303
412000,0.9999965372034498
412100,0.9999965477551185
412200,0.9999965582746346
412300,0.9999965687620962
412400,0.9999965792176009
412500,0.999996589641246
412600,0.9999966000331287
412700,0.9999966103933458
412800,0.9999966207219937
412900,0.9999966310191687
413000,0.9999966412849666
413100,0.9999966515194829
413200,0.9999966617228133
413300,0.9999966718950525
413400,0.9999966820362953
413500,0.9999966921466362
413600,0.9999967022261694
413700,0.9999967122749888
413800,0.9999967222931877
413900,0.9999967322808598
414000,0.9999967422380979
414100,0.9999967521649947
414200,0.9999967620616428
414300,0.9999967719281343
414400,0.9999967817645611
414500,0.9999967915710148
414600,0.9999968013475867
414700,0.999996811094368
414800,0.9999968208114494
414900,0.9999968304989212
415000,0.999996840156874
415100,0.9999968497853974
415200,0.9999968593845812
415300,0.9999968689545149
415400,0.9999968784952875
415500,0.9999968880069879
415600,0.9999968974897048
415700,0.9999969069435264
415800,0.9999969163685407
415900,0.9999969257648356
416000,0.9999969351324985
416100,0.9999969444716167
416200,0.9999969537822773
416300,0.9999969630645668
416400,0.9999969723185718
416500,0.9999969815443783
416600,0.9999969907420725
416700,0.9999969999117398
416800,0.9999970090534659
416900,0.9999970181673357
417000,0.9999970272534341
417100,0.9999970363118459
417200,0.9999970453426552
417300,0.9999970543459463
417400,0.9999970633218029
417500,0.9999970722703089
417600,0.9999970811915473
417700,0.9999970900856013
417800,0.9999970989525538
417900,0.9999971077924874
418000,0.9999971166054844
418100,0.9999971253916268
418200,0.9999971341509964
418300,0.999997142883675
418400,0.9999971515897438
418500,0.9999971602692838
418600,0.999997168922376
418700,0.9999971775491008
418800,0.9999971861495387
418900,0.9999971947237698
419000,0.9999972032718739
419100,0.9999972117939305
419200,0.9999972202900193
419300,0.9999972287602191
419400,0.999997237204609
419500,0.9999972456232674
419600,0.9999972540162729
419700,0.9999972623837038
419800,0.9999972707256377
419900,0.9999972790421525
420000,0.9999972873333256
420100,0.9999972955992343
420200,0.9999973038399554
420300,0.9999973120555659
420400,0.9999973202461422
420500,0.9999973284117604
420600,0.9999973365524968
420700,0.9999973446684272
420800,0.999997352759627
420900,0.9999973608261717
421000,0.9999973688681365
421100,0.9999973768855962
421200,0.9999973848786254
421300,0.9999973928472987
421400,0.9999974007916902
421500,0.9999974087118739
421600,0.9999974166079236
421700,0.9999974244799129
421800,0.999997432327915
421900,0.9999974401520031
422000,0.9999974479522499
422100,0.9999974557287282
422200,0.9999974634815104
422300,0.9999974712106687
422400,0.9999974789162751
422500,0.9999974865984014
422600,0.9999974942571189
422700,0.9999975018924993
422800,0.9999975095046134
422900,0.9999975170935324
423000,0.9999975246593267
423100,0.9999975322020668
423200,0.999997539721823
423300,0.9999975472186655
423400,0.9999975546926639
423500,0.999997562143888
423600,0.9999975695724069
423700,0.9999975769782902
423800,0.9999975843616065
423900,0.9999975917224246
424000,0.9999975990608134
424100,0.9999976063768409
424200,0.9999976136705754
424300,0.9999976209420847
424400,0.9999976281914366
424500,0.9999976354186987
424600,0.9999976426239382
424700,0.9999976498072222
424800,0.9999976569686176
424900,0.9999976641081912
425000,0.9999976712260095
425100,0.9999976783221386
425200,0.9999976853966448
425300,0.9999976924495939
425400,0.9999976994810515
425500,0.9999977064910833
425600,0.9999977134797544
425700,0.99999772044713
425800,0.9999977273932749
425900,0.9999977343182538
426000,0.9999977412221313
426100,0.9999977481049716
426200,0.9999977549668388
426300,0.9999977618077969
426400,0.9999977686279096
426500,0.9999977754272403
426600,0.9999977822058524
426700,0.9999977889638091
426800,0.9999977957011732
426900,0.9999978024180076
427000,0.9999978091143747
427100,0.9999978157903371
427200,0.9999978224459567
427300,0.9999978290812956
427400,0.9999978356964156
427500,0.9999978422913784
427600,0.9999978488662453
427700,0.9999978554210777
427800,0.9999978619559363
427900,0.9999978684708823
428000,0.9999978749659764
428100,0.9999978814412788
428200,0.99999788789685
428300,0.9999978943327501
428400,0.999997900749039
428500,0.9999979071457765
428600,0.9999979135230223
428700,0.9999979198808354
428800,0.9999979262192754
428900,0.9999979325384013
429000,0.9999979388382718
429100,0.9999979451189456
429200,0.9999979513804812
429300,0.9999979576229371
429400,0.9999979638463712
429500,0.9999979700508415
429600,0.9999979762364058
429700,0.9999979824031219
429800,0.9999979885510469
429900,0.9999979946802383
430000,0.9999980007907532
430100,0.9999980068826484
430200,0.9999980129559806
430300,0.9999980190108064
430400,0.9999980250471824
430500,0.9999980310651645
430600,0.9999980370648089
430700,0.9999980430461715
430800,0.999998049009308
430900,0.9999980549542739
431000,0.9999980608811245
431100,0.9999980667899152
431200,0.9999980726807008
431300,0.9999980785535364
431400,0.9999980844084765
431500,0.9999980902455757
431600,0.9999980960648884
431700,0.9999981018664689
431800,0.9999981076503709
431900,0.9999981134166486
432000,0.9999981191653554
432100,0.9999981248965452
432200,0.9999981306102711
432300,0.9999981363065864
432400,0.9999981419855442
432500,0.9999981476471973
432600,0.9999981532915985
432700,0.9999981589188004
432800,0.9999981645288553
432900,0.9999981701218155
433000,0.9999981756977332
433100,0.9999981812566601
433200,0.9999981867986482
433300,0.999998192323749
433400,0.9999981978320139
433500,0.9999982033234943
433600,0.9999982087982414
433700,0.999998214256306
433800,0.9999982196977392
433900,0.9999982251225914
434000,0.9999982305309133
434100,0.9999982359227552
434200,0.9999982412981673
434300,0.9999982466571997
434400,0.9999982519999023
434500,0.999998257326325
434600,0.9999982626365171
434700,0.9999982679305284
434800,0.999998273208408
434900,0.9999982784702051
435000,0.9999982837159687
435100,0.9999982889457476
435200,0.9999982941595906
435300,0.9999982993575462
435400,0.9999983045396629
435500,0.9999983097059888
435600,0.9999983148565722
435700,0.9999983199914609
435800,0.999998325110703
435900,0.9999983302143458
436000,0.9999983353024371
436100,0.9999983403750242
436200,0.9999983454321544
436300,0.9999983504738748
436400,0.9999983555002321
436500,0.9999983605112734
436600,0.9999983655070455
436700,0.9999983704875944
436800,0.999998375452967
436900,0.9999983804032093
437000,0.9999983853383675
437100,0.9999983902584876
437200,0.9999983951636152
437300,0.9999984000537961
437400,0.999998404929076
437500,0.9999984097895002
437600,0.9999984146351139
437700,0.9999984194659621
437800,0.9999984242820902
437900,0.9999984290835428
438000,0.9999984338703645
438100,0.9999984386426002
438200,0.999998443400294
438300,0.9999984481434905
438400,0.9999984528722337
438500,0.9999984575865677
438600,0.9999984622865364
438700,0.9999984669721836
438800,0.9999984716435529
438900,0.9999984763006879
439000,0.9999984809436319
439100,0.9999984855724281
439200,0.9999984901871196
439300,0.9999984947877495
439400,0.9999984993743606
439500,0.9999985039469955
439600,0.9999985085056969
439700,0.9999985130505074
439800,0.999998517581469
439900,0.9999985220986242
440000,0.9999985266020148
440100,0.9999985310916829
440200,0.9999985355676704
440300,0.9999985400300188
440400,0.9999985444787698
440500,0.9999985489139647
440600,0.9999985533356449
440700,0.9999985577438516
440800,0.9999985621386259
440900,0.9999985665200085
441000,0.9999985708880405
441100,0.9999985752427624
441200,0.9999985795842148
441300,0.999998583912438
441400,0.9999985882274726
441500,0.9999985925293586
441600,0.9999985968181361
441700,0.999998601093845
441800,0.9999986053565252
441900,0.9999986096062163
442000,0.9999986138429581
442100,0.9999986180667897
442200,0.9999986222777508
442300,0.9999986264758803
442400,0.9999986306612176
442500,0.9999986348338016
442600,0.9999986389936709
442700,0.9999986431408646
442800,0.9999986472754211
442900,0.999998651397379
443000,0.9999986555067767
443100,0.9999986596036523
443200,0.9999986636880442
443300,0.9999986677599904
443400,0.9999986718195286
443500,0.9999986758666969
443600,0.9999986799015328
443700,0.999998683924074
443800,0.9999986879343579
443900,0.9999986919324217
444000,0.9999986959183029
444100,0.9999986998920386
444200,0.9999987038536656
444300,0.999998707803221
444400,0.9999987117407414
444500,0.9999987156662636
444600,0.9999987195798242
444700,0.9999987234814596
444800,0.9999987273712061
444900,0.9999987312490999
445000,0.9999987351151772
445100,0.999998738969474
445200,0.9999987428120262
445300,0.9999987466428695
445400,0.9999987504620396
445500,0.9999987542695721
445600,0.9999987580655025
445700,0.9999987618498661
445800,0.9999987656226983
445900,0.999998769384034
446000,0.9999987731339083
446100,0.9999987768723562
446200,0.9999987805994125
446300,0.9999987843151119
446400,0.9999987880194889
446500,0.9999987917125782
446600,0.999998795394414
446700,0.9999987990650309
446800,0.9999988027244626
446900,0.9999988063727436
447000,0.9999988100099078
447100,0.9999988136359889
447200,0.9999988172510208
447300,0.9999988208550371
447400,0.9999988244480714
447500,0.9999988280301573
447600,0.999998831601328
447700,0.9999988351616167
447800,0.9999988387110568
447900,0.999998842249681
448000,0.9999988457775227
