x,y
0,0.0
100,0.0007626513969993809
200,0.0015247211568454322
300,0.0022862097231245437
400,0.0030471175390848204
500,0.003807445047636193
600,0.004567192691351085
700,0.005326360912464079
800,0.006084950152872692
900,0.006842960854137381
1000,0.007600393457481758
1100,0.008357248403793038
1200,0.009113526133622263
1300,0.009869227087184296
1400,0.010624351704358381
1500,0.011378900424688254
1600,0.012132873687382473
1700,0.01288627193131453
1800,0.01363909559502341
1900,0.014391345116713472
2000,0.015143020934255014
2100,0.015894123485184042
2200,0.016644653206703497
2300,0.017394610535682253
2400,0.01814399590865634
2500,0.018892809761828833
2600,0.01964105253107018
2700,0.02038872465191821
2800,0.021135826559578796
2900,0.02188235868892585
3000,0.022628321474501556
3100,0.02337371535051669
3200,0.02411854075085096
3300,0.02486279810905312
3400,0.02560648785834141
3500,0.026349610431603443
3600,0.027092166261396766
3700,0.027834155779949188
3800,0.02857557941915867
3900,0.029316437610594104
4000,0.030056730785494756
4100,0.03079645937477138
4200,0.031535623809005986
4300,0.03227422451845219
4400,0.033012261933035525
4500,0.033749736482353576
4600,0.034486648595676406
4700,0.03522299870194645
4800,0.03595878722977941
4900,0.036694014607463576
5000,0.03742868126296106
5100,0.03816278762390746
5200,0.038896334117612175
5300,0.03962932117105866
5400,0.04036174921090474
5500,0.041093618663483156
5600,0.04182492995480114
5700,0.042555683510541176
5800,0.04328587975606102
5900,0.04401551911639412
6000,0.044744602016249746
6100,0.045473128880013314
6200,0.0462011001317465
6300,0.04692851619518745
6400,0.047655377493751594
6500,0.048381684450530815
6600,0.049107437488294825
6700,0.04983263702949081
6800,0.050557283496243444
6900,0.05128137731035598
7000,0.052004918893309604
7100,0.0527279086662642
7200,0.05345034705005847
7300,0.05417223446521002
7400,0.05489357133191597
7500,0.05561435807005288
7600,0.05633459509917693
7700,0.05705428283852454
7800,0.057773421707012385
7900,0.05849201212323751
8000,0.05921005450547778
8100,0.05992754927169219
8200,0.06064449683952078
8300,0.06136089762628527
8400,0.06207675204898888
8500,0.06279206052431696
8600,0.06350682346863701
8700,0.0642210412979991
8800,0.06493471442813581
8900,0.06564784327446282
9000,0.066360428252079
9100,0.06707246977576653
9200,0.06778396825999122
9300,0.06849492411890301
9400,0.06920533776633575
9500,0.06991520961580788
9600,0.07062454008052232
9700,0.07133332957336691
9800,0.0720415785069145
9900,0.07274928729342367
10000,0.073456456344838
10100,0.07416308607278743
10200,0.07486917688858763
10300,0.07557472920324071
10400,0.07627974342743549
10500,0.07698421997154725
10600,0.07768815924563843
10700,0.07839156165945882
10800,0.07909442762244567
10900,0.07979675754372395
11000,0.08049855183210664
11100,0.08119981089609496
11200,0.0819005351438783
11300,0.08260072498333526
11400,0.08330038082203295
11500,0.08399950306722792
11600,0.08469809212586588
11700,0.08539614840458232
11800,0.08609367230970255
11900,0.08679066424724224
12000,0.08748712462290698
12100,0.08818305384209324
12200,0.08887845230988833
12300,0.08957332043107047
12400,0.09026765861010921
12500,0.09096146725116583
12600,0.09165474675809304
12700,0.09234749753443572
12800,0.09303971998343108
12900,0.0937314145080087
13000,0.09442258151079086
13100,0.09511322139409284
13200,0.09580333455992296
13300,0.096492921409983
13400,0.09718198234566855
13500,0.09787051776806888
13600,0.09855852807796739
13700,0.09924601367584196
13800,0.09993297496186493
13900,0.10061941233590332
14000,0.10130532619751953
14100,0.10199071694597095
14200,0.10267558498021045
14300,0.10335993069888705
14400,0.1040437545003452
14500,0.10472705678262584
14600,0.10540983794346637
14700,0.10609209838030076
14800,0.10677383849025979
14900,0.10745505867017169
15000,0.10813575931656161
15100,0.1088159408256526
15200,0.10949560359336563
15300,0.11017474801531923
15400,0.11085337448683075
15500,0.11153148340291563
15600,0.11220907515828837
15700,0.11288615014736236
15800,0.11356270876425001
15900,0.1142387514027633
16000,0.114914278456414
16100,0.11558929031841336
16200,0.11626378738167331
16300,0.11693777003880568
16400,0.11761123868212298
16500,0.11828419370363863
16600,0.11895663549506708
16700,0.11962856444782377
16800,0.12029998095302608
16900,0.1209708854014927
17000,0.12164127818374437
17100,0.12231115969000417
17200,0.1229805303101974
17300,0.12364939043395196
17400,0.12431774045059885
17500,0.12498558074917177
17600,0.1256529117184081
17700,0.12631973374674843
17800,0.1269860472223373
17900,0.12765185253302314
18000,0.1283171500663587
18100,0.12898194020960108
18200,0.12964622334971188
18300,0.130309999873358
18400,0.13097327016691096
18500,0.13163603461644802
18600,0.1322982936077518
18700,0.13296004752631063
18800,0.13362129675731893
18900,0.13428204168567748
19000,0.1349422826959934
19100,0.1356020201725805
19200,0.13626125449945936
19300,0.13691998606035782
19400,0.13757821523871117
19500,0.13823594241766213
19600,0.13889316798006113
19700,0.13954989230846693
19800,0.1402061157851462
19900,0.14086183879207415
20000,0.14151706171093492
20100,0.1421717849231212
20200,0.14282600880973517
20300,0.14347973375158796
20400,0.14413296012920063
20500,0.1447856883228038
20600,0.14543791871233835
20700,0.14608965167745513
20800,0.14674088759751558
20900,0.1473916268515918
21000,0.1480418698184669
21100,0.1486916168766348
21200,0.14934086840430116
21300,0.14998962477938294
21400,0.15063788637950892
21500,0.15128565358201995
21600,0.15193292676396908
21700,0.1525797063021218
21800,0.1532259925729561
21900,0.15387178595266315
22000,0.15451708681714693
22100,0.15516189554202497
22200,0.15580621250262827
22300,0.15645003807400137
22400,0.15709337263090306
22500,0.15773621654780612
22600,0.158378570198898
22700,0.1590204339580804
22800,0.15966180819897025
22900,0.1603026932948992
23000,0.16094308961891457
23100,0.1615829975437787
23200,0.16222241744196997
23300,0.16286134968568267
23400,0.16349979464682707
23500,0.16413775269703001
23600,0.16477522420763469
23700,0.16541220954970126
23800,0.16604870909400682
23900,0.16668472321104577
24000,0.16732025227102987
24100,0.16795529664388842
24200,0.16858985669926896
24300,0.1692239328065367
24400,0.1698575253347755
24500,0.17049063465278746
24600,0.1711232611290937
24700,0.17175540513193388
24800,0.1723870670292672
24900,0.17301824718877212
25000,0.17364894597784664
25100,0.17427916376360864
25200,0.1749089009128958
25300,0.17553815779226634
25400,0.17616693476799883
25500,0.17679523220609228
25600,0.17742305047226692
25700,0.17805038993196376
25800,0.17867725095034526
25900,0.17930363389229542
26000,0.17992953912241982
26100,0.18055496700504603
26200,0.18117991790422394
26300,0.18180439218372546
26400,0.18242839020704527
26500,0.18305191233740092
26600,0.18367495893773278
26700,0.18429753037070462
26800,0.18491962699870323
26900,0.18554124918383952
27000,0.1861623972879478
27100,0.1867830716725868
27200,0.18740327269903934
27300,0.18802300072831257
27400,0.1886422561211385
27500,0.189261039237974
27600,0.18987935043900106
27700,0.1904971900841268
27800,0.1911145585329841
27900,0.19173145614493137
28000,0.19234788327905317
28100,0.19296384029415992
28200,0.1935793275487886
28300,0.19419434540120273
28400,0.19480889420939262
28500,0.19542297433107536
28600,0.19603658612369534
28700,0.19664972994442453
28800,0.19726240615016233
28900,0.1978746150975358
29000,0.19848635714290042
29100,0.19909763264233948
29200,0.19970844195166493
29300,0.20031878542641735
29400,0.2009286634218661
29500,0.20153807629300957
29600,0.20214702439457555
29700,0.20275550808102116
29800,0.2033635277065332
29900,0.20397108362502858
30000,0.20457817619015384
30100,0.2051848057552863
30200,0.2057909726735334
30300,0.20639667729773348
30400,0.2070019199804557
30500,0.20760670107400048
30600,0.20821102093039934
30700,0.20881487990141556
30800,0.20941827833854387
30900,0.2100212165930112
31000,0.2106236950157765
31100,0.21122571395753087
31200,0.21182727376869837
31300,0.21242837479943555
31400,0.21302901739963187
31500,0.21362920191891
31600,0.21422892870662613
31700,0.2148281981118697
31800,0.21542701048346424
31900,0.21602536616996715
32000,0.2166232655196697
32100,0.21722070888059797
32200,0.21781769660051242
32300,0.2184142290269082
32400,0.2190103065070157
32500,0.21960592938780032
32600,0.22020109801596277
32700,0.22079581273793947
32800,0.22139007389990273
32900,0.22198388184776052
33000,0.22257723692715736
33100,0.22317013948347408
33200,0.22376258986182784
33300,0.2243545884070729
33400,0.2249461354638005
33500,0.22553723137633885
33600,0.22612787648875365
33700,0.22671807114484843
33800,0.22730781568816427
33900,0.22789711046198025
34000,0.22848595580931363
34100,0.22907435207292026
34200,0.2296622995952946
34300,0.23024979871866957
34400,0.23083684978501728
34500,0.23142345313604928
34600,0.232009609113216
34700,0.23259531805770794
34800,0.2331805803104552
34900,0.23376539621212766
35000,0.23434976610313585
35100,0.2349336903236302
35200,0.23551716921350208
35300,0.23610020311238344
35400,0.2366827923596474
35500,0.237264937294408
35600,0.23784663825552077
35700,0.23842789558158306
35800,0.23900870961093357
35900,0.2395890806816532
36000,0.24016900913156491
36100,0.24074849529823417
36200,0.2413275395189689
36300,0.24190614213081973
36400,0.24248430347058036
36500,0.24306202387478748
36600,0.2436393036797213
36700,0.2442161432214054
36800,0.24479254283560725
36900,0.24536850285783807
37000,0.24594402362335321
37100,0.24651910546715272
37200,0.2470937487239805
37300,0.24766795372832573
37400,0.2482417208144223
37500,0.24881505031624906
37600,0.24938794256753027
37700,0.24996039790173574
37800,0.2505324166520809
37900,0.25110399915152704
38000,0.2516751457327814
38100,0.2522458567282976
38200,0.2528161324702759
38300,0.2533859732906629
38400,0.2539553795211521
38500,0.2545243514931842
38600,0.25509288953794695
38700,0.25566099398637565
38800,0.2562286651691531
38900,0.25679590341671
39000,0.25736270905922487
39100,0.2579290824266248
39200,0.2584950238485847
39300,0.25906053365452864
39400,0.259625612173629
39500,0.26019025973480736
39600,0.26075447666673446
39700,0.26131826329783014
39800,0.2618816199562639
39900,0.26244454696995523
40000,0.2630070446665731
40100,0.26356911337353695
40200,0.26413075341801606
40300,0.2646919651269307
40400,0.2652527488269516
40500,0.26581310484450027
40600,0.26637303350574926
40700,0.2669325351366225
40800,0.2674916100627954
40900,0.2680502586096948
41000,0.26860848110249946
41100,0.2691662778661402
41200,0.2697236492252999
41300,0.27028059550441386
41400,0.27083711702767
41500,0.27139321411900896
41600,0.2719488871021243
41700,0.2725041363004629
41800,0.2730589620372247
41900,0.2736133646353631
42000,0.2741673444175857
42100,0.27472090170635344
42200,0.2752740368238815
42300,0.2758267500921395
42400,0.27637904183285145
42500,0.2769309123674957
42600,0.2774823620173057
42700,0.27803339110326986
42800,0.2785839999461319
42900,0.27913418886639074
43000,0.2796839581843009
43100,0.2802333082198728
43200,0.2807822392928725
43300,0.2813307517228226
43400,0.2818788458290017
43500,0.28242652193044504
43600,0.28297378034594456
43700,0.2835206213940489
43800,0.28406704539306404
43900,0.28461305266105297
44000,0.2851586435158361
44100,0.2857038182749917
44200,0.2862485772558556
44300,0.28679292077552176
44400,0.28733684915084223
44500,0.2878803626984273
44600,0.28842346173464606
44700,0.28896614657562614
44800,0.2895084175372542
44900,0.29005027493517566
45000,0.29059171908479575
45100,0.2911327503012787
45200,0.29167336889954854
45300,0.29221357519428925
45400,0.29275336949994446
45500,0.2932927521307186
45600,0.29383172340057573
45700,0.2943702836232409
45800,0.29490843311219994
45900,0.29544617218069946
46000,0.2959835011417471
46100,0.296520420308112
46200,0.2970569299923246
46300,0.29759303050667707
46400,0.2981287221632233
46500,0.29866400527377923
46600,0.29919888014992313
46700,0.2997333471029956
46800,0.30026740644409955
46900,0.300801058484101
47000,0.30133430353362867
47100,0.3018671419030743
47200,0.3023995739025931
47300,0.3029315998421037
47400,0.3034632200312882
47500,0.30399443477959287
47600,0.3045252443962275
47700,0.3050556491901666
47800,0.30558564947014855
47900,0.3061152455446766
48000,0.30664443772201855
48100,0.30717322631020716
48200,0.30770161161704035
48300,0.3082295939500811
48400,0.3087571736166579
48500,0.30928435092386497
48600,0.3098111261785622
48700,0.31033749968737556
48800,0.31086347175669715
48900,0.3113890426926852
49000,0.31191421280126475
49100,0.3124389823881273
49200,0.31296335175873136
49300,0.31348732121830236
49400,0.314010891071833
49500,0.3145340616240835
49600,0.31505683317958144
49700,0.31557920604262224
49800,0.3161011805172692
49900,0.316622756907354
50000,0.31714393551647624
50100,0.3176647166480041
50200,0.31818510060507454
50300,0.318705087690593
50400,0.31922467820723444
50500,0.3197438724574424
50600,0.3202626707434302
50700,0.3207810733671803
50800,0.3212990806304453
50900,0.32181669283474734
51000,0.3223339102813786
51100,0.32285073327140157
51200,0.3233671621056493
51300,0.323883197084725
51400,0.3243988385090032
51500,0.32491408667862876
51600,0.3254289418935179
51700,0.32594340445335823
51800,0.32645747465760855
51900,0.3269711528054994
52000,0.3274844391960332
52100,0.32799733412798415
52200,0.32850983789989885
52300,0.3290219508100959
52400,0.3295336731566665
52500,0.3300450052374746
52600,0.3305559473501569
52700,0.3310664997921233
52800,0.33157666286055654
52900,0.332086436852413
53000,0.3325958220644224
53100,0.3331048187930882
53200,0.3336134273346878
53300,0.33412164798527266
53400,0.33462948104066836
53500,0.3351369267964749
53600,0.33564398554806696
53700,0.3361506575905937
53800,0.3366569432189793
53900,0.3371628427279233
54000,0.33766835641189996
54100,0.3381734845651593
54200,0.33867822748172693
54300,0.33918258545540414
54400,0.33968655877976817
54500,0.34019014774817224
54600,0.3406933526537461
54700,0.3411961737893957
54800,0.3416986114478038
54900,0.3422006659214297
55000,0.3427023375025101
55100,0.34320362648305824
55200,0.34370453315486504
55300,0.34420505780949895
55400,0.3447052007383057
55500,0.34520496223240904
55600,0.34570434258271077
55700,0.3462033420798907
55800,0.3467019610144071
55900,0.3472001996764964
56000,0.34769805835617407
56100,0.34819553734323416
56200,0.34869263692724983
56300,0.3491893573975733
56400,0.349685699043336
56500,0.35018166215344937
56600,0.35067724701660385
56700,0.35117245392127017
56800,0.35166728315569884
56900,0.3521617350079206
57000,0.3526558097657464
57100,0.353149507716768
57200,0.35364282914835765
57300,0.3541357743476682
57400,0.354628343601634
57500,0.35512053719697
57600,0.355612355420173
57700,0.35610379855752095
57800,0.3565948668950737
57900,0.3570855607186727
58000,0.3575758803139417
58100,0.35806582596628644
58200,0.35855539796089486
58300,0.3590445965827378
58400,0.35953342211656825
58500,0.3600218748469225
58600,0.36050995505811956
58700,0.36099766303426173
58800,0.3614849990592345
58900,0.3619719634167071
59000,0.36245855639013214
59100,0.3629447782627462
59200,0.36343062931756986
59300,0.36391610983740785
59400,0.3644012201048492
59500,0.3648859604022674
59600,0.3653703310118206
59700,0.3658543322154517
59800,0.36633796429488863
59900,0.3668212275316447
60000,0.367304122207018
60100,0.36778664860209265
60200,0.3682688069977379
60300,0.36875059767460927
60400,0.3692320209131478
60500,0.3697130769935808
60600,0.37019376619592215
60700,0.37067408879997177
60800,0.37115404508531635
60900,0.37163363533132954
61000,0.37211285981717146
61100,0.3725917188217899
61200,0.3730702126239195
61300,0.3735483415020824
61400,0.3740261057345884
61500,0.37450350559953516
61600,0.37498054137480785
61700,0.37545721333808024
61800,0.3759335217668138
61900,0.37640946693825883
62000,0.376885049129454
62100,0.3773602686172267
62200,0.3778351256781931
62300,0.3783096205887586
62400,0.3787837536251176
62500,0.37925752506325416
62600,0.37973093517894163
62700,0.38020398424774293
62800,0.38067667254501103
62900,0.38114900034588894
63000,0.38162096792530964
63100,0.38209257555799647
63200,0.3825638235184635
63300,0.38303471208101514
63400,0.38350524151974674
63500,0.38397541210854447
63600,0.38444522412108595
63700,0.38491467783083966
63800,0.3853837735110658
63900,0.385852511434816
64000,0.386320891874934
64100,0.3867889151040549
64200,0.3872565813946064
64300,0.387723891018808
64400,0.3881908442486718
64500,0.38865744135600266
64600,0.3891236826123976
64700,0.3895895682892472
64800,0.39005509865773436
64900,0.3905202739888357
65000,0.390985094553321
65100,0.3914495606217534
65200,0.3919136724644898
65300,0.39237743035168104
65400,0.3928408345532717
65500,0.3933038853390006
65600,0.39376658297840095
65700,0.3942289277408002
65800,0.39469091989532057
65900,0.3951525597108788
66000,0.3956138474561868
66100,0.39607478339975144
66200,0.39653536780987486
66300,0.39699560095465436
66400,0.3974554831019831
66500,0.3979150145195497
66600,0.39837419547483877
66700,0.3988330262351307
66800,0.3992915070675024
66900,0.3997496382388268
67000,0.40020742001577336
67100,0.4006648526648082
67200,0.4011219364521943
67300,0.4015786716439913
67400,0.40203505850605625
67500,0.4024910973040433
67600,0.402946788303404
67700,0.40340213176938733
67800,0.4038571279670403
67900,0.4043117771612075
68000,0.40476607961653166
68100,0.40522003559745357
68200,0.4056736453682124
68300,0.4061269091928459
68400,0.4065798273351904
68500,0.40703240005888086
68600,0.40748462762735127
68700,0.40793651030383493
68800,0.4083880483513641
68900,0.40883924203277044
69000,0.4092900916106854
69100,0.40974059734753987
69200,0.41019075950556483
69300,0.41064057834679113
69400,0.41109005413304966
69500,0.41153918712597193
69600,0.4119879775869898
69700,0.4124364257773355
69800,0.4128845319580424
69900,0.4133322963899445
70000,0.4137797193336772
70100,0.4142268010496768
70200,0.41467354179818106
70300,0.4151199418392294
70400,0.41556600143266276
70500,0.4160117208381241
70600,0.4164571003150582
70700,0.416902140122712
70800,0.4173468405201348
70900,0.41779120176617823
71000,0.41823522411949665
71100,0.418678907838547
71200,0.41912225318158913
71300,0.41956526040668607
71400,0.42000792977170387
71500,0.4204502615343121
71600,0.42089225595198365
71700,0.421333913281995
71800,0.4217752337814267
71900,0.4222162177071629
72000,0.4226568653158922
72100,0.4230971768641071
72200,0.42353715260810454
72300,0.42397679280398626
72400,0.4244160977076583
72500,0.42485506757483193
72600,0.4252937026610232
72700,0.42573200322155313
72800,0.4261699695115483
72900,0.4266076017859405
73000,0.4270449002994673
73100,0.42748186530667187
73200,0.4279184970619032
73300,0.42835479581931646
73400,0.4287907618328729
73500,0.42922639535634
73600,0.4296616966432919
73700,0.43009666594710916
73800,0.43053130352097924
73900,0.4309656096178963
74000,0.43139958449066196
74100,0.43183322839188465
74200,0.43226654157398015
74300,0.43269952428917213
74400,0.43313217678949145
74500,0.4335644993267769
74600,0.43399649215267544
74700,0.4344281555186418
74800,0.434859489675939
74900,0.43529049487563864
75000,0.43572117136862054
75100,0.4361515194055735
75200,0.43658153923699483
75300,0.43701123111319096
75400,0.4374405952842775
75500,0.43786963200017914
75600,0.43829834151062996
75700,0.43872672406517377
75800,0.4391547799131639
75900,0.4395825093037635
76000,0.440009912485946
76100,0.44043698970849443
76200,0.4408637412200024
76300,0.44129016726887405
76400,0.44171626810332376
76500,0.4421420439713768
76600,0.44256749512086924
76700,0.4429926217994482
76800,0.44341742425457187
76900,0.44384190273350965
77000,0.44426605748334247
77100,0.4446898887509627
77200,0.4451133967830747
77300,0.4455365818261944
77400,0.4459594441266497
77500,0.4463819839305808
77600,0.4468042014839403
77700,0.4472260970324927
77800,0.4476476708218158
77900,0.4480689230972994
78000,0.44848985410414655
78100,0.44891046408737345
78200,0.44933075329180894
78300,0.44975072196209553
78400,0.45017037034268914
78500,0.4505896986778589
78600,0.4510087072116882
78700,0.4514273961880736
78800,0.45184576585072644
78900,0.4522638164431715
79000,0.4526815482087483
79100,0.45309896139061046
79200,0.4535160562317263
79300,0.45393283297487896
79400,0.45434929186266615
79500,0.45476543313750084
79600,0.45518125704161094
79700,0.4555967638170396
79800,0.4560119537056455
79900,0.45642682694910297
80000,0.4568413837889016
80100,0.45725562446634727
80200,0.45766954922256153
80300,0.45808315829848234
80400,0.45849645193486355
80500,0.4589094303722755
80600,0.45932209385110534
80700,0.4597344426115565
80800,0.4601464768936495
80900,0.46055819693722155
81000,0.46096960298192724
81100,0.46138069526723824
81200,0.4617914740324436
81300,0.4622019395166497
81400,0.46261209195878095
81500,0.4630219315975792
81600,0.4634314586716043
81700,0.4638406734192344
81800,0.46424957607866546
81900,0.46465816688791206
82000,0.4650664460848073
82100,0.4654744139070025
82200,0.4658820705919683
82300,0.4662894163769937
82400,0.46669645149918726
82500,0.46710317619547614
82600,0.4675095907026072
82700,0.4679156952571466
82800,0.4683214900954803
82900,0.4687269754538135
83000,0.4691321515681718
83100,0.46953701867440034
83200,0.46994157700816486
83300,0.47034582680495085
83400,0.47074976830006465
83500,0.47115340172863285
83600,0.47155672732560294
83700,0.4719597453257429
83800,0.47236245596364224
83900,0.47276485947371094
84000,0.47316695609018045
84100,0.47356874604710375
84200,0.4739702295783551
84300,0.47437140691763047
84400,0.4747722782984475
84500,0.47517284395414605
84600,0.47557310411788767
84700,0.4759730590226562
84800,0.47637270890125794
84900,0.4767720539863214
85000,0.4771710945102978
85100,0.4775698307054612
85200,0.47796826280390836
85300,0.47836639103755896
85400,0.47876421563815597
85500,0.4791617368372657
85600,0.47955895486627753
85700,0.4799558699564046
85800,0.48035248233868366
85900,0.4807487922439754
86000,0.4811447999029641
86100,0.48154050554615857
86200,0.4819359094038913
86300,0.48233101170631976
86400,0.4827258126834252
86500,0.48312031256501387
86600,0.4835145115807168
86700,0.48390840995998974
86800,0.4843020079321133
86900,0.4846953057261937
87000,0.48508830357116195
87100,0.4854810016957748
87200,0.48587340032861426
87300,0.4862654996980882
87400,0.48665730003243024
87500,0.4870488015597
87600,0.487440004507783
87700,0.4878309091043912
87800,0.4882215155770626
87900,0.48861182415316207
88000,0.4890018350598806
88100,0.4893915485242363
88200,0.489780964773074
88300,0.4901700840330655
88400,0.49055890653070977
88500,0.4909474324923331
88600,0.49133566214408897
88700,0.49172359571195856
88800,0.49211123342175067
88900,0.4924985754991018
89000,0.4928856221694766
89100,0.49327237365816756
89200,0.49365883019029544
89300,0.4940449919908091
89400,0.49443085928448616
89500,0.49481643229593264
89600,0.49520171124958334
89700,0.49558669636970176
89800,0.4959713878803804
89900,0.4963557860055412
90000,0.49673989096893467
90100,0.4971237029941413
90200,0.4975072223045708
90300,0.49789044912346225
90400,0.4982733836738851
90500,0.49865602617873794
90600,0.4990383768607499
90700,0.4994204359424802
90800,0.499802203646318
90900,0.5001836801944832
91000,0.500564865809026
91100,0.5009457607118273
91200,0.5013263651245989
91300,0.5017066792688833
91400,0.5020867033660545
91500,0.5024664376373169
91600,0.502845882303707
91700,0.503225037586092
91800,0.5036039037051714
91900,0.5039824808814757
92000,0.5043607693353676
92100,0.5047387692870418
92200,0.5051164809565245
92300,0.505493904563675
92400,0.5058710403281843
92500,0.5062478884695758
92600,0.506624449207206
92700,0.5070007227602635
92800,0.50737670934777
92900,0.5077524091885803
93000,0.5081278225013823
93100,0.5085029495046969
93200,0.5088777904168782
93300,0.5092523454561142
93400,0.5096266148404263
93500,0.5100005987876695
93600,0.510374297515533
93700,0.5107477112415396
93800,0.5111208401830464
93900,0.5114936845572446
94000,0.5118662445811601
94100,0.5122385204716529
94200,0.5126105124454177
94300,0.512982220718984
94400,0.5133536455087162
94500,0.5137247870308137
94600,0.5140956455013108
94700,0.5144662211360773
94800,0.5148365141508184
94900,0.5152065247610744
95000,0.5155762531822214
95100,0.5159456996294718
95200,0.516314864317873
95300,0.5166837474623087
95400,0.5170523492774992
95500,0.5174206699780003
95600,0.5177887097782046
95700,0.5181564688923411
95800,0.5185239475344755
95900,0.5188911459185102
96000,0.5192580642581841
96100,0.5196247027670738
96200,0.5199910616585925
96300,0.5203571411459909
96400,0.5207229414423566
96500,0.5210884627606154
96600,0.5214537053135302
96700,0.5218186693137017
96800,0.5221833549735686
96900,0.5225477625054077
97000,0.5229118921213334
97100,0.5232757440332989
97200,0.5236393184530954
97300,0.5240026155923527
97400,0.5243656356625392
97500,0.5247283788749622
97600,0.5250908454407675
97700,0.5254530355709398
97800,0.5258149494763035
97900,0.5261765873675216
98000,0.5265379494550968
98100,0.526899035949371
98200,0.5272598470605261
98300,0.527620382998583
98400,0.5279806439734033
98500,0.5283406301946877
98600,0.5287003418719776
98700,0.5290597792146543
98800,0.5294189424319394
98900,0.5297778317328952
99000,0.5301364473264242
99100,0.5304947894212698
99200,0.5308528582260161
99300,0.5312106539490884
99400,0.5315681767987526
99500,0.531925426983116
99600,0.5322824047101272
99700,0.5326391101875763
99800,0.5329955436230946
99900,0.5333517052241554
100000,0.5337075951980736
100100,0.534063213752006
100200,0.5344185610929515
100300,0.534773637427751
100400,0.5351284429630876
100500,0.535482977905487
100600,0.5358372424613175
100700,0.5361912368367894
100800,0.5365449612379565
100900,0.5368984158707147
101000,0.5372516009408036
101100,0.5376045166538053
101200,0.5379571632151455
101300,0.5383095408300931
101400,0.5386616497037603
101500,0.5390134900411031
101600,0.5393650620469213
101700,0.5397163659258578
101800,0.5400674018824004
101900,0.5404181701208803
102000,0.5407686708454733
102100,0.5411189042601989
102200,0.5414688705689215
102300,0.5418185699753497
102400,0.5421680026830373
102500,0.542517168895382
102600,0.5428660688156273
102700,0.5432147026468609
102800,0.543563070592016
102900,0.5439111728538711
103000,0.5442590096350499
103100,0.5446065811380217
103200,0.5449538875651012
103300,0.5453009291184487
103400,0.545647706000071
103500,0.5459942184118198
103600,0.5463404665553939
103700,0.5466864506323376
103800,0.5470321708440415
103900,0.5473776273917431
104000,0.5477228204765261
104100,0.5480677502993205
104200,0.5484124170609039
104300,0.5487568209618999
104400,0.5491009622027798
104500,0.5494448409838615
104600,0.5497884575053105
104700,0.5501318119671393
104800,0.5504749045692082
104900,0.5508177355112248
105000,0.5511603049927445
105100,0.5515026132131706
105200,0.5518446603717542
105300,0.5521864466675944
105400,0.5525279722996386
105500,0.5528692374666825
105600,0.5532102423673699
105700,0.5535509872001936
105800,0.5538914721634942
105900,0.5542316974554622
106000,0.5545716632741358
106100,0.5549113698174029
106200,0.5552508172830002
106300,0.5555900058685137
106400,0.5559289357713786
106500,0.5562676071888795
106600,0.5566060203181509
106700,0.5569441753561764
106800,0.5572820724997897
106900,0.5576197119456744
107000,0.557957093890364
107100,0.5582942185302422
107200,0.5586310860615429
107300,0.5589676966803502
107400,0.5593040505825988
107500,0.5596401479640739
107600,0.5599759890204116
107700,0.5603115739470985
107800,0.5606469029394722
107900,0.5609819761927215
108000,0.5613167939018859
108100,0.5616513562618568
108200,0.5619856634673766
108300,0.562319715713039
108400,0.5626535131932895
108500,0.5629870561024255
108600,0.5633203446345958
108700,0.5636533789838014
108800,0.5639861593438954
108900,0.5643186859085829
109000,0.5646509588714212
109100,0.5649829784258202
109200,0.5653147447650424
109300,0.5656462580822024
109400,0.5659775185702678
109500,0.5663085264220594
109600,0.5666392818302504
109700,0.5669697849873672
109800,0.5673000360857896
109900,0.5676300353177504
110000,0.5679597828753358
110100,0.5682892789504859
110200,0.5686185237349939
110300,0.5689475174205071
110400,0.5692762601985264
110500,0.5696047522604069
110600,0.5699329937973574
110700,0.5702609850004412
110800,0.5705887260605758
110900,0.5709162171685329
111000,0.5712434585149391
111100,0.5715704502902754
111200,0.5718971926848773
111300,0.5722236858889356
111400,0.5725499300924957
111500,0.5728759254854581
111600,0.5732016722575787
111700,0.5735271705984684
111800,0.5738524206975938
111900,0.5741774227442767
112000,0.5745021769276947
112100,0.5748266834368809
112200,0.5751509424607247
112300,0.5754749541879709
112400,0.5757987188072207
112500,0.5761222365069314
112600,0.5764455074754163
112700,0.5767685319008455
112800,0.5770913099712456
112900,0.5774138418744992
113000,0.5777361277983462
113100,0.5780581679303831
113200,0.5783799624580636
113300,0.5787015115686979
113400,0.5790228154494537
113500,0.579343874287356
113600,0.5796646882692872
113700,0.5799852575819868
113800,0.5803055824120522
113900,0.5806256629459385
114000,0.5809454993699585
114100,0.5812650918702829
114200,0.5815844406329405
114300,0.581903545843818
114400,0.5822224076886608
114500,0.5825410263530721
114600,0.5828594020225139
114700,0.5831775348823065
114800,0.5834954251176293
114900,0.58381307291352
115000,0.5841304784548753
115100,0.5844476419264513
115200,0.5847645635128624
115300,0.585081243398583
115400,0.5853976817679464
115500,0.5857138788051452
115600,0.586029834694232
115700,0.5863455496191186
115800,0.5866610237635765
115900,0.5869762573112376
116000,0.587291250445593
116100,0.5876060033499946
116200,0.587920516207654
116300,0.5882347892016428
116400,0.588548822514894
116500,0.5888626163302001
116600,0.5891761708302146
116700,0.5894894861974516
116800,0.589802562614286
116900,0.5901154002629538
117000,0.5904279993255519
117100,0.5907403599840381
117200,0.5910524824202317
117300,0.5913643668158133
117400,0.591676013352325
117500,0.5919874222111703
117600,0.5922985935736143
117700,0.5926095276207839
117800,0.5929202245336682
117900,0.5932306844931178
118000,0.5935409076798457
118100,0.5938508942744267
118200,0.5941606444572984
118300,0.5944701584087604
118400,0.5947794363089749
118500,0.5950884783379667
118600,0.5953972846756235
118700,0.5957058555016954
118800,0.5960141909957957
118900,0.5963222913374007
119000,0.5966301567058497
119100,0.5969377872803454
119200,0.5972451832399537
119300,0.5975523447636041
119400,0.5978592720300893
119500,0.5981659652180659
119600,0.5984724245060542
119700,0.5987786500724385
119800,0.5990846420954667
119900,0.5993904007532511
120000,0.599695926223768
120100,0.600001218684858
120200,0.6003062783142261
120300,0.6006111052894416
120400,0.6009156997879387
120500,0.601220061987016
120600,0.6015241920638369
120700,0.6018280901954298
120800,0.6021317565586883
120900,0.6024351913303705
121000,0.6027383946871002
121100,0.6030413668053662
121200,0.6033441078615231
121300,0.6036466180317906
121400,0.6039488974922542
121500,0.6042509464188648
121600,0.6045527649874397
121700,0.6048543533736616
121800,0.6051557117530795
121900,0.6054568403011081
122000,0.6057577391930291
122100,0.6060584086039897
122200,0.6063588487090041
122300,0.6066590596829526
122400,0.6069590417005825
122500,0.6072587949365076
122600,0.6075583195652083
122700,0.6078576157610328
122800,0.6081566836981953
122900,0.6084555235507778
123000,0.6087541354927293
123100,0.609052519697866
123200,0.6093506763398717
123300,0.609648605592298
123400,0.6099463076285637
123500,0.6102437826219556
123600,0.6105410307456282
123700,0.610838052172604
123800,0.6111348470757736
123900,0.6114314156278956
124000,0.6117277580015971
124100,0.6120238743693732
124200,0.6123197649035879
124300,0.6126154297764732
124400,0.6129108691601302
124500,0.6132060832265285
124600,0.6135010721475067
124700,0.6137958360947722
124800,0.6140903752399014
124900,0.6143846897543404
125000,0.6146787798094036
125100,0.6149726455762754
125200,0.6152662872260096
125300,0.6155597049295294
125400,0.6158528988576278
125500,0.6161458691809674
125600,0.6164386160700804
125700,0.6167311396953696
125800,0.6170234402271073
125900,0.6173155178354361
126000,0.617607372690369
126100,0.617899004961789
126200,0.6181904148194497
126300,0.6184816024329755
126400,0.618772567971861
126500,0.6190633116054717
126600,0.6193538335030441
126700,0.6196441338336854
126800,0.6199342127663741
126900,0.6202240704699595
127000,0.6205137071131623
127100,0.6208031228645746
127200,0.6210923178926597
127300,0.6213812923657528
127400,0.6216700464520601
127500,0.6219585803196602
127600,0.6222468941365031
127700,0.6225349880704107
127800,0.6228228622890772
127900,0.6231105169600687
128000,0.6233979522508235
128100,0.6236851683286522
128200,0.623972165360738
128300,0.6242589435141364
128400,0.6245455029557753
128500,0.6248318438524558
128600,0.6251179663708515
128700,0.6254038706775087
128800,0.625689556938847
128900,0.6259750253211591
129000,0.6262602759906106
129100,0.6265453091132405
129200,0.6268301248549613
129300,0.6271147233815588
129400,0.6273991048586923
129500,0.627683269451895
129600,0.6279672173265738
129700,0.6282509486480092
129800,0.6285344635813561
129900,0.6288177622916429
130000,0.6291008449437726
130100,0.629383711702522
130200,0.629666362732543
130300,0.6299487981983609
130400,0.6302310182643762
130500,0.6305130230948639
130600,0.6307948128539738
130700,0.63107638770573
130800,0.6313577478140323
130900,0.6316388933426549
131000,0.6319198244552475
131100,0.6322005413153344
131200,0.632481044086316
131300,0.6327613329314672
131400,0.6330414080139393
131500,0.6333212694967584
131600,0.6336009175428267
131700,0.6338803523149219
131800,0.6341595739756979
131900,0.6344385826876842
132000,0.6347173786132865
132100,0.6349959619147867
132200,0.6352743327543429
132300,0.6355524912939893
132400,0.6358304376956369
132500,0.636108172121073
132600,0.6363856947319615
132700,0.6366630056898431
132800,0.6369401051561354
132900,0.6372169932921325
133000,0.6374936702590059
133100,0.637770136217804
133200,0.6380463913294524
133300,0.6383224357547539
133400,0.6385982696543889
133500,0.6388738931889151
133600,0.6391493065187674
133700,0.6394245098042591
133800,0.6396995032055807
133900,0.6399742868828006
134000,0.6402488609958651
134100,0.6405232257045987
134200,0.640797381168704
134300,0.6410713275477615
134400,0.6413450650012303
134500,0.6416185936884479
134600,0.64189191376863
134700,0.6421650254008711
134800,0.6424379287441444
134900,0.6427106239573017
135000,0.6429831111990737
135100,0.6432553906280701
135200,0.6435274624027796
135300,0.64379932668157
135400,0.6440709836226886
135500,0.6443424333842613
135600,0.6446136761242942
135700,0.6448847120006724
135800,0.645155541171161
135900,0.6454261637934045
136000,0.6456965800249268
136100,0.6459667900231325
136200,0.6462367939453055
136300,0.6465065919486102
136400,0.6467761841900905
136500,0.6470455708266716
136600,0.6473147520151576
136700,0.6475837279122344
136800,0.6478524986744675
136900,0.6481210644583033
137000,0.6483894254200688
137100,0.6486575817159719
137200,0.6489255335021014
137300,0.6491932809344269
137400,0.649460824168799
137500,0.6497281633609497
137600,0.6499952986664921
137700,0.6502622302409204
137800,0.6505289582396105
137900,0.65079548281782
138000,0.6510618041306875
138100,0.6513279223332337
138200,0.6515938375803609
138300,0.6518595500268535
138400,0.6521250598273776
138500,0.6523903671364812
138600,0.6526554721085951
138700,0.6529203748980316
138800,0.6531850756589856
138900,0.6534495745455345
139000,0.6537138717116382
139100,0.6539779673111388
139200,0.6542418614977614
139300,0.6545055544251142
139400,0.6547690462466873
139500,0.6550323371158548
139600,0.6552954271858731
139700,0.6555583166098817
139800,0.6558210055409042
139900,0.6560834941318462
140000,0.6563457825354977
140100,0.6566078709045318
140200,0.6568697593915049
140300,0.6571314481488578
140400,0.6573929373289142
140500,0.6576542270838822
140600,0.6579153175658535
140700,0.6581762089268041
140800,0.6584369013185937
140900,0.6586973948929664
141000,0.6589576898015509
141100,0.6592177861958597
141200,0.6594776842272899
141300,0.6597373840471235
141400,0.6599968858065266
141500,0.6602561896565504
141600,0.6605152957481308
141700,0.6607742042320883
141800,0.661032915259129
141900,0.6612914289798435
142000,0.6615497455447077
142100,0.6618078651040828
142200,0.6620657878082155
142300,0.6623235138072374
142400,0.6625810432511661
142500,0.6628383762899046
142600,0.6630955130732418
142700,0.6633524537508518
142800,0.6636091984722952
142900,0.663865747387018
143000,0.6641221006443527
143100,0.6643782583935175
143200,0.6646342207836171
143300,0.6648899879636423
143400,0.6651455600824703
143500,0.6654009372888648
143600,0.6656561197314761
143700,0.6659111075588411
143800,0.6661659009193834
143900,0.6664204999614133
144000,0.6666749048331281
144100,0.666929115682612
144200,0.6671831326578366
144300,0.66743695590666
144400,0.6676905855768283
144500,0.667944021815974
144600,0.6681972647716181
144700,0.6684503145911682
144800,0.66870317142192
144900,0.6689558354110565
145000,0.6692083067056489
145100,0.6694605854526556
145200,0.6697126717989235
145300,0.6699645658911872
145400,0.6702162678760697
145500,0.6704677779000816
145600,0.6707190961096225
145700,0.6709702226509797
145800,0.6712211576703293
145900,0.6714719013137359
146000,0.6717224537271526
146100,0.671972815056421
146200,0.6722229854472721
146300,0.672472965045325
146400,0.6727227539960883
146500,0.6729723524449593
146600,0.6732217605372246
146700,0.6734709784180599
146800,0.6737200062325301
146900,0.67396884412559
147000,0.6742174922420829
147100,0.6744659507267424
147200,0.6747142197241915
147300,0.674962299378943
147400,0.675210189835399
147500,0.6754578912378523
147600,0.6757054037304848
147700,0.6759527274573691
147800,0.6761998625624677
147900,0.676446809189633
148000,0.6766935674826082
148100,0.6769401375850265
148200,0.6771865196404117
148300,0.6774327137921782
148400,0.6776787201836308
148500,0.6779245389579655
148600,0.6781701702582684
148700,0.6784156142275171
148800,0.6786608710085796
148900,0.6789059407442155
149000,0.6791508235770751
149100,0.6793955196497001
149200,0.6796400291045236
149300,0.6798843520838698
149400,0.6801284887299544
149500,0.6803724391848848
149600,0.68061620359066
149700,0.6808597820891704
149800,0.681103174822199
149900,0.6813463819314194
150000,0.6815894035583984
150100,0.681832239844594
150200,0.6820748909313566
150300,0.682317356959929
150400,0.682559638071446
150500,0.6828017344069348
150600,0.6830436461073152
150700,0.6832853733133992
150800,0.6835269161658919
150900,0.6837682748053908
151000,0.684009449372386
151100,0.6842504400072607
151200,0.6844912468502912
151300,0.6847318700416463
151400,0.6849723097213885
151500,0.685212566029473
151600,0.6854526391057485
151700,0.6856925290899569
151800,0.6859322361217338
151900,0.6861717603406081
152000,0.6864111018860022
152100,0.6866502608972322
152200,0.6868892375135085
152300,0.6871280318739343
152400,0.6873666441175076
152500,0.68760507438312
152600,0.6878433228095573
152700,0.6880813895354992
152800,0.6883192746995201
152900,0.6885569784400882
153000,0.6887945008955667
153100,0.6890318422042125
153200,0.6892690025041779
153300,0.6895059819335091
153400,0.6897427806301475
153500,0.689979398731929
153600,0.6902158363765847
153700,0.6904520937017404
153800,0.6906881708449171
153900,0.6909240679435307
154000,0.6911597851348924
154100,0.6913953225562088
154200,0.691630680344582
154300,0.6918658586370089
154400,0.6921008575703826
154500,0.6923356772814915
154600,0.6925703179070196
154700,0.6928047795835469
154800,0.6930390624475491
154900,0.6932731666353977
155000,0.6935070922833604
155100,0.6937408395276009
155200,0.693974408504179
155300,0.694207799349051
155400,0.6944410121980689
155500,0.6946740471869818
155600,0.6949069044514348
155700,0.6951395841269699
155800,0.6953720863490251
155900,0.695604411252936
156000,0.6958365589739346
156100,0.6960685296471492
156200,0.696300323407606
156300,0.6965319403902274
156400,0.6967633807298335
156500,0.6969946445611412
156600,0.6972257320187649
156700,0.6974566432372163
156800,0.6976873783509043
156900,0.6979179374941356
157000,0.6981483208011141
157100,0.6983785284059418
157200,0.698608560442618
157300,0.6988384170450401
157400,0.6990680983470032
157500,0.6992976044822007
157600,0.6995269355842233
157700,0.6997560917865608
157800,0.6999850732226003
157900,0.7002138800256278
158000,0.7004425123288273
158100,0.7006709702652814
158200,0.700899253967971
158300,0.7011273635697759
158400,0.7013552992034743
158500,0.7015830610017433
158600,0.7018106490971585
158700,0.702038063622195
158800,0.7022653047092262
158900,0.7024923724905248
159000,0.7027192670982629
159100,0.7029459886645115
159200,0.7031725373212407
159300,0.7033989132003204
159400,0.7036251164335199
159500,0.7038511471525073
159600,0.7040770054888512
159700,0.7043026915740194
159800,0.7045282055393796
159900,0.7047535475161988
160000,0.7049787176356447
160100,0.7052037160287844
160200,0.7054285428265853
160300,0.7056531981599148
160400,0.7058776821595405
160500,0.7061019949561302
160600,0.7063261366802522
160700,0.7065501074623752
160800,0.7067739074328684
160900,0.7069975367220014
161000,0.7072209954599447
161100,0.7074442837767692
161200,0.707667401802447
161300,0.7078903496668508
161400,0.7081131274997544
161500,0.7083357354308325
161600,0.708558173589661
161700,0.7087804421057169
161800,0.7090025411083786
161900,0.7092244707269255
162000,0.709446231090539
162100,0.7096678223283011
162200,0.7098892445691963
162300,0.7101104979421102
162400,0.7103315825758301
162500,0.7105524985990452
162600,0.7107732461403466
162700,0.7109938253282273
162800,0.7112142362910823
162900,0.7114344791572085
163000,0.711654554054805
163100,0.7118744611119736
163200,0.7120942004567177
163300,0.7123137722169437
163400,0.7125331765204599
163500,0.7127524134949775
163600,0.7129714832681102
163700,0.7131903859673745
163800,0.7134091217201894
163900,0.7136276906538768
164000,0.7138460928956616
164100,0.7140643285726715
164200,0.7142823978119375
164300,0.7145003007403936
164400,0.7147180374848768
164500,0.7149356081721278
164600,0.71515301292879
164700,0.7153702518814109
164800,0.7155873251564412
164900,0.715804232880235
165000,0.7160209751790502
165100,0.7162375521790484
165200,0.716453964006295
165300,0.7166702107867593
165400,0.7168862926463143
165500,0.7171022097107373
165600,0.7173179621057094
165700,0.7175335499568162
165800,0.717748973389547
165900,0.7179642325292961
166000,0.7181793275013614
166100,0.7183942584309457
166200,0.7186090254431565
166300,0.7188236286630053
166400,0.7190380682154087
166500,0.7192523442251879
166600,0.7194664568170688
166700,0.7196804061156825
166800,0.7198941922455646
166900,0.7201078153311562
167000,0.7203212754968031
167100,0.7205345728667565
167200,0.7207477075651727
167300,0.7209606797161134
167400,0.7211734894435458
167500,0.7213861368713421
167600,0.7215986221232806
167700,0.7218109453230448
167800,0.7220231065942242
167900,0.7222351060603136
168000,0.7224469438447141
168100,0.7226586200707323
168200,0.7228701348615811
168300,0.7230814883403793
168400,0.7232926806301514
168500,0.7235037118538288
168600,0.7237145821342487
168700,0.7239252915941545
168800,0.7241358403561965
168900,0.724346228542931
169000,0.7245564562768207
169100,0.7247665236802358
169200,0.724976430875452
169300,0.7251861779846527
169400,0.7253957651299274
169500,0.7256051924332729
169600,0.7258144600165932
169700,0.7260235680016985
169800,0.726232516510307
169900,0.7264413056640434
170000,0.72664993558444
170100,0.7268584063929364
170200,0.7270667182108795
170300,0.7272748711595236
170400,0.7274828653600307
170500,0.7276907009334701
170600,0.7278983780008192
170700,0.7281058966829627
170800,0.7283132571006933
170900,0.7285204593747117
171000,0.7287275036256263
171100,0.7289343899739538
171200,0.7291411185401186
171300,0.7293476894444537
171400,0.7295541028072
171500,0.7297603587485069
171600,0.7299664573884319
171700,0.7301723988469413
171800,0.7303781832439098
171900,0.7305838106991203
172000,0.7307892813322648
172100,0.730994595262944
172200,0.731199752610667
172300,0.7314047534948525
172400,0.731609598034827
172500,0.7318142863498269
172600,0.7320188185589975
172700,0.7322231947813931
172800,0.7324274151359771
172900,0.7326314797416223
173000,0.7328353887171111
173100,0.7330391421811348
173200,0.7332427402522945
173300,0.7334461830491008
173400,0.7336494706899739
173500,0.7338526032932438
173600,0.73405558097715
173700,0.7342584038598419
173800,0.734461072059379
173900,0.7346635856937307
174000,0.7348659448807762
174100,0.735068149738305
174200,0.7352702003840168
174300,0.7354720969355213
174400,0.7356738395103387
174500,0.7358754282258997
174600,0.736076863199545
174700,0.7362781445485264
174800,0.7364792723900058
174900,0.7366802468410558
175000,0.7368810680186599
175100,0.7370817360397126
175200,0.7372822510210185
175300,0.7374826130792939
175400,0.7376828223311656
175500,0.7378828788931717
175600,0.7380827828817613
175700,0.7382825344132946
175800,0.7384821336040435
175900,0.7386815805701907
176000,0.7388808754278305
176100,0.7390800182929688
176200,0.7392790092815227
176300,0.7394778485093212
176400,0.7396765360921049
176500,0.739875072145526
176600,0.7400734567851486
176700,0.7402716901264486
176800,0.7404697722848139
176900,0.7406677033755444
177000,0.7408654835138522
177100,0.7410631128148611
177200,0.7412605913936076
177300,0.74145791936504
177400,0.7416550968440194
177500,0.7418521239453191
177600,0.7420490007836246
177700,0.7422457274735343
177800,0.7424423041295591
177900,0.7426387308661228
178000,0.7428350077975612
178100,0.7430311350381238
178200,0.7432271127019723
178300,0.7434229409031817
178400,0.74361861975574
178500,0.7438141493735478
178600,0.7440095298704196
178700,0.7442047613600824
178800,0.744399843956177
178900,0.744594777772257
179000,0.74478956292179
179100,0.7449841995181565
179200,0.7451786876746509
179300,0.7453730275044811
179400,0.7455672191207685
179500,0.7457612626365485
179600,0.7459551581647701
179700,0.7461489058182962
179800,0.7463425057099038
179900,0.7465359579522834
180000,0.7467292626580403
180100,0.7469224199396932
180200,0.7471154299096754
180300,0.7473082926803344
180400,0.747501008363932
180500,0.7476935770726441
180600,0.7478859989185616
180700,0.7480782740136895
180800,0.7482704024699474
180900,0.7484623843991698
181000,0.7486542199131057
181100,0.7488459091234189
181200,0.749037452141688
181300,0.7492288490794067
181400,0.7494201000479834
181500,0.7496112051587418
181600,0.7498021645229205
181700,0.7499929782516733
181800,0.7501836464560694
181900,0.7503741692470929
182000,0.7505645467356438
182100,0.7507547790325371
182200,0.7509448662485032
182300,0.7511348084941887
182400,0.7513246058801551
182500,0.75151425851688
182600,0.7517037665147566
182700,0.7518931299840939
182800,0.7520823490351166
182900,0.7522714237779657
183000,0.7524603543226982
183100,0.7526491407792867
183200,0.7528377832576204
183300,0.7530262818675044
183400,0.7532146367186603
183500,0.7534028479207259
183600,0.7535909155832552
183700,0.753778839815719
183800,0.7539666207275043
183900,0.7541542584279151
184000,0.7543417530261713
184100,0.7545291046314103
184200,0.7547163133526859
184300,0.7549033792989686
184400,0.7550903025791461
184500,0.7552770833020228
184600,0.7554637215763202
184700,0.7556502175106772
184800,0.7558365712136491
184900,0.7560227827937092
185000,0.7562088523592476
185100,0.756394780018572
185200,0.7565805658799072
185300,0.7567662100513957
185400,0.7569517126410974
185500,0.75713707375699
185600,0.7573222935069686
185700,0.7575073719988461
185800,0.7576923093403533
185900,0.7578771056391385
186000,0.7580617610027683
186100,0.7582462755387271
186200,0.7584306493544174
186300,0.7586148825571595
186400,0.7587989752541922
186500,0.7589829275526723
186600,0.7591667395596748
186700,0.7593504113821936
186800,0.7595339431271404
186900,0.7597173349013454
187000,0.7599005868115576
187100,0.7600836989644445
187200,0.7602666714665922
187300,0.7604495044245055
187400,0.7606321979446081
187500,0.7608147521332423
187600,0.7609971670966695
187700,0.7611794429410701
187800,0.7613615797725433
187900,0.7615435776971075
188000,0.7617254368207003
188100,0.7619071572491785
188200,0.7620887390883179
188300,0.7622701824438141
188400,0.7624514874212817
188500,0.762632654126255
188600,0.7628136826641876
188700,0.7629945731404529
188800,0.7631753256603439
188900,0.7633559403290728
189000,0.7635364172517726
189100,0.763716756533495
189200,0.7638969582792122
189300,0.7640770225938165
189400,0.7642569495821195
189500,0.7644367393488536
189600,0.7646163919986709
189700,0.7647959076361439
189800,0.7649752863657652
189900,0.7651545282919477
190000,0.7653336335190248
190100,0.7655126021512504
190200,0.7656914342927985
190300,0.7658701300477639
190400,0.7660486895201624
190500,0.7662271128139296
190600,0.7664054000329227
190700,0.7665835512809192
190800,0.7667615666616174
190900,0.7669394462786369
191000,0.7671171902355178
191100,0.7672947986357219
191200,0.7674722715826314
191300,0.76764960917955
191400,0.7678268115297027
191500,0.7680038787362353
191600,0.7681808109022156
191700,0.7683576081306323
191800,0.7685342705243957
191900,0.7687107981863378
192000,0.7688871912192119
192100,0.769063449725693
192200,0.7692395738083779
192300,0.7694155635697851
192400,0.769591419112355
192500,0.7697671405384495
192600,0.7699427279503531
192700,0.7701181814502717
192800,0.7702935011403333
192900,0.7704686871225885
193000,0.7706437394990096
193100,0.7708186583714912
193200,0.7709934438418504
193300,0.7711680960118265
193400,0.7713426149830811
193500,0.7715170008571984
193600,0.7716912537356853
193700,0.771865373719971
193800,0.7720393609114073
193900,0.7722132154112692
194000,0.7723869373207538
194100,0.7725605267409814
194200,0.7727339837729952
194300,0.7729073085177612
194400,0.7730805010761685
194500,0.7732535615490292
194600,0.7734264900370785
194700,0.7735992866409748
194800,0.7737719514612997
194900,0.7739444845985581
195000,0.7741168861531785
195100,0.7742891562255124
195200,0.7744612949158349
195300,0.7746333023243448
195400,0.7748051785511643
195500,0.7749769236963393
195600,0.7751485378598394
195700,0.7753200211415578
195800,0.775491373641312
195900,0.775662595458843
196000,0.7758336866938156
196100,0.7760046474458187
196200,0.7761754778143655
196300,0.7763461778988932
196400,0.7765167477987628
196500,0.77668718761326
196600,0.7768574974415947
196700,0.7770276773829008
196800,0.777197727536237
196900,0.777367648000586
197000,0.7775374388748557
197100,0.7777071002578778
197200,0.7778766322484092
197300,0.7780460349451311
197400,0.7782153084466499
197500,0.778384452851496
197600,0.7785534682581257
197700,0.7787223547649192
197800,0.7788911124701825
197900,0.7790597414721462
198000,0.7792282418689658
198100,0.7793966137587225
198200,0.7795648572394223
198300,0.7797329724089963
198400,0.7799009593653015
198500,0.7800688182061198
198600,0.7802365490291586
198700,0.7804041519320509
198800,0.7805716270123553
198900,0.7807389743675556
199000,0.7809061940950617
199100,0.7810732862922091
199200,0.7812402510562588
199300,0.781407088484398
199400,0.7815737986737394
199500,0.7817403817213222
199600,0.7819068377241111
199700,0.7820731667789967
199800,0.7822393689827964
199900,0.7824054444322532
200000,0.7825713932240363
200100,0.7827372154547417
200200,0.7829029112208912
200300,0.783068480618933
200400,0.7832339237452421
200500,0.78339924069612
200600,0.7835644315677942
200700,0.7837294964564194
200800,0.7838944354580767
200900,0.784059248668774
201000,0.7842239361844459
201100,0.7843884981009538
201200,0.7845529345140863
201300,0.7847172455195585
201400,0.7848814312130128
201500,0.7850454916900188
201600,0.7852094270460728
201700,0.7853732373765983
201800,0.7855369227769465
201900,0.7857004833423955
202000,0.7858639191681507
202100,0.7860272303493451
202200,0.786190416981039
202300,0.7863534791582203
202400,0.7865164169758043
202500,0.7866792305286342
202600,0.7868419199114804
202700,0.7870044852190418
202800,0.787166926545944
202900,0.7873292439867414
203000,0.7874914376359159
203100,0.7876535075878772
203200,0.7878154539369633
203300,0.7879772767774399
203400,0.7881389762035012
203500,0.7883005523092693
203600,0.7884620051887946
203700,0.7886233349360559
203800,0.7887845416449599
203900,0.7889456254093423
204000,0.7891065863229667
204100,0.7892674244795255
204200,0.7894281399726395
204300,0.7895887328958581
204400,0.7897492033426595
204500,0.7899095514064505
204600,0.7900697771805665
204700,0.7902298807582722
204800,0.7903898622327606
204900,0.790549721697154
205000,0.7907094592445036
205100,0.7908690749677896
205200,0.7910285689599212
205300,0.7911879413137368
205400,0.7913471921220043
205500,0.7915063214774203
205600,0.791665329472611
205700,0.7918242162001322
205800,0.7919829817524686
205900,0.7921416262220348
206000,0.7923001497011746
206100,0.7924585522821614
206200,0.7926168340571988
206300,0.7927749951184192
206400,0.7929330355578854
206500,0.7930909554675896
206600,0.793248754939454
206700,0.7934064340653308
206800,0.793563992937002
206900,0.7937214316461796
207000,0.7938787502845057
207100,0.7940359489435524
207200,0.7941930277148224
207300,0.7943499866897479
207400,0.7945068259596919
207500,0.7946635456159475
207600,0.7948201457497385
207700,0.7949766264522186
207800,0.7951329878144723
207900,0.7952892299275147
208000,0.7954453528822913
208100,0.7956013567696784
208200,0.7957572416804827
208300,0.7959130077054422
208400,0.7960686549352249
208500,0.7962241834604306
208600,0.7963795933715891
208700,0.7965348847591619
208800,0.796690057713541
208900,0.7968451123250496
209000,0.7970000486839421
209100,0.7971548668804043
209200,0.7973095670045525
209300,0.7974641491464348
209400,0.7976186133960308
209500,0.7977729598432509
209600,0.7979271885779375
209700,0.7980812996898642
209800,0.798235293268736
209900,0.7983891694041898
210000,0.7985429281857939
210100,0.7986965697030484
210200,0.7988500940453851
210300,0.7990035013021677
210400,0.7991567915626916
210500,0.7993099649161842
210600,0.7994630214518047
210700,0.7996159612586445
210800,0.7997687844257271
210900,0.7999214910420076
211000,0.800074081196374
211100,0.8002265549776459
211200,0.8003789124745757
211300,0.8005311537758475
211400,0.8006832789700782
211500,0.8008352881458171
211600,0.8009871813915456
211700,0.8011389587956781
211800,0.8012906204465614
211900,0.8014421664324747
212000,0.8015935968416301
212100,0.8017449117621724
212200,0.8018961112821793
212300,0.802047195489661
212400,0.8021981644725608
212500,0.8023490183187548
212600,0.8024997571160524
212700,0.8026503809521954
212800,0.8028008899148595
212900,0.8029512840916531
213000,0.8031015635701175
213100,0.8032517284377277
213200,0.8034017787818919
213300,0.8035517146899516
213400,0.8037015362491814
213500,0.8038512435467897
213600,0.8040008366699185
213700,0.8041503157056429
213800,0.8042996807409719
213900,0.804448931862848
214000,0.8045980691581476
214100,0.8047470927136805
214200,0.8048960026161907
214300,0.8050447989523555
214400,0.8051934818087868
214500,0.80534205127203
214600,0.8054905074285643
214700,0.8056388503648036
214800,0.8057870801670953
214900,0.8059351969217212
215000,0.8060832007148973
215100,0.8062310916327737
215200,0.806378869761435
215300,0.8065265351869001
215400,0.8066740879951222
215500,0.8068215282719888
215600,0.8069688561033224
215700,0.8071160715748796
215800,0.8072631747723518
215900,0.8074101657813648
216000,0.8075570446874796
216100,0.8077038115761914
216200,0.8078504665329305
216300,0.8079970096430619
216400,0.8081434409918857
216500,0.8082897606646368
216600,0.8084359687464849
216700,0.8085820653225353
216800,0.8087280504778278
216900,0.8088739242973377
217000,0.8090196868659754
217100,0.8091653382685864
217200,0.8093108785899518
217300,0.8094563079147877
217400,0.8096016263277459
217500,0.8097468339134135
217600,0.809891930756313
217700,0.8100369169409025
217800,0.8101817925515759
217900,0.8103265576726624
218000,0.810471212388427
218100,0.8106157567830705
218200,0.8107601909407296
218300,0.8109045149454766
218400,0.8110487288813197
218500,0.8111928328322031
218600,0.8113368268820071
218700,0.811480711114548
218800,0.8116244856135778
218900,0.811768150462785
219000,0.8119117057457944
219100,0.8120551515461667
219200,0.8121984879473988
219300,0.8123417150329243
219400,0.812484832886113
219500,0.812627841590271
219600,0.8127707412286409
219700,0.8129135318844021
219800,0.8130562136406702
219900,0.8131987865804975
220000,0.813341250786873
220100,0.8134836063427225
220200,0.8136258533309085
220300,0.8137679918342303
220400,0.8139100219354239
220500,0.8140519437171625
220600,0.8141937572620559
220700,0.8143354626526512
220800,0.8144770599714324
220900,0.8146185493008207
221000,0.8147599307231742
221100,0.8149012043207884
221200,0.8150423701758961
221300,0.8151834283706672
221400,0.8153243789872089
221500,0.815465222107566
221600,0.8156059578137207
221700,0.8157465861875924
221800,0.8158871073110383
221900,0.8160275212658532
222000,0.8161678281337692
222100,0.8163080279964565
222200,0.8164481209355225
222300,0.8165881070325129
222400,0.8167279863689109
222500,0.8168677590261375
222600,0.8170074250855519
222700,0.8171469846284509
222800,0.8172864377360696
222900,0.8174257844895809
223000,0.817565024970096
223100,0.8177041592586641
223200,0.8178431874362727
223300,0.8179821095838473
223400,0.8181209257822522
223500,0.8182596361122892
223600,0.8183982406546995
223700,0.8185367394901617
223800,0.8186751326992936
223900,0.8188134203626511
224000,0.8189516025607291
224100,0.8190896793739607
224200,0.8192276508827178
224300,0.8193655171673109
224400,0.8195032783079895
224500,0.8196409343849418
224600,0.8197784854782946
224700,0.8199159316681139
224800,0.8200532730344046
224900,0.8201905096571104
225000,0.8203276416161142
225100,0.8204646689912378
225200,0.8206015918622424
225300,0.8207384103088281
225400,0.8208751244106344
225500,0.8210117342472399
225600,0.8211482398981629
225700,0.8212846414428603
225800,0.8214209389607292
225900,0.8215571325311056
226000,0.8216932222332654
226100,0.8218292081464236
226200,0.8219650903497352
226300,0.8221008689222946
226400,0.8222365439431361
226500,0.8223721154912332
226600,0.8225075836454999
226700,0.8226429484847895
226800,0.8227782100878953
226900,0.8229133685335505
227000,0.8230484239004283
227100,0.8231833762671419
227200,0.8233182257122444
227300,0.8234529723142294
227400,0.82358761615153
227500,0.8237221573025201
227600,0.8238565958455133
227700,0.8239909318587639
227800,0.8241251654204664
227900,0.8242592966087556
228000,0.8243933255017066
228100,0.8245272521773351
228200,0.8246610767135973
228300,0.8247947991883902
228400,0.8249284196795507
228500,0.825061938264857
228600,0.8251953550220277
228700,0.8253286700287221
228800,0.8254618833625404
228900,0.8255949951010236
229000,0.8257280053216536
229100,0.8258609141018529
229200,0.8259937215189853
229300,0.8261264276503555
229400,0.8262590325732092
229500,0.8263915363647333
229600,0.8265239391020557
229700,0.8266562408622454
229800,0.826788441722313
229900,0.8269205417592099
230000,0.8270525410498292
230100,0.827184439671005
230200,0.8273162376995131
230300,0.8274479352120707
230400,0.8275795322853363
230500,0.8277110289959102
230600,0.8278424254203341
230700,0.8279737216350913
230800,0.8281049177166069
230900,0.8282360137412477
231000,0.8283670097853222
231100,0.8284979059250805
231200,0.8286287022367151
231300,0.8287593987963598
231400,0.8288899956800908
231500,0.829020492963926
231600,0.8291508907238253
231700,0.8292811890356909
231800,0.829411387975367
231900,0.8295414876186397
232000,0.8296714880412378
232100,0.829801389318832
232200,0.8299311915270353
232300,0.8300608947414032
232400,0.8301904990374336
232500,0.8303200044905664
232600,0.8304494111761845
232700,0.8305787191696131
232800,0.8307079285461199
232900,0.830837039380915
233000,0.8309660517491517
233100,0.8310949657259256
233200,0.831223781386275
233300,0.831352498805181
233400,0.8314811180575676
233500,0.8316096392183019
233600,0.8317380623621933
233700,0.8318663875639946
233800,0.8319946148984014
233900,0.8321227444400526
234000,0.8322507762635298
234100,0.832378710443358
234200,0.8325065470540052
234300,0.8326342861698828
234400,0.8327619278653451
234500,0.83288947221469
234600,0.8330169192921588
234700,0.833144269171936
234800,0.8332715219281494
234900,0.8333986776348704
235000,0.8335257363661142
235100,0.833652698195839
235200,0.833779563197947
235300,0.8339063314462839
235400,0.8340330030146392
235500,0.8341595779767459
235600,0.8342860564062808
235700,0.834412438376865
235800,0.8345387239620625
235900,0.8346649132353822
236000,0.8347910062702762
236100,0.8349170031401411
236200,0.8350429039183171
236300,0.8351687086780888
236400,0.8352944174926846
236500,0.8354200304352775
236600,0.8355455475789841
236700,0.8356709689968658
236800,0.8357962947619278
236900,0.8359215249471201
237000,0.8360466596253368
237100,0.8361716988694162
237200,0.8362966427521414
237300,0.8364214913462401
237400,0.8365462447243839
237500,0.8366709029591897
237600,0.8367954661232185
237700,0.8369199342889763
237800,0.8370443075289136
237900,0.8371685859154256
238000,0.8372927695208526
238100,0.8374168584174795
238200,0.8375408526775359
238300,0.8376647523731967
238400,0.8377885575765815
238500,0.8379122683597551
238600,0.838035884794727
238700,0.838159406953452
238800,0.8382828349078302
238900,0.8384061687297065
239000,0.8385294084908713
239100,0.8386525542630601
239200,0.8387756061179537
239300,0.8388985641271782
239400,0.8390214283623052
239500,0.8391441988948517
239600,0.83926687579628
239700,0.839389459137998
239800,0.8395119489913593
239900,0.8396343454276627
240000,0.839756648518153
240100,0.8398788583340205
240200,0.8400009749464012
240300,0.8401229984263769
240400,0.8402449288449751
240500,0.8403667662731692
240600,0.8404885107818785
240700,0.8406101624419682
240800,0.8407317213242493
240900,0.8408531874994791
241000,0.8409745610383605
241100,0.8410958420115431
241200,0.841217030489622
241300,0.8413381265431389
241400,0.8414591302425813
241500,0.8415800416583833
241600,0.8417008608609251
241700,0.8418215879205333
241800,0.8419422229074809
241900,0.8420627658919871
242000,0.8421832169442178
242100,0.8423035761342853
242200,0.8424238435322482
242300,0.8425440192081122
242400,0.842664103231829
242500,0.8427840956732975
242600,0.8429039966023627
242700,0.843023806088817
242800,0.843143524202399
242900,0.8432631510127944
243000,0.8433826865896358
243100,0.8435021310025025
243200,0.8436214843209209
243300,0.8437407466143643
243400,0.8438599179522529
243500,0.8439789984039542
243600,0.8440979880387827
243700,0.8442168869259999
243800,0.8443356951348147
243900,0.8444544127343832
244000,0.8445730397938083
244100,0.844691576382141
244200,0.8448100225683789
244300,0.8449283784214674
244400,0.8450466440102993
244500,0.8451648194037145
244600,0.8452829046705009
244700,0.8454008998793937
244800,0.8455188050990755
244900,0.8456366203981769
245000,0.8457543458452758
245100,0.845871981508898
245200,0.8459895274575169
245300,0.846106983759554
245400,0.8462243504833782
245500,0.8463416276973066
245600,0.8464588154696039
245700,0.846575913868483
245800,0.8466929229621045
245900,0.8468098428185773
246000,0.8469266735059583
246100,0.8470434150922523
246200,0.8471600676454125
246300,0.84727663123334
246400,0.8473931059238844
246500,0.8475094917848432
246600,0.8476257888839627
246700,0.8477419972889371
246800,0.8478581170674089
246900,0.8479741482869696
247000,0.8480900910151585
247100,0.8482059453194639
247200,0.8483217112673223
247300,0.8484373889261188
247400,0.8485529783631871
247500,0.8486684796458098
247600,0.8487838928412179
247700,0.8488992180165914
247800,0.8490144552390588
247900,0.8491296045756974
248000,0.8492446660935336
248100,0.8493596398595424
248200,0.8494745259406481
248300,0.8495893244037235
248400,0.8497040353155906
248500,0.8498186587430205
248600,0.8499331947527334
248700,0.8500476434113985
248800,0.8501620047856342
248900,0.850276278942008
249000,0.8503904659470368
249100,0.8505045658671867
249200,0.8506185787688731
249300,0.8507325047184608
249400,0.8508463437822639
249500,0.850960096026546
249600,0.8510737615175199
249700,0.8511873403213485
249800,0.8513008325041436
249900,0.8514142381319669
250000,0.8515275572708298
250100,0.8516407899866931
250200,0.8517539363454676
250300,0.8518669964130133
250400,0.8519799702551407
250500,0.8520928579376095
250600,0.8522056595261296
250700,0.8523183750863605
250800,0.8524310046839121
250900,0.8525435483843438
251000,0.852656006253165
251100,0.8527683783558355
251200,0.8528806647577649
251300,0.852992865524313
251400,0.8531049807207898
251500,0.8532170104124553
251600,0.85332895466452
251700,0.8534408135421445
251800,0.8535525871104397
251900,0.8536642754344668
252000,0.8537758785792376
252100,0.8538873966097142
252200,0.853998829590809
252300,0.8541101775873852
252400,0.8542214406642561
252500,0.8543326188861861
252600,0.8544437123178898
252700,0.8545547210240326
252800,0.8546656450692306
252900,0.8547764845180505
253000,0.85488723943501
253100,0.8549979098845774
253200,0.8551084959311717
253300,0.8552189976391632
253400,0.8553294150728726
253500,0.8554397482965721
253600,0.8555499973744842
253700,0.8556601623707831
253800,0.8557702433495937
253900,0.8558802403749921
254000,0.8559901535110053
254100,0.8560999828216118
254200,0.8562097283707412
254300,0.8563193902222741
254400,0.8564289684400428
254500,0.8565384630878307
254600,0.8566478742293724
254700,0.8567572019283543
254800,0.8568664462484137
254900,0.8569756072531398
255000,0.8570846850060732
255100,0.8571936795707059
255200,0.8573025910104817
255300,0.8574114193887957
255400,0.8575201647689951
255500,0.8576288272143782
255600,0.8577374067881955
255700,0.8578459035536493
255800,0.8579543175738933
255900,0.8580626489120333
256000,0.858170897631127
256100,0.8582790637941837
256200,0.8583871474641652
256300,0.8584951487039847
256400,0.8586030675765078
256500,0.8587109041445521
256600,0.858818658470887
256700,0.8589263306182344
256800,0.8590339206492683
256900,0.8591414286266146
257000,0.8592488546128518
257100,0.8593561986705107
257200,0.8594634608620739
257300,0.8595706412499768
257400,0.8596777398966073
257500,0.8597847568643053
257600,0.8598916922153633
257700,0.8599985460120265
257800,0.8601053183164924
257900,0.8602120091909111
258000,0.8603186186973855
258100,0.8604251468979707
258200,0.8605315938546749
258300,0.8606379596294589
258400,0.8607442442842362
258500,0.8608504478808731
258600,0.8609565704811886
258700,0.8610626121469547
258800,0.8611685729398962
258900,0.861274452921691
259000,0.8613802521539698
259100,0.8614859706983163
259200,0.8615916086162673
259300,0.8616971659693125
259400,0.861802642818895
259500,0.8619080392264108
259600,0.8620133552532092
259700,0.8621185909605926
259800,0.8622237464098167
259900,0.8623288216620906
260000,0.8624338167785766
260100,0.8625387318203903
260200,0.8626435668486008
260300,0.8627483219242306
260400,0.8628529971082555
260500,0.8629575924616052
260600,0.8630621080451626
260700,0.863166543919764
260800,0.8632709001461999
260900,0.8633751767852138
261000,0.8634793738975034
261100,0.8635834915437197
261200,0.8636875297844677
261300,0.863791488680306
261400,0.8638953682917472
261500,0.8639991686792576
261600,0.8641028899032575
261700,0.8642065320241209
261800,0.864310095102176
261900,0.8644135791977051
262000,0.8645169843709442
262100,0.8646203106820833
262200,0.864723558191267
262300,0.8648267269585935
262400,0.8649298170441155
262500,0.8650328285078399
262600,0.8651357614097274
262700,0.8652386158096935
262800,0.8653413917676078
262900,0.8654440893432943
263000,0.8655467085965312
263100,0.8656492495870511
263200,0.8657517123745415
263300,0.8658540970186439
263400,0.8659564035789543
263500,0.8660586321150237
263600,0.8661607826863572
263700,0.8662628553524148
263800,0.8663648501726109
263900,0.866466767206315
264000,0.866568606512851
264100,0.8666703681514976
264200,0.8667720521814882
264300,0.8668736586620114
264400,0.8669751876522102
264500,0.8670766392111828
264600,0.8671780133979823
264700,0.8672793102716165
264800,0.8673805298910486
264900,0.8674816723151966
265000,0.8675827376029334
265100,0.8676837258130874
265200,0.8677846370044418
265300,0.8678854712357351
265400,0.8679862285656611
265500,0.8680869090528687
265600,0.868187512755962
265700,0.8682880397335007
265800,0.8683884900439993
265900,0.8684888637459285
266000,0.8685891608977137
266100,0.8686893815577359
266200,0.8687895257843318
266300,0.8688895936357933
266400,0.8689895851703682
266500,0.8690895004462594
266600,0.8691893395216259
266700,0.8692891024545822
266800,0.8693887893031983
266900,0.8694884001255
267000,0.8695879349794688
267100,0.8696873939230424
267200,0.8697867770141136
267300,0.8698860843105316
267400,0.8699853158701012
267500,0.8700844717505833
267600,0.8701835520096947
267700,0.870282556705108
267800,0.870381485894452
267900,0.8704803396353116
268000,0.8705791179852276
268100,0.8706778210016971
268200,0.8707764487421732
268300,0.8708750012640651
268400,0.8709734786247386
268500,0.8710718808815154
268600,0.8711702080916737
268700,0.8712684603124478
268800,0.8713666376010283
268900,0.8714647400145626
269000,0.8715627676101542
269100,0.8716607204448631
269200,0.8717585985757057
269300,0.8718564020596551
269400,0.8719541309536408
269500,0.8720517853145491
269600,0.8721493651992225
269700,0.8722468706644606
269800,0.8723443017670194
269900,0.8724416585636117
270000,0.872538941110907
270100,0.8726361494655318
270200,0.8727332836840692
270300,0.872830343823059
270400,0.8729273299389984
270500,0.8730242420883408
270600,0.8731210803274971
270700,0.8732178447128351
270800,0.8733145353006796
270900,0.873411152147312
271000,0.8735076953089714
271100,0.8736041648418538
271200,0.873700560802112
271300,0.8737968832458565
271400,0.8738931322291548
271500,0.8739893078080314
271600,0.8740854100384684
271700,0.8741814389764052
271800,0.8742773946777384
271900,0.8743732771983217
272000,0.8744690865939669
272100,0.8745648229204426
272200,0.8746604862334753
272300,0.8747560765887485
272400,0.8748515940419037
272500,0.87494703864854
272600,0.8750424104642136
272700,0.8751377095444387
272800,0.8752329359446872
272900,0.8753280897203884
273000,0.8754231709269298
273100,0.8755181796196562
273200,0.8756131158538702
273300,0.8757079796848327
273400,0.875802771167762
273500,0.8758974903578343
273600,0.875992137310184
273700,0.8760867120799033
273800,0.8761812147220424
273900,0.8762756452916094
274000,0.8763700038435707
274100,0.8764642904328503
274200,0.8765585051143311
274300,0.8766526479428532
274400,0.8767467189732159
274500,0.8768407182601757
274600,0.876934645858448
274700,0.8770285018227063
274800,0.8771222862075824
274900,0.8772159990676662
275000,0.8773096404575065
275100,0.8774032104316098
275200,0.8774967090444419
275300,0.8775901363504262
275400,0.8776834924039449
275500,0.8777767772593392
275600,0.8778699909709081
275700,0.8779631335929098
275800,0.8780562051795605
275900,0.8781492057850357
276000,0.8782421354634693
276100,0.8783349942689538
276200,0.8784277822555404
276300,0.8785204994772395
276400,0.8786131459880201
276500,0.8787057218418097
276600,0.878798227092495
276700,0.8788906617939217
276800,0.8789830259998943
276900,0.8790753197641761
277000,0.8791675431404897
277100,0.8792596961825164
277200,0.879351778943897
277300,0.8794437914782309
277400,0.879535733839077
277500,0.8796276060799532
277600,0.8797194082543365
277700,0.8798111404156632
277800,0.879902802617329
277900,0.8799943949126886
278000,0.8800859173550561
278100,0.8801773699977052
278200,0.8802687528938686
278300,0.8803600660967386
278400,0.8804513096594668
278500,0.8805424836351645
278600,0.8806335880769023
278700,0.8807246230377102
278800,0.8808155885705781
278900,0.8809064847284553
279000,0.8809973115642508
279100,0.8810880691308329
279200,0.8811787574810303
279300,0.8812693766676305
279400,0.8813599267433816
279500,0.8814504077609908
279600,0.8815408197731256
279700,0.881631162832413
279800,0.8817214369914401
279900,0.8818116423027537
280000,0.8819017788188606
280100,0.8819918465922275
280200,0.8820818456752813
280300,0.8821717761204085
280400,0.8822616379799563
280500,0.8823514313062313
280600,0.8824411561515006
280700,0.8825308125679913
280800,0.8826204006078907
280900,0.8827099203233464
281000,0.882799371766466
281100,0.8828887549893174
281200,0.8829780700439291
281300,0.8830673169822897
281400,0.883156495856348
281500,0.8832456067180136
281600,0.8833346496191559
281700,0.8834236246116053
281800,0.8835125317471524
281900,0.8836013710775483
282000,0.8836901426545049
282100,0.8837788465296942
282200,0.8838674827547491
282300,0.8839560513812633
282400,0.8840445524607907
282500,0.8841329860448461
282600,0.8842213521849053
282700,0.8843096509324041
282800,0.8843978823387398
282900,0.8844860464552703
283000,0.8845741433333142
283100,0.8846621730241508
283200,0.8847501355790208
283300,0.8848380310491255
283400,0.8849258594856271
283500,0.8850136209396489
283600,0.8851013154622752
283700,0.8851889431045513
283800,0.8852765039174836
283900,0.8853639979520396
284000,0.8854514252591479
284100,0.8855387858896983
284200,0.8856260798945417
284300,0.8857133073244905
284400,0.8858004682303179
284500,0.8858875626627587
284600,0.8859745906725089
284700,0.886061552310226
284800,0.8861484476265286
284900,0.8862352766719968
285000,0.886322039497172
285100,0.8864087361525577
285200,0.8864953666886178
285300,0.8865819311557787
285400,0.8866684296044276
285500,0.8867548620849139
285600,0.8868412286475483
285700,0.886927529342603
285800,0.887013764220312
285900,0.8870999333308711
286000,0.8871860367244376
286100,0.8872720744511308
286200,0.8873580465610315
286300,0.8874439531041824
286400,0.8875297941305883
286500,0.8876155696902154
286600,0.8877012798329922
286700,0.8877869246088088
286800,0.8878725040675175
286900,0.8879580182589324
287000,0.8880434672328298
287100,0.8881288510389479
287200,0.888214169726987
287300,0.8882994233466095
287400,0.8883846119474398
287500,0.8884697355790647
287600,0.888554794291033
287700,0.8886397881328559
287800,0.8887247171540065
287900,0.8888095814039205
288000,0.8888943809319958
288100,0.8889791157875925
288200,0.8890637860200332
288300,0.8891483916786028
288400,0.8892329328125488
288500,0.8893174094710808
288600,0.8894018217033712
288700,0.8894861695585548
288800,0.8895704530857287
288900,0.8896546723339528
289000,0.8897388273522497
289100,0.8898229181896042
289200,0.8899069448949644
289300,0.8899909075172401
289400,0.8900748061053048
289500,0.890158640707994
289600,0.8902424113741063
289700,0.8903261181524031
289800,0.8904097610916085
289900,0.8904933402404095
290000,0.8905768556474559
290100,0.8906603073613605
290200,0.8907436954306989
290300,0.8908270199040096
290400,0.8909102808297944
290500,0.8909934782565179
290600,0.8910766122326075
290700,0.8911596828064543
290800,0.8912426900264118
290900,0.891325633940797
291000,0.8914085145978901
291100,0.8914913320459342
291200,0.891574086333136
291300,0.8916567775076649
291400,0.8917394056176542
291500,0.8918219707111998
291600,0.8919044728363615
291700,0.8919869120411623
291800,0.8920692883735883
291900,0.8921516018815894
292000,0.8922338526130785
292100,0.8923160406159324
292200,0.892398165937991
292300,0.8924802286270581
292400,0.8925622287309009
292500,0.8926441662972497
292600,0.8927260413737992
292700,0.8928078540082071
292800,0.892889604248095
292900,0.8929712921410484
293000,0.893052917734616
293100,0.8931344810763108
293200,0.893215982213609
293300,0.8932974211939511
293400,0.8933787980647409
293500,0.8934601128733466
293600,0.8935413656670999
293700,0.8936225564932965
293800,0.8937036853991961
293900,0.8937847524320224
294000,0.8938657576389627
294100,0.8939467010671688
294200,0.8940275827637563
294300,0.894108402775805
294400,0.8941891611503585
294500,0.8942698579344248
294600,0.8943504931749761
294700,0.8944310669189485
294800,0.8945115792132425
294900,0.8945920301047228
295000,0.8946724196402183
295100,0.8947527478665223
295200,0.8948330148303922
295300,0.89491322057855
295400,0.8949933651576819
295500,0.8950734486144386
295600,0.8951534709954352
295700,0.8952334323472511
295800,0.8953133327164302
295900,0.8953931721494812
296000,0.8954729506928771
296100,0.8955526683930555
296200,0.8956323252964183
296300,0.8957119214493326
296400,0.8957914568981297
296500,0.8958709316891056
296600,0.8959503458685212
296700,0.8960296994826018
296800,0.8961089925775378
296900,0.8961882251994843
297000,0.8962673973945608
297100,0.8963465092088523
297200,0.8964255606884081
297300,0.8965045518792425
297400,0.8965834828273348
297500,0.8966623535786293
297600,0.8967411641790353
297700,0.8968199146744267
297800,0.8968986051106427
297900,0.8969772355334877
298000,0.8970558059887308
298100,0.8971343165221065
298200,0.8972127671793142
298300,0.8972911580060187
298400,0.8973694890478495
298500,0.897447760350402
298600,0.8975259719592361
298700,0.8976041239198775
298800,0.8976822162778171
298900,0.8977602490785107
299000,0.8978382223673798
299100,0.8979161361898113
299200,0.8979939905911573
299300,0.8980717856167352
299400,0.8981495213118282
299500,0.8982271977216848
299600,0.8983048148915189
299700,0.89838237286651
299800,0.8984598716918032
299900,0.8985373114125089
300000,0.8986146920737035
300100,0.8986920137204287
300200,0.898769276397692
300300,0.8988464801504665
300400,0.8989236250236912
300500,0.8990007110622705
300600,0.8990777383110748
300700,0.8991547068149403
300800,0.8992316166186687
300900,0.8993084677670278
301000,0.8993852603047513
301100,0.8994619942765386
301200,0.8995386697270551
301300,0.8996152867009322
301400,0.8996918452427671
301500,0.8997683453971231
301600,0.8998447872085296
301700,0.8999211707214818
301800,0.8999974959804411
301900,0.9000737630298351
302000,0.9001499719140573
302100,0.9002261226774675
302200,0.9003022153643916
302300,0.9003782500191216
302400,0.9004542266859161
302500,0.9005301454089994
302600,0.9006060062325626
302700,0.9006818092007627
302800,0.9007575543577232
302900,0.9008332417475339
303000,0.900908871414251
303100,0.9009844434018972
303200,0.9010599577544615
303300,0.9011354145158992
303400,0.9012108137301325
303500,0.9012861554410495
303600,0.9013614396925056
303700,0.9014366665283221
303800,0.9015118359922872
303900,0.9015869481281557
304000,0.9016620029796487
304100,0.9017370005904544
304200,0.9018119410042273
304300,0.9018868242645892
304400,0.9019616504151279
304500,0.9020364194993983
304600,0.9021111315609222
304700,0.9021857866431879
304800,0.9022603847896509
304900,0.9023349260437332
305000,0.9024094104488241
305100,0.9024838380482793
305200,0.9025582088854217
305300,0.9026325230035414
305400,0.902706780445895
305500,0.9027809812557065
305600,0.9028551254761668
305700,0.9029292131504337
305800,0.9030032443216324
305900,0.9030772190328549
306000,0.9031511373271606
306100,0.9032249992475758
306200,0.9032988048370942
306300,0.9033725541386768
306400,0.9034462471952514
306500,0.9035198840497135
306600,0.9035934647449256
306700,0.9036669893237178
306800,0.9037404578288872
306900,0.9038138703031985
307000,0.9038872267893837
307100,0.9039605273301423
307200,0.904033771968141
307300,0.9041069607460144
307400,0.9041800937063639
307500,0.904253170891759
307600,0.9043261923447368
307700,0.9043991581078012
307800,0.9044720682234247
307900,0.9045449227340465
308000,0.9046177216820741
308100,0.9046904651098823
308200,0.9047631530598136
308300,0.9048357855741783
308400,0.9049083626952545
308500,0.904980884465288
308600,0.9050533509264922
308700,0.9051257621210486
308800,0.9051981180911062
308900,0.9052704188787821
309000,0.9053426645261614
309100,0.9054148550752967
309200,0.905486990568209
309300,0.9055590710468868
309400,0.9056310965532868
309500,0.9057030671293337
309600,0.9057749828169203
309700,0.9058468436579072
309800,0.9059186496941235
309900,0.9059904009673658
310000,0.9060620975193995
310100,0.9061337393919575
310200,0.9062053266267414
310300,0.9062768592654206
310400,0.9063483373496329
310500,0.9064197609209845
310600,0.9064911300210496
310700,0.9065624446913709
310800,0.9066337049734593
310900,0.9067049109087939
311000,0.9067760625388226
311100,0.9068471599049611
311200,0.906918203048594
311300,0.9069891920110742
311400,0.9070601268337231
311500,0.9071310075578303
311600,0.9072018342246542
311700,0.9072726068754218
311800,0.9073433255513284
311900,0.907413990293538
312000,0.9074846011431832
312100,0.9075551581413652
312200,0.9076256613291541
312300,0.9076961107475884
312400,0.9077665064376752
312500,0.9078368484403907
312600,0.9079071367966794
312700,0.9079773715474552
312800,0.9080475527336
312900,0.9081176803959653
313000,0.9081877545753708
313100,0.9082577753126055
313200,0.9083277426484273
313300,0.9083976566235625
313400,0.908467517278707
313500,0.9085373246545252
313600,0.9086070787916507
313700,0.9086767797306862
313800,0.908746427512203
313900,0.9088160221767421
314000,0.9088855637648129
314100,0.9089550523168944
314200,0.9090244878734347
314300,0.9090938704748508
314400,0.909163200161529
314500,0.9092324769738247
314600,0.9093017009520629
314700,0.9093708721365372
314800,0.9094399905675111
314900,0.909509056285217
315000,0.909578069329857
315100,0.9096470297416019
315200,0.9097159375605925
315300,0.9097847928269387
315400,0.9098535955807199
315500,0.9099223458619847
315600,0.9099910437107515
315700,0.910059689167008
315800,0.9101282822707113
315900,0.9101968230617883
316000,0.9102653115801351
316100,0.9103337478656179
316200,0.9104021319580718
316300,0.9104704638973022
316400,0.9105387437230836
316500,0.9106069714751606
316600,0.910675147193247
316700,0.9107432709170269
316800,0.9108113426861536
316900,0.9108793625402505
317000,0.9109473305189106
317100,0.911015246661697
317200,0.9110831110081421
317300,0.9111509235977485
317400,0.9112186844699889
317500,0.9112863936643052
317600,0.91135405122011
317700,0.9114216571767854
317800,0.9114892115736833
317900,0.9115567144501262
318000,0.9116241658454061
318100,0.9116915657987851
318200,0.9117589143494954
318300,0.9118262115367395
318400,0.9118934573996897
318500,0.9119606519774887
318600,0.9120277953092489
318700,0.9120948874340535
318800,0.9121619283909553
318900,0.9122289182189777
319000,0.9122958569571141
319100,0.9123627446443284
319200,0.9124295813195547
319300,0.9124963670216971
319400,0.9125631017896305
319500,0.9126297856622
319600,0.9126964186782208
319700,0.9127630008764789
319800,0.9128295322957305
319900,0.9128960129747022
320000,0.9129624429520913
320100,0.9130288222665653
320200,0.9130951509567624
320300,0.9131614290612913
320400,0.9132276566187311
320500,0.9132938336676317
320600,0.9133599602465136
320700,0.9134260363938677
320800,0.9134920621481557
320900,0.91355803754781
321000,0.9136239626312335
321100,0.9136898374368
321200,0.9137556620028541
321300,0.9138214363677108
321400,0.9138871605696565
321500,0.9139528346469477
321600,0.914018458637812
321700,0.914084032580448
321800,0.9141495565130251
321900,0.9142150304736835
322000,0.9142804545005342
322100,0.9143458286316596
322200,0.9144111529051124
322300,0.9144764273589169
322400,0.9145416520310681
322500,0.9146068269595318
322600,0.9146719521822453
322700,0.9147370277371167
322800,0.9148020536620254
322900,0.9148670299948215
323000,0.9149319567733267
323100,0.9149968340353335
323200,0.9150616618186058
323300,0.9151264401608787
323400,0.9151911690998583
323500,0.9152558486732222
323600,0.9153204789186191
323700,0.915385059873669
323800,0.9154495915759634
323900,0.9155140740630648
324000,0.9155785073725075
324100,0.9156428915417966
324200,0.9157072266084091
324300,0.9157715126097932
324400,0.9158357495833684
324500,0.9158999375665261
324600,0.9159640765966287
324700,0.9160281667110104
324800,0.9160922079469769
324900,0.9161562003418052
325000,0.9162201439327443
325100,0.9162840387570144
325200,0.9163478848518075
325300,0.9164116822542873
325400,0.9164754310015888
325500,0.9165391311308193
325600,0.9166027826790571
325700,0.9166663856833528
325800,0.9167299401807284
325900,0.9167934462081778
326000,0.9168569038026666
326100,0.9169203130011324
326200,0.9169836738404844
326300,0.9170469863576036
326400,0.9171102505893434
326500,0.9171734665725283
326600,0.9172366343439554
326700,0.9172997539403933
326800,0.9173628253985829
326900,0.9174258487552368
327000,0.9174888240470396
327100,0.9175517513106483
327200,0.9176146305826913
327300,0.9176774618997697
327400,0.9177402452984564
327500,0.9178029808152963
327600,0.9178656684868067
327700,0.9179283083494769
327800,0.9179909004397683
327900,0.9180534447941145
328000,0.9181159414489216
328100,0.9181783904405676
328200,0.9182407918054029
328300,0.91830314557975
328400,0.918365451799904
328500,0.9184277105021323
328600,0.9184899217226743
328700,0.918552085497742
328800,0.9186142018635198
328900,0.9186762708561645
329000,0.9187382925118053
329100,0.9188002668665437
329200,0.918862193956454
329300,0.9189240738175826
329400,0.9189859064859486
329500,0.9190476919975437
329600,0.919109430388332
329700,0.9191711216942505
329800,0.9192327659512083
329900,0.9192943631950874
330000,0.9193559134617424
330100,0.9194174167870005
330200,0.9194788732066618
330300,0.9195402827564987
330400,0.9196016454722565
330500,0.9196629613896536
330600,0.9197242305443806
330700,0.9197854529721011
330800,0.9198466287084517
330900,0.9199077577890413
331000,0.9199688402494524
331100,0.9200298761252396
331200,0.9200908654519309
331300,0.920151808265027
331400,0.9202127046000015
331500,0.9202735544923012
331600,0.9203343579773454
331700,0.9203951150905268
331800,0.920455825867211
331900,0.9205164903427365
332000,0.920577108552415
332100,0.9206376805315313
332200,0.920698206315343
332300,0.9207586859390813
332400,0.9208191194379498
332500,0.9208795068471262
332600,0.9209398482017604
332700,0.9210001435369763
332800,0.9210603928878707
332900,0.9211205962895133
333000,0.9211807537769476
333100,0.92124086538519
333200,0.9213009311492305
333300,0.921360951104032
333400,0.9214209252845313
333500,0.9214808537256379
333600,0.9215407364622353
333700,0.9216005735291799
333800,0.9216603649613019
333900,0.9217201107934045
334000,0.921779811060265
334100,0.9218394657966333
334200,0.9218990750372338
334300,0.9219586388167635
334400,0.9220181571698938
334500,0.9220776301312686
334600,0.9221370577355066
334700,0.9221964400171991
334800,0.9222557770109114
334900,0.9223150687511827
335000,0.9223743152725254
335100,0.922433516609426
335200,0.9224926727963441
335300,0.9225517838677136
335400,0.9226108498579421
335500,0.9226698708014105
335600,0.9227288467324739
335700,0.9227877776854612
335800,0.9228466636946748
335900,0.9229055047943912
336000,0.9229643010188607
336100,0.9230230524023075
336200,0.9230817589789296
336300,0.923140420782899
336400,0.9231990378483618
336500,0.9232576102094376
336600,0.9233161379002205
336700,0.9233746209547782
336800,0.9234330594071527
336900,0.9234914532913597
337000,0.9235498026413895
337100,0.9236081074912059
337200,0.9236663678747472
337300,0.9237245838259256
337400,0.9237827553786274
337500,0.9238408825667134
337600,0.9238989654240181
337700,0.9239570039843505
337800,0.9240149982814939
337900,0.9240729483492055
338000,0.9241308542212171
338100,0.9241887159312344
338200,0.9242465335129377
338300,0.9243043069999817
338400,0.924362036425995
338500,0.9244197218245809
338600,0.924477363229317
338700,0.9245349606737552
338800,0.924592514191422
338900,0.9246500238158182
339000,0.9247074895804188
339100,0.924764911518674
339200,0.9248222896640076
339300,0.9248796240498186
339400,0.9249369147094801
339500,0.92499416167634
339600,0.9250513649837206
339700,0.925108524664919
339800,0.9251656407532066
339900,0.9252227132818298
340000,0.9252797422840092
340100,0.9253367277929405
340200,0.9253936698417937
340300,0.9254505684637139
340400,0.9255074236918206
340500,0.9255642355592081
340600,0.9256210040989455
340700,0.925677729344077
340800,0.9257344113276208
340900,0.9257910500825708
341000,0.9258476456418951
341100,0.9259041980385372
341200,0.9259607073054149
341300,0.9260171734754212
341400,0.9260735965814242
341500,0.9261299766562665
341600,0.926186313732766
341700,0.9262426078437154
341800,0.9262988590218825
341900,0.9263550673000098
342000,0.9264112327108154
342100,0.926467355286992
342200,0.9265234350612074
342300,0.9265794720661047
342400,0.9266354663343019
342500,0.9266914178983923
342600,0.9267473267909441
342700,0.926803193044501
342800,0.9268590166915814
342900,0.9269147977646796
343000,0.9269705362962642
343100,0.92702623231878
343200,0.9270818858646465
343300,0.9271374969662584
343400,0.9271930656559859
343500,0.9272485919661746
343600,0.9273040759291453
343700,0.927359517577194
343800,0.9274149169425925
343900,0.9274702740575875
344000,0.9275255889544015
344100,0.9275808616652322
344200,0.9276360922222527
344300,0.9276912806576117
344400,0.9277464270034335
344500,0.9278015312918175
344600,0.927856593554839
344700,0.9279116138245487
344800,0.9279665921329728
344900,0.9280215285121133
345000,0.9280764229939473
345100,0.9281312756104282
345200,0.9281860863934845
345300,0.9282408553750205
345400,0.9282955825869162
345500,0.9283502680610274
345600,0.9284049118291853
345700,0.928459513923197
345800,0.9285140743748455
345900,0.9285685932158894
346000,0.9286230704780628
346100,0.9286775061930763
346200,0.9287319003926157
346300,0.9287862531083427
346400,0.9288405643718951
346500,0.9288948342148866
346600,0.9289490626689065
346700,0.9290032497655202
346800,0.929057395536269
346900,0.92911150001267
347000,0.9291655632262166
347100,0.9292195852083777
347200,0.9292735659905987
347300,0.9293275056043008
347400,0.9293814040808811
347500,0.929435261451713
347600,0.9294890777481457
347700,0.9295428530015049
347800,0.9295965872430918
347900,0.9296502805041844
348000,0.9297039328160364
348100,0.9297575442098778
348200,0.9298111147169148
348300,0.9298646443683298
348400,0.9299181331952813
348500,0.9299715812289042
348600,0.9300249885003097
348700,0.930078355040585
348800,0.9301316808807938
348900,0.9301849660519761
349000,0.9302382105851481
349100,0.9302914145113025
349200,0.9303445778614083
349300,0.9303977006664109
349400,0.930450782957232
349500,0.9305038247647699
349600,0.9305568261198992
349700,0.9306097870534709
349800,0.9306627075963126
349900,0.9307155877792285
350000,0.9307684276329989
350100,0.9308212271883811
350200,0.9308739864761086
350300,0.9309267055268916
350400,0.9309793843714169
350500,0.9310320230403477
350600,0.9310846215643243
350700,0.931137179973963
350800,0.9311896982998571
350900,0.9312421765725767
351000,0.9312946148226683
351100,0.9313470130806552
351200,0.9313993713770374
351300,0.9314516897422918
351400,0.9315039682068718
351500,0.9315562068012077
351600,0.9316084055557067
351700,0.9316605645007526
351800,0.9317126836667062
351900,0.9317647630839052
352000,0.9318168027826639
352100,0.9318688027932736
352200,0.9319207631460025
352300,0.9319726838710958
352400,0.9320245649987757
352500,0.932076406559241
352600,0.9321282085826678
352700,0.9321799710992091
352800,0.9322316941389948
352900,0.932283377732132
353000,0.9323350219087047
353100,0.9323866266987739
353200,0.932438192132378
353300,0.932489718239532
353400,0.9325412050502284
353500,0.9325926525944368
353600,0.9326440609021036
353700,0.9326954300031529
353800,0.9327467599274855
353900,0.9327980507049795
354000,0.9328493023654904
354100,0.9329005149388508
354200,0.9329516884548706
354300,0.933002822943337
354400,0.9330539184340143
354500,0.9331049749566442
354600,0.9331559925409458
354700,0.9332069712166156
354800,0.933257911013327
354900,0.9333088119607313
355000,0.9333596740884571
355100,0.93341049742611
355200,0.9334612820032735
355300,0.9335120278495083
355400,0.9335627349943525
355500,0.9336134034673218
355600,0.9336640332979095
355700,0.9337146245155862
355800,0.9337651771498
355900,0.9338156912299767
356000,0.9338661667855196
356100,0.9339166038458095
356200,0.933967002440205
356300,0.934017362598042
356400,0.9340676843486344
356500,0.9341179677212733
356600,0.9341682127452278
356700,0.9342184194497446
356800,0.9342685878640481
356900,0.9343187180173403
357000,0.9343688099388011
357100,0.9344188636575881
357200,0.9344688792028364
357300,0.9345188566036593
357400,0.9345687958891477
357500,0.9346186970883701
357600,0.9346685602303733
357700,0.9347183853441816
357800,0.9347681724587973
357900,0.9348179216032003
358000,0.934867632806349
358100,0.9349173060971792
358200,0.9349669415046046
358300,0.9350165390575172
358400,0.9350660987847869
358500,0.9351156207152613
358600,0.9351651048777663
358700,0.9352145513011055
358800,0.935263960014061
358900,0.9353133310453925
359000,0.935362664423838
359100,0.9354119601781135
359200,0.9354612183369131
359300,0.9355104389289091
359400,0.9355596219827518
359500,0.9356087675270698
359600,0.9356578755904698
359700,0.9357069462015366
359800,0.9357559793888334
359900,0.9358049751809013
360000,0.93585393360626
360100,0.9359028546934073
360200,0.935951738470819
360300,0.9360005849669496
360400,0.9360493942102317
360500,0.9360981662290763
360600,0.9361469010518725
360700,0.936195598706988
360800,0.9362442592227689
360900,0.9362928826275393
361000,0.9363414689496022
361100,0.9363900182172388
361200,0.9364385304587085
361300,0.9364870057022495
361400,0.9365354439760782
361500,0.9365838453083899
361600,0.9366322097273577
361700,0.936680537261134
361800,0.936728827937849
361900,0.936777081785612
362000,0.9368252988325105
362100,0.936873479106611
362200,0.936921622635958
362300,0.9369697294485752
362400,0.9370177995724644
362500,0.9370658330356066
362600,0.937113829865961
362700,0.9371617900914657
362800,0.9372097137400374
362900,0.9372576008395715
363000,0.9373054514179423
363100,0.9373532655030027
363200,0.9374010431225843
363300,0.9374487843044975
363400,0.9374964890765317
363500,0.9375441574664549
363600,0.9375917895020138
363700,0.9376393852109344
363800,0.937686944620921
363900,0.9377344677596572
364000,0.9377819546548052
364100,0.9378294053340063
364200,0.9378768198248806
364300,0.9379241981550271
364400,0.9379715403520241
364500,0.9380188464434284
364600,0.9380661164567758
364700,0.9381133504195818
364800,0.9381605483593398
364900,0.9382077103035232
365000,0.9382548362795841
365100,0.9383019263149535
365200,0.9383489804370415
365300,0.9383959986732376
365400,0.9384429810509103
365500,0.9384899275974069
365600,0.9385368383400543
365700,0.9385837133061582
365800,0.9386305525230038
365900,0.9386773560178552
366000,0.9387241238179559
366100,0.9387708559505284
366200,0.9388175524427749
366300,0.9388642133218762
366400,0.9389108386149929
366500,0.9389574283492648
366600,0.9390039825518106
366700,0.9390505012497289
366800,0.9390969844700973
366900,0.9391434322399725
367000,0.9391898445863913
367100,0.9392362215363693
367200,0.9392825631169015
367300,0.9393288693549626
367400,0.9393751402775066
367500,0.9394213759114669
367600,0.9394675762837563
367700,0.9395137414212673
367800,0.9395598713508716
367900,0.9396059660994207
368000,0.9396520256937454
368100,0.9396980501606561
368200,0.9397440395269429
368300,0.9397899938193752
368400,0.9398359130647023
368500,0.9398817972896526
368600,0.9399276465209347
368700,0.9399734607852366
368800,0.9400192401092258
368900,0.9400649845195496
369000,0.9401106940428349
369100,0.9401563687056885
369200,0.9402020085346966
369300,0.9402476135564254
369400,0.9402931837974207
369500,0.9403387192842079
369600,0.9403842200432926
369700,0.9404296861011597
369800,0.9404751174842744
369900,0.9405205142190812
370000,0.9405658763320048
370100,0.9406112038494497
370200,0.9406564967978001
370300,0.94070175520342
370400,0.9407469790926538
370500,0.9407921684918252
370600,0.9408373234272382
370700,0.9408824439251766
370800,0.9409275300119043
370900,0.9409725817136649
371000,0.9410175990566823
371100,0.9410625820671601
371200,0.9411075307712821
371300,0.9411524451952121
371400,0.941197325365094
371500,0.9412421713070516
371600,0.9412869830471889
371700,0.9413317606115901
371800,0.9413765040263191
371900,0.9414212133174205
372000,0.9414658885109184
372100,0.9415105296328177
372200,0.941555136709103
372300,0.9415997097657393
372400,0.9416442488286716
372500,0.9416887539238253
372600,0.9417332250771061
372700,0.9417776623143997
372800,0.9418220656615722
372900,0.9418664351444699
373000,0.9419107707889196
373100,0.941955072620728
373200,0.9419993406656826
373300,0.9420435749495507
373400,0.9420877754980805
373500,0.9421319423370003
373600,0.9421760754920186
373700,0.9422201749888246
373800,0.9422642408530878
373900,0.942308273110458
374000,0.9423522717865657
374100,0.9423962369070215
374200,0.9424401684974167
374300,0.9424840665833232
374400,0.9425279311902932
374500,0.9425717623438593
374600,0.9426155600695351
374700,0.942659324392814
374800,0.9427030553391708
374900,0.9427467529340601
375000,0.9427904172029177
375100,0.9428340481711597
375200,0.9428776458641828
375300,0.9429212103073643
375400,0.9429647415260625
375500,0.9430082395456157
375600,0.9430517043913438
375700,0.9430951360885464
375800,0.9431385346625046
375900,0.9431819001384797
376000,0.9432252325417139
376100,0.9432685318974303
376200,0.9433117982308326
376300,0.9433550315671052
376400,0.9433982319314135
376500,0.9434413993489037
376600,0.9434845338447025
376700,0.9435276354439179
376800,0.9435707041716385
376900,0.9436137400529337
377000,0.9436567431128539
377100,0.9436997133764304
377200,0.9437426508686754
377300,0.9437855556145818
377400,0.9438284276391239
377500,0.9438712669672565
377600,0.9439140736239158
377700,0.9439568476340185
377800,0.9439995890224627
377900,0.9440422978141273
378000,0.9440849740338721
378100,0.9441276177065385
378200,0.9441702288569483
378300,0.9442128075099048
378400,0.944255353690192
378500,0.9442978674225754
378600,0.9443403487318014
378700,0.9443827976425976
378800,0.9444252141796726
378900,0.9444675983677164
379000,0.9445099502314
379100,0.9445522697953757
379200,0.9445945570842766
379300,0.9446368121227177
379400,0.9446790349352947
379500,0.9447212255465847
379600,0.9447633839811459
379700,0.9448055102635182
379800,0.9448476044182225
379900,0.9448896664697607
380000,0.9449316964426167
380100,0.9449736943612551
380200,0.9450156602501222
380300,0.9450575941336455
380400,0.945099496036234
380500,0.9451413659822779
380600,0.9451832039961491
380700,0.9452250101022004
380800,0.9452667843247666
380900,0.9453085266881636
381000,0.9453502372166889
381100,0.9453919159346212
381200,0.9454335628662212
381300,0.9454751780357304
381400,0.9455167614673727
381500,0.9455583131853527
381600,0.9455998332138569
381700,0.9456413215770533
381800,0.9456827782990916
381900,0.9457242034041029
382000,0.9457655969162
382100,0.9458069588594773
382200,0.9458482892580108
382300,0.9458895881358581
382400,0.9459308555170585
382500,0.945972091425633
382600,0.9460132958855841
382700,0.9460544689208964
382800,0.9460956105555358
382900,0.94613672081345
383000,0.9461777997185686
383100,0.9462188472948028
383200,0.9462598635660456
383300,0.9463008485561719
383400,0.9463418022890383
383500,0.9463827247884831
383600,0.9464236160783264
383700,0.9464644761823704
383800,0.946505305124399
383900,0.946546102928178
384000,0.9465868696174549
384100,0.9466276052159592
384200,0.9466683097474025
384300,0.9467089832354779
384400,0.9467496257038609
384500,0.9467902371762086
384600,0.9468308176761602
384700,0.9468713672273368
384800,0.9469118858533415
384900,0.9469523735777595
385000,0.9469928304241579
385100,0.9470332564160859
385200,0.9470736515770748
385300,0.9471140159306376
385400,0.9471543495002698
385500,0.9471946523094488
385600,0.9472349243816339
385700,0.947275165740267
385800,0.9473153764087718
385900,0.947355556410554
386000,0.9473957057690018
386100,0.9474358245074852
386200,0.9474759126493567
386300,0.9475159702179509
386400,0.9475559972365842
386500,0.9475959937285561
386600,0.9476359597171473
386700,0.9476758952256216
386800,0.9477158002772245
386900,0.9477556748951841
387000,0.9477955191027105
387100,0.9478353329229965
387200,0.9478751163792167
387300,0.9479148694945286
387400,0.9479545922920715
387500,0.9479942847949674
387600,0.9480339470263204
387700,0.9480735790092174
387800,0.9481131807667271
387900,0.9481527523219012
388000,0.9481922936977736
388100,0.9482318049173603
388200,0.9482712860036602
388300,0.9483107369796545
388400,0.9483501578683068
388500,0.9483895486925633
388600,0.9484289094753527
388700,0.9484682402395861
388800,0.9485075410081573
388900,0.9485468118039423
389000,0.9485860526498001
389100,0.948625263568572
389200,0.9486644445830819
389300,0.9487035957161364
389400,0.9487427169905245
389500,0.948781808429018
389600,0.9488208700543714
389700,0.9488599018893217
389800,0.9488989039565885
389900,0.9489378762788743
390000,0.9489768188788639
390100,0.9490157317792253
390200,0.9490546150026088
390300,0.9490934685716478
390400,0.949132292508958
390500,0.9491710868371382
390600,0.9492098515787698
390700,0.9492485867564171
390800,0.949287292392627
390900,0.9493259685099293
391000,0.9493646151308369
391100,0.949403232277845
391200,0.9494418199734319
391300,0.9494803782400589
391400,0.9495189071001701
391500,0.9495574065761921
391600,0.949595876690535
391700,0.9496343174655916
391800,0.9496727289237372
391900,0.9497111110873308
392000,0.9497494639787135
392100,0.9497877876202101
392200,0.949826082034128
392300,0.9498643472427576
392400,0.9499025832683724
392500,0.9499407901332289
392600,0.9499789678595665
392700,0.9500171164696077
392800,0.9500552359855582
392900,0.9500933264296066
393000,0.9501313878239247
393100,0.9501694201906672
393200,0.9502074235519721
393300,0.9502453979299603
393400,0.9502833433467363
393500,0.950321259824387
393600,0.9503591473849831
393700,0.9503970060505782
393800,0.9504348358432091
393900,0.9504726367848957
394000,0.9505104088976414
394100,0.9505481522034326
394200,0.9505858667242388
394300,0.9506235524820131
394400,0.9506612094986916
394500,0.9506988377961937
394600,0.9507364373964221
394700,0.9507740083212628
394800,0.9508115505925854
394900,0.9508490642322421
395000,0.9508865492620693
395100,0.950924005703886
395200,0.950961433579495
395300,0.9509988329106824
395400,0.9510362037192177
395500,0.9510735460268537
395600,0.9511108598553265
395700,0.9511481452263559
395800,0.9511854021616452
395900,0.9512226306828805
396000,0.9512598308117322
396100,0.9512970025698536
396200,0.9513341459788818
396300,0.9513712610604371
396400,0.9514083478361237
396500,0.9514454063275289
396600,0.951482436556224
396700,0.9515194385437634
396800,0.9515564123116853
396900,0.9515933578815114
397000,0.9516302752747472
397100,0.9516671645128814
397200,0.9517040256173867
397300,0.9517408586097189
397400,0.9517776635113182
397500,0.951814440343608
397600,0.951851189127995
397700,0.9518879098858705
397800,0.9519246026386086
397900,0.9519612674075675
398000,0.9519979042140893
398100,0.9520345130794993
398200,0.9520710940251069
398300,0.9521076470722053
398400,0.9521441722420713
398500,0.9521806695559655
398600,0.9522171390351322
398700,0.9522535807007997
398800,0.95228999457418
398900,0.9523263806764688
399000,0.9523627390288458
399100,0.9523990696524748
399200,0.9524353725685027
399300,0.9524716477980611
399400,0.952507895362265
399500,0.9525441152822134
399600,0.9525803075789893
399700,0.9526164722736594
399800,0.9526526093872747
399900,0.9526887189408698
400000,0.9527248009554634
400100,0.9527608554520581
400200,0.9527968824516406
400300,0.9528328819751817
400400,0.9528688540436357
400500,0.9529047986779415
400600,0.9529407158990217
400700,0.9529766057277832
400800,0.9530124681851165
400900,0.9530483032918967
401000,0.9530841110689826
401100,0.9531198915372173
401200,0.953155644717428
401300,0.9531913706304258
401400,0.9532270692970061
401500,0.9532627407379485
401600,0.9532983849740166
401700,0.9533340020259583
401800,0.9533695919145055
401900,0.9534051546603747
402000,0.9534406902842659
402100,0.9534761988068639
402200,0.9535116802488376
402300,0.95354713463084
402400,0.9535825619735083
402500,0.9536179622974644
402600,0.9536533356233139
402700,0.953688681971647
402800,0.9537240013630383
402900,0.9537592938180462
403000,0.9537945593572142
403100,0.9538297980010694
403200,0.9538650097701237
403300,0.953900194684873
403400,0.953935352765798
403500,0.9539704840333634
403600,0.9540055885080186
403700,0.9540406662101971
403800,0.954075717160317
403900,0.9541107413787809
404000,0.9541457388859756
404100,0.9541807097022726
404200,0.9542156538480278
404300,0.9542505713435813
404400,0.954285462209258
404500,0.9543203264653674
404600,0.954355164132203
404700,0.9543899752300433
404800,0.9544247597791513
404900,0.9544595177997743
405000,0.9544942493121444
405100,0.954528954336478
405200,0.9545636328929763
405300,0.9545982850018251
405400,0.9546329106831946
405500,0.9546675099572398
405600,0.9547020828441004
405700,0.9547366293639005
405800,0.954771149536749
405900,0.9548056433827395
406000,0.9548401109219502
406100,0.9548745521744438
406200,0.9549089671602683
406300,0.9549433558994557
406400,0.9549777184120231
406500,0.9550120547179722
406600,0.9550463648372897
406700,0.9550806487899467
406800,0.9551149065958994
406900,0.9551491382750884
407000,0.9551833438474395
407100,0.9552175233328631
407200,0.9552516767512544
407300,0.9552858041224935
407400,0.9553199054664452
407500,0.9553539808029593
407600,0.9553880301518703
407700,0.9554220535329979
407800,0.9554560509661464
407900,0.9554900224711049
408000,0.9555239680676477
408100,0.9555578877755339
408200,0.9555917816145075
408300,0.9556256496042974
408400,0.9556594917646177
408500,0.9556933081151671
408600,0.9557270986756294
408700,0.9557608634656737
408800,0.9557946025049536
408900,0.9558283158131081
409000,0.9558620034097611
409100,0.9558956653145214
409200,0.955929301546983
409300,0.9559629121267249
409400,0.9559964970733112
409500,0.9560300564062912
409600,0.9560635901451989
409700,0.9560970983095538
409800,0.9561305809188604
409900,0.9561640379926082
410000,0.956197469550272
410100,0.9562308756113115
410200,0.956264256195172
410300,0.9562976113212835
410400,0.9563309410090616
410500,0.9563642452779066
410600,0.9563975241472046
410700,0.9564307776363263
410800,0.9564640057646282
410900,0.9564972085514516
411000,0.9565303860161232
411100,0.956563538177955
411200,0.9565966650562443
411300,0.9566297666702736
411400,0.9566628430393107
411500,0.9566958941826087
411600,0.9567289201194062
411700,0.9567619208689268
411800,0.9567948964503796
411900,0.9568278468829593
412000,0.9568607721858455
412100,0.9568936723782034
412200,0.9569265474791837
412300,0.9569593975079222
412400,0.9569922224835405
412500,0.9570250224251453
412600,0.9570577973518288
412700,0.9570905472826687
412800,0.957123272236728
412900,0.9571559722330555
413000,0.957188647290685
413100,0.9572212974286362
413200,0.957253922665914
413300,0.9572865230215092
413400,0.9573190985143976
413500,0.9573516491635407
413600,0.9573841749878859
413700,0.9574166760063656
413800,0.9574491522378983
413900,0.9574816037013876
414000,0.9575140304157228
414100,0.9575464323997791
414200,0.957578809672417
414300,0.9576111622524828
414400,0.9576434901588081
414500,0.9576757934102105
414600,0.9577080720254931
414700,0.9577403260234446
414800,0.9577725554228396
414900,0.9578047602424381
415000,0.9578369405009859
415100,0.9578690962172146
415200,0.9579012274098414
415300,0.9579333340975693
415400,0.9579654162990868
415500,0.9579974740330687
415600,0.9580295073181748
415700,0.9580615161730514
415800,0.95809350061633
415900,0.9581254606666284
416000,0.9581573963425497
416100,0.9581893076626831
416200,0.9582211946456036
416300,0.9582530573098722
416400,0.9582848956740353
416500,0.9583167097566254
416600,0.9583484995761611
416700,0.9583802651511464
416800,0.9584120065000716
416900,0.9584437236414127
417000,0.9584754165936318
417100,0.9585070853751765
417200,0.9585387300044806
417300,0.9585703504999641
417400,0.9586019468800325
417500,0.9586335191630775
417600,0.9586650673674767
417700,0.9586965915115938
417800,0.9587280916137783
417900,0.9587595676923659
418000,0.9587910197656782
418100,0.9588224478520228
418200,0.9588538519696934
418300,0.95888523213697
418400,0.958916588372118
418500,0.9589479206933895
418600,0.9589792291190224
418700,0.9590105136672408
418800,0.9590417743562547
418900,0.9590730112042606
419000,0.9591042242294406
419100,0.9591354134499634
419200,0.9591665788839836
419300,0.959197720549642
419400,0.9592288384650656
419500,0.9592599326483675
419600,0.959291003117647
419700,0.9593220498909898
419800,0.9593530729864675
419900,0.9593840724221381
420000,0.9594150482160458
420100,0.959446000386221
420200,0.9594769289506804
420300,0.9595078339274268
420400,0.9595387153344496
420500,0.9595695731897241
420600,0.9596004075112123
420700,0.959631218316862
420800,0.9596620056246079
420900,0.9596927694523705
421000,0.9597235098180568
421100,0.9597542267395602
421200,0.9597849202347607
421300,0.9598155903215241
421400,0.959846237017703
421500,0.9598768603411362
421600,0.959907460309649
421700,0.9599380369410532
421800,0.9599685902531465
421900,0.9599991202637139
422000,0.960029626990526
422100,0.9600601104513402
422200,0.9600905706639005
422300,0.9601210076459371
422400,0.9601514214151669
422500,0.9601818119892931
422600,0.9602121793860054
422700,0.9602425236229802
422800,0.9602728447178803
422900,0.960303142688355
423000,0.9603334175520403
423100,0.9603636693265584
423200,0.9603938980295185
423300,0.9604241036785159
423400,0.9604542862911329
423500,0.9604844458849384
423600,0.9605145824774874
423700,0.9605446960863221
423800,0.9605747867289709
423900,0.9606048544229491
424000,0.9606348991857584
424100,0.9606649210348874
424200,0.9606949199878112
424300,0.9607248960619917
424400,0.9607548492748773
424500,0.9607847796439033
424600,0.9608146871864915
424700,0.9608445719200506
424800,0.9608744338619759
424900,0.9609042730296494
425000,0.9609340894404401
425100,0.9609638831117033
425200,0.9609936540607816
425300,0.961023402305004
425400,0.9610531278616864
425500,0.9610828307481315
425600,0.9611125109816286
425700,0.9611421685794543
425800,0.9611718035588716
425900,0.9612014159371304
426000,0.9612310057314675
426100,0.9612605729591067
426200,0.9612901176372584
426300,0.96131963978312
426400,0.9613491394138758
426500,0.9613786165466971
426600,0.9614080711987418
426700,0.961437503387155
426800,0.9614669131290685
426900,0.9614963004416014
427000,0.9615256653418592
427100,0.9615550078469348
427200,0.961584327973908
427300,0.9616136257398454
427400,0.9616429011618006
427500,0.9616721542568145
427600,0.9617013850419145
427700,0.9617305935341154
427800,0.9617597797504189
427900,0.9617889437078139
428000,0.961818085423276
428100,0.961847204913768
428200,0.9618763021962399
428300,0.9619053772876287
428400,0.9619344302048585
428500,0.9619634609648403
428600,0.9619924695844725
428700,0.9620214560806404
428800,0.9620504204702165
428900,0.9620793627700605
429000,0.962108282997019
429100,0.962137181167926
429200,0.9621660572996026
429300,0.962194911408857
429400,0.9622237435124849
429500,0.9622525536272684
429600,0.9622813417699777
429700,0.9623101079573698
429800,0.9623388522061889
429900,0.9623675745331665
430000,0.9623962749550212
430100,0.9624249534884591
430200,0.9624536101501735
430300,0.9624822449568448
430400,0.9625108579251407
430500,0.9625394490717164
430600,0.9625680184132142
430700,0.9625965659662639
430800,0.9626250917474822
430900,0.9626535957734738
431000,0.96268207806083
431100,0.96271053862613
431200,0.9627389774859402
431300,0.9627673946568142
431400,0.962795790155293
431500,0.9628241639979054
431600,0.962852516201167
431700,0.9628808467815811
431800,0.9629091557556386
431900,0.9629374431398174
432000,0.9629657089505833
432100,0.962993953204389
432200,0.9630221759176751
432300,0.9630503771068695
432400,0.9630785567883875
432500,0.9631067149786321
432600,0.9631348516939935
432700,0.9631629669508497
432800,0.9631910607655659
432900,0.9632191331544951
433000,0.9632471841339777
433100,0.9632752137203416
433200,0.9633032219299023
433300,0.9633312087789628
433400,0.9633591742838139
433500,0.9633871184607335
433600,0.9634150413259877
433700,0.9634429428958295
433800,0.9634708231865002
433900,0.9634986822142283
434000,0.9635265199952299
434100,0.963554336545709
434200,0.9635821318818569
434300,0.963609906019853
434400,0.9636376589758638
434500,0.9636653907660441
434600,0.9636931014065359
434700,0.9637207909134688
434800,0.9637484593029607
434900,0.9637761065911167
435000,0.9638037327940298
435100,0.9638313379277805
435200,0.9638589220084375
435300,0.9638864850520569
435400,0.9639140270746824
435500,0.963941548092346
435600,0.963969048121067
435700,0.9639965271768527
435800,0.9640239852756981
435900,0.9640514224335861
436000,0.9640788386664872
436100,0.9641062339903601
436200,0.9641336084211509
436300,0.9641609619747938
436400,0.9641882946672109
436500,0.9642156065143119
436600,0.9642428975319945
436700,0.9642701677361444
436800,0.964297417142635
436900,0.9643246457673277
437000,0.9643518536260717
437100,0.9643790407347042
437200,0.9644062071090502
437300,0.964433352764923
437400,0.9644604777181235
437500,0.9644875819844404
437600,0.9645146655796508
437700,0.9645417285195195
437800,0.9645687708197993
437900,0.964595792496231
438000,0.9646227935645434
438100,0.9646497740404534
438200,0.9646767339396656
438300,0.9647036732778731
438400,0.9647305920707567
438500,0.9647574903339853
438600,0.9647843680832158
438700,0.9648112253340934
438800,0.964838062102251
438900,0.9648648784033099
439000,0.9648916742528794
439100,0.9649184496665567
439200,0.9649452046599275
439300,0.9649719392485651
439400,0.9649986534480314
439500,0.9650253472738761
439600,0.9650520207416372
439700,0.9650786738668409
439800,0.9651053066650015
439900,0.9651319191516212
440000,0.965158511342191
440100,0.9651850832521893
440200,0.9652116348970835
440300,0.9652381662923286
440400,0.965264677453368
440500,0.9652911683956334
440600,0.9653176391345447
440700,0.96534408968551
440800,0.9653705200639257
440900,0.9653969302851763
441000,0.9654233203646347
441100,0.9654496903176623
441200,0.9654760401596082
441300,0.9655023699058104
441400,0.9655286795715949
441500,0.9655549691722761
441600,0.9655812387231565
441700,0.9656074882395274
441800,0.9656337177366677
441900,0.9656599272298455
442000,0.9656861167343168
442100,0.9657122862653258
442200,0.9657384358381055
442300,0.9657645654678769
442400,0.9657906751698497
442500,0.9658167649592219
442600,0.9658428348511797
442700,0.965868884860898
442800,0.96589491500354
442900,0.9659209252942573
443000,0.96594691574819
443100,0.9659728863804669
443200,0.9659988372062046
443300,0.966024768240509
443400,0.9660506794984737
443500,0.9660765709951814
443600,0.9661024427457029
443700,0.9661282947650978
443800,0.9661541270684139
443900,0.9661799396706878
444000,0.9662057325869446
444100,0.9662315058321977
444200,0.9662572594214494
444300,0.9662829933696901
444400,0.9663087076918995
444500,0.9663344024030449
444600,0.9663600775180831
444700,0.9663857330519589
444800,0.9664113690196059
444900,0.9664369854359464
445000,0.9664625823158912
445100,0.9664881596743398
445200,0.9665137175261801
445300,0.9665392558862891
445400,0.9665647747695321
445500,0.966590274190763
445600,0.9666157541648248
445700,0.9666412147065488
445800,0.9666666558307551
445900,0.9666920775522524
446000,0.9667174798858383
446100,0.9667428628462991
446200,0.9667682264484095
446300,0.9667935707069334
446400,0.9668188956366232
446500,0.9668442012522198
446600,0.9668694875684535
446700,0.9668947546000427
446800,0.966920002361695
446900,0.9669452308681066
447000,0.9669704401339625
447100,0.9669956301739366
447200,0.9670208010026915
447300,0.9670459526348788
447400,0.9670710850851385
447500,0.9670961983681
447600,0.9671212924983812
447700,0.9671463674905888
447800,0.9671714233593186
447900,0.9671964601191552
448000,0.9672214777846718
