x,y
0,0.0
100,0.0015247269688251075
200,0.0030471291453209037
300,0.004567210074160721
400,0.006084973294613549
500,0.007600422340551916
600,0.009113560740459992
700,0.010624392017442252
800,0.012132919689231025
900,0.013639147268195484
1000,0.015143078261349086
1100,0.01664471617035823
1200,0.018144064491550038
1300,0.019641126715920887
1400,0.021135906329144194
1500,0.02262840681157885
1600,0.024118631638276877
1700,0.025606584278991984
1800,0.027092268198187552
1900,0.028575686855044302
2000,0.03005684370346895
2100,0.03153574219210176
2200,0.03301238576432475
2300,0.03448677785826981
2400,0.03595892190682659
2500,0.037428821337650575
2600,0.038896479573170994
2700,0.040361900030598585
2800,0.04182508612193414
2900,0.04328604125397584
3000,0.04474476882832745
3100,0.046201272241406244
3200,0.047655554884450946
3300,0.04910762014352954
3400,0.05055747139954703
3500,0.05200511202825375
3600,0.053450545400252736
3700,0.05489377488100777
3800,0.05633480383085121
3900,0.057773635604992046
4000,0.05921027355352326
4100,0.060644721021429926
4200,0.06207698134859685
4300,0.06350705786981659
4400,0.06493495391479698
4500,0.06636067280816882
4600,0.06778421786949407
4700,0.06920559241327295
4800,0.07062479974895208
4900,0.07204184318093221
5000,0.07345672600857556
5100,0.07486945152621383
5200,0.07628002302315595
5300,0.0776884437836951
5400,0.07909471708711724
5500,0.08049884620770809
5600,0.08190083441476115
5700,0.08330068497258492
5800,0.08469840114051075
5900,0.08609398617290065
6000,0.08748744331915437
6100,0.08887877582371728
6200,0.09026798692608795
6300,0.09165507986082533
6400,0.09304005785755698
6500,0.09442292414098563
6600,0.09580368193089783
6700,0.09718233444217017
6800,0.09855888488477804
6900,0.09993333646380209
7000,0.10130569237943621
7100,0.10267595582699507
7200,0.10404412999692092
7300,0.1054102180747919
7400,0.10677422324132868
7500,0.10813614867240251
7600,0.10949599753904193
7700,0.11085377300744093
7800,0.11220947823896577
7900,0.11356311639016214
8000,0.11491469061276349
8100,0.1162642040536972
8200,0.1176116598550927
8300,0.11895706115428861
8400,0.1203004110838396
8500,0.12164171277152458
8600,0.12298096934035296
8700,0.12431818390857263
8800,0.12565335958967705
8900,0.12698649949241247
9000,0.12831760672078485
9100,0.1296466843740678
9200,0.13097373554680902
9300,0.13229876332883828
9400,0.13362177080527382
9500,0.13494276105653003
9600,0.13626173715832457
9700,0.13757870218168555
9800,0.13889365919295837
9900,0.14020661125381328
10000,0.14151756142125216
10100,0.14282651274761604
10200,0.1441334682805917
10300,0.1454384310632192
10400,0.1467414041338987
10500,0.14804239052639756
10600,0.14934139326985785
10700,0.15063841538880263
10800,0.15193345990314344
10900,0.1532265298281873
11000,0.15451762817464398
11100,0.1558067579486324
11200,0.15709392215168816
11300,0.15837912378077013
11400,0.15966236582826787
11500,0.16094365128200827
11600,0.16222298312526262
11700,0.16350036433675352
11800,0.16477579789066166
11900,0.16604928675663333
12000,0.16732083389978647
12100,0.1685904422807184
12200,0.16985811485551194
12300,0.1711238545757432
12400,0.1723876643884874
12500,0.17364954723632675
12600,0.17490950605735645
12700,0.17616754378519206
12800,0.1774236633489763
12900,0.17867786767338556
13000,0.179930159678637
13100,0.18118054228049518
13200,0.18242901839027892
13300,0.18367559091486818
13400,0.18492026275671058
13500,0.1861630368138284
13600,0.1874039159798251
13700,0.18864290314389243
13800,0.18988000119081672
13900,0.19111521300098566
14000,0.19234854145039548
14100,0.19357998941065713
14200,0.19480955974900305
14300,0.19603725532829397
14400,0.19726307900702567
14500,0.1984870336393353
14600,0.19970912207500857
14700,0.20092934715948563
14800,0.20214771173386825
14900,0.2033642186349266
15000,0.20457887069510505
15100,0.20579167074252958
15200,0.20700262160101401
15300,0.20821172609006666
15400,0.2094189870248967
15500,0.21062440721642106
15600,0.21182798947127046
15700,0.21302973659179691
15800,0.21422965137607886
15900,0.2154277366179289
16000,0.21662399510689978
16100,0.2178184296282908
16200,0.21901104296315466
16300,0.2202018378883034
16400,0.22139081717631537
16500,0.2225779835955416
16600,0.223763339910112
16700,0.22494688887994185
16800,0.2261286332607385
16900,0.22730857580400743
17000,0.2284867192570591
17100,0.2296630663630146
17200,0.23083761986081297
17300,0.232010382485217
17400,0.23318135696681952
17500,0.2343505460320502
17600,0.2355179524031814
17700,0.23668357879833501
17800,0.23784742793148828
17900,0.23900950251248065
18000,0.24016980524701959
18100,0.24132833883668714
18200,0.24248510597894635
18300,0.24364010936714697
18400,0.2447933516905325
18500,0.24594483563424607
18600,0.24709456387933648
18700,0.24824253910276484
18800,0.2493887639774104
18900,0.2505332411720772
19000,0.25167597335150016
19100,0.25281696317635105
19200,0.2539562133032447
19300,0.2550937263847458
19400,0.25622950506937403
19500,0.2573635520016112
19600,0.258495869821907
19700,0.25962646116668475
19800,0.2607553286683485
19900,0.26188247495528816
20000,0.26300790265188634
20100,0.26413161437852406
20200,0.265253612751587
20300,0.26637390038347153
20400,0.26749247988259084
20500,0.26860935385338114
20600,0.2697245248963074
20700,0.2708379956078697
20800,0.27194976858060893
20900,0.27305984640311354
21000,0.2741682316600247
21100,0.2752749269320427
21200,0.27637993479593326
21300,0.277483257824533
21400,0.2785848985867556
21500,0.27968485964759815
21600,0.2807831435681466
21700,0.28187975290558187
21800,0.2829746902131862
21900,0.28406795804034846
22000,0.2851595589325704
22100,0.2862494954314728
22200,0.287337770074801
22300,0.2884243853964311
22400,0.2895093439263755
22500,0.29059264819078934
22600,0.29167430071197564
22700,0.2927543040083921
22800,0.2938326605946562
22900,0.29490937298155107
23000,0.29598444367603194
23100,0.2970578751812316
23200,0.29812966999646606
23300,0.29919983061724065
23400,0.3002683595352559
23500,0.30133525923841276
23600,0.3024005322108192
23700,0.3034641809327955
23800,0.30452620788088003
23900,0.30558661552783517
24000,0.306645406342653
24100,0.3077025827905613
24200,0.30875814733302853
24300,0.3098121024277706
24400,0.31086445052875566
24500,0.3119151940862107
24600,0.3129643355466263
24700,0.31401187735276315
24800,0.31505782194365706
24900,0.3161021717546255
25000,0.3171449292172722
25100,0.3181860967594937
25200,0.3192256768054844
25300,0.3202636717757429
25400,0.32130008408707667
25500,0.32233491615260845
25600,0.3233681703817818
25700,0.32439984918036613
25800,0.32542995495046323
25900,0.32645849009051187
26000,0.3274854569952942
26100,0.3285108580559406
26200,0.329534695659936
26300,0.3305569721911249
26400,0.33157769002971704
26500,0.33259685155229324
26600,0.3336144591318103
26700,0.3346305151376072
26800,0.33564502193541024
26900,0.33665798188733853
27000,0.33766939735190993
27100,0.3386792706840457
27200,0.33968760423507693
27300,0.3406944003527492
27400,0.34169966138122887
27500,0.3427033896611077
27600,0.34370558752940883
27700,0.34470625731959204
27800,0.34570540136155925
27900,0.3467030219816599
28000,0.34769912150269644
28100,0.3486937022439297
28200,0.3496867665210841
28300,0.3506783166463533
28400,0.35166835492840565
28500,0.3526568836723891
28600,0.35364390517993716
28700,0.3546294217491738
28800,0.35561343567471915
28900,0.35659594924769455
29000,0.357576964755728
29100,0.3585564844829595
29200,0.3595345107100464
29300,0.3605110457141686
29400,0.361486091769034
29500,0.36245965114488377
29600,0.3634317261084974
29700,0.3644023189231983
29800,0.3653714318488588
29900,0.3663390671419058
30000,0.36730522705532553
30100,0.3682699138386689
30200,0.36923312973805744
30300,0.37019487699618725
30400,0.37115515785233544
30500,0.3721139745423646
30600,0.3730713292987283
30700,0.3740272243504763
30800,0.37498166192325955
30900,0.3759346442393354
31000,0.37688617351757325
31100,0.3778362519734588
31200,0.3787848818191003
31300,0.37973206526323267
31400,0.38067780451122335
31500,0.38162210176507705
31600,0.38256495922344136
31700,0.383506379081611
31800,0.38444636353153405
31900,0.3853849147618159
32000,0.3863220349577253
32100,0.38725772630119915
32200,0.3881919909708469
32300,0.38912483114195695
32400,0.3900562489865005
32500,0.3909862466731371
32600,0.3919148263672201
32700,0.3928419902308007
32800,0.39376774042263407
32900,0.3946920790981835
33000,0.39561500840962605
33100,0.39653653050585713
33200,0.39745664753249565
33300,0.39837536163188914
33400,0.3992926749431187
33500,0.4002085896020038
33600,0.4011231077411074
33700,0.40203623148974077
33800,0.4029479629739686
33900,0.4038583043166143
34000,0.40476725763726396
34100,0.40567482505227226
34200,0.40658100867476676
34300,0.4074858106146534
34400,0.40838923297862084
34500,0.40929127787014574
34600,0.4101919473894974
34700,0.41109124363374294
34800,0.41198916869675184
34900,0.41288572466920126
35000,0.4137809136385804
35100,0.4146747376891957
35200,0.41556719890217564
35300,0.4164582993554756
35400,0.41734804112388235
35500,0.4182364262790197
35600,0.41912345688935215
35700,0.4200091350201909
35800,0.4208934627336979
35900,0.42177644208889087
36000,0.422658075141648
36100,0.4235383639447129
36200,0.4244173105476995
36300,0.42529491699709643
36400,0.42617118533627185
36500,0.4270461176054786
36600,0.4279197158418587
36700,0.4287919820794478
36800,0.42966291834918047
36900,0.4305325266788945
37000,0.4314008090933359
37100,0.4322677676141635
37200,0.4331334042599535
37300,0.4339977210462045
37400,0.4348607199853418
37500,0.4357224030867227
37600,0.4365827723566402
37700,0.4374418297983288
37800,0.43829957741196823
37900,0.4391560171946888
38000,0.4400111511405753
38100,0.44086498124067264
38200,0.4417175094829896
38300,0.44256873785250384
38400,0.4434186683311664
38500,0.4442673028979065
38600,0.44511464352863606
38700,0.4459606921962541
38800,0.4468054508706517
38900,0.4476489215187164
39000,0.4484911061043364
39100,0.4493320065884061
39200,0.4501716249288297
39300,0.451009963080526
39400,0.45184702299543344
39500,0.45268280662251414
39600,0.45351731590775846
39700,0.4543505527941899
39800,0.45518251922186925
39900,0.4560132171278991
40000,0.45684264844642863
40100,0.45767081510865804
40200,0.45849771904284287
40300,0.4593233621742986
40400,0.46014774642540524
40500,0.4609708737156114
40600,0.4617927459614395
40700,0.46261336507648954
40800,0.4634327329714436
40900,0.46425085155407086
41000,0.46506772272923147
41100,0.46588334839888135
41200,0.4666977304620762
41300,0.46751087081497633
41400,0.468322771350851
41500,0.46913343396008256
41600,0.4699428605301713
41700,0.47075105294573927
41800,0.4715580130885353
41900,0.47236374283743876
42000,0.47316824406846447
42100,0.47397151865476683
42200,0.4747735684666441
42300,0.4755743953715428
42400,0.47637400123406226
42500,0.47717238791595873
42600,0.47796955727614976
42700,0.4787655111707185
42800,0.47956025145291836
42900,0.48035377997317674
43000,0.48114609857909973
43100,0.48193720911547633
43200,0.48272711342428287
43300,0.48351581334468685
43400,0.484303310713052
43500,0.4850896073629417
43600,0.48587470512512376
43700,0.4866586058275747
43800,0.48744131129548374
43900,0.4882228233512572
44000,0.4890031438145227
44100,0.48978227450213363
44200,0.4905602172281729
44300,0.4913369738039576
44400,0.4921125460380429
44500,0.49288693573622666
44600,0.4936601447015533
44700,0.4944321747343179
44800,0.4952030276320707
44900,0.49597270518962144
45000,0.49674120919904285
45100,0.4975085414496754
45200,0.49827470372813143
45300,0.49903969781829893
45400,0.4998035255013462
45500,0.5005661885557255
45600,0.5013276887571778
45700,0.5020880278787361
45800,0.5028472076907304
45900,0.5036052299607912
46000,0.5043620964538537
46100,0.5051178089321624
46200,0.5058723691552749
46300,0.5066257788800655
46400,0.5073780398607302
46500,0.5081291538487901
46600,0.5088791225930958
46700,0.5096279478398311
46800,0.5103756313325178
46900,0.5111221748120192
47000,0.511867580016544
47100,0.5126118486816507
47200,0.5133549825402516
47300,0.5140969833226169
47400,0.5148378527563784
47500,0.5155775925665339
47600,0.516316204475451
47700,0.517053690202871
47800,0.5177900514659133
47900,0.5185252899790791
48000,0.5192594074542551
48100,0.5199924056007188
48200,0.5207242861251402
48300,0.5214550507315883
48400,0.5221847011215328
48500,0.5229132389938501
48600,0.5236406660448256
48700,0.5243669839681587
48800,0.5250921944549661
48900,0.5258162991937863
49000,0.5265392998705829
49100,0.527261198168749
49200,0.5279819957691112
49300,0.5287016943499332
49400,0.5294202955869194
49500,0.5301378011532198
49600,0.530854212719433
49700,0.5315695319536105
49800,0.5322837605212603
49900,0.5329969000853509
50000,0.5337089523063158
50100,0.5344199188420561
50200,0.5351298013479455
50300,0.5358386014768334
50400,0.5365463208790493
50500,0.5372529612024062
50600,0.5379585240922049
50700,0.5386630111912374
50800,0.5393664241397906
50900,0.5400687645756511
51000,0.5407700341341077
51100,0.5414702344479561
51200,0.5421693671475024
51300,0.542867433860567
51400,0.5435644362124881
51500,0.5442603758261257
51600,0.5449552543218659
51700,0.5456490733176236
51800,0.5463418344288469
51900,0.547033539268521
52000,0.5477241894471716
52100,0.5484137865728689
52200,0.5491023322512308
52300,0.5497898280854278
52400,0.5504762756761854
52500,0.5511616766217886
52600,0.5518460325180856
52700,0.5525293449584914
52800,0.553211615533991
52900,0.5538928458331442
53000,0.5545730374420883
53100,0.5552521919445422
53200,0.5559303109218103
53300,0.5566073959527855
53400,0.557283448613954
53500,0.5579584704793976
53600,0.5586324631207984
53700,0.5593054281074421
53800,0.5599773670062216
53900,0.5606482813816407
54000,0.5613181727958179
54100,0.5619870428084894
54200,0.5626548929770143
54300,0.563321724856376
54400,0.5639875399991876
54500,0.5646523399556946
54600,0.5653161262737791
54700,0.5659789004989628
54800,0.5666406641744113
54900,0.5673014188409367
55000,0.5679611660370023
55100,0.5686199072987255
55200,0.5692776441598815
55300,0.5699343781519068
55400,0.5705901108039032
55500,0.5712448436426407
55600,0.5718985781925616
55700,0.5725513159757839
55800,0.5732030585121044
55900,0.5738538073190032
56000,0.574503563911646
56100,0.575152329802889
56200,0.5758001065032812
56300,0.5764468955210683
56400,0.577092698362197
56500,0.5777375165303172
56600,0.5783813515267866
56700,0.5790242048506733
56800,0.5796660779987601
56900,0.5803069724655474
57000,0.5809468897432571
57100,0.5815858313218357
57200,0.5822237986889579
57300,0.5828607933300303
57400,0.5834968167281942
57500,0.5841318703643303
57600,0.5847659557170607
57700,0.5853990742627533
57800,0.5860312274755247
57900,0.5866624168272443
58000,0.5872926437875368
58100,0.5879219098237864
58200,0.5885502164011402
58300,0.5891775649825106
58400,0.5898039570285802
58500,0.5904293939978041
58600,0.5910538773464138
58700,0.5916774085284202
58800,0.5922999889956175
58900,0.5929216201975862
59000,0.5935423035816967
59100,0.5941620405931123
59200,0.5947808326747929
59300,0.5953986812674985
59400,0.5960155878097921
59500,0.5966315537380436
59600,0.5972465804864324
59700,0.5978606694869513
59800,0.5984738221694098
59900,0.5990860399614375
60000,0.5996973242884868
60100,0.600307676573837
60200,0.6009170982385972
60300,0.6015255907017099
60400,0.6021331553799537
60500,0.6027397936879473
60600,0.6033455070381524
60700,0.603950296840877
60800,0.6045541645042789
60900,0.6051571114343688
61000,0.6057591390350137
61100,0.6063602487079398
61200,0.6069604418527366
61300,0.6075597198668587
61400,0.6081580841456311
61500,0.6087555360822504
61600,0.6093520770677894
61700,0.6099477084911996
61800,0.6105424317393151
61900,0.6111362481968553
62000,0.6117291592464281
62100,0.6123211662685335
62200,0.6129122706415666
62300,0.6135024737418207
62400,0.6140917769434908
62500,0.6146801816186764
62600,0.6152676891373853
62700,0.6158543008675359
62800,0.6164400181749614
62900,0.6170248424234122
63000,0.6176087749745593
63100,0.6181918171879976
63200,0.6187739704212493
63300,0.6193552360297662
63400,0.6199356153669338
63500,0.6205151097840738
63600,0.6210937206304477
63700,0.6216714492532596
63800,0.6222482969976597
63900,0.622824265206747
64000,0.6233993552215726
64100,0.6239735683811434
64200,0.6245469060224238
64300,0.6251193694803402
64400,0.6256909600877838
64500,0.6262616791756129
64600,0.6268315280726573
64700,0.6274005081057202
64800,0.627968620599582
64900,0.6285358668770031
65000,0.629102248258727
65100,0.6296677660634835
65200,0.6302324216079919
65300,0.6307962162069634
65400,0.6313591511731049
65500,0.6319212278171218
65600,0.6324824474477211
65700,0.6330428113716142
65800,0.6336023208935202
65900,0.6341609773161688
66000,0.6347187819403035
66100,0.6352757360646845
66200,0.6358318409860916
66300,0.6363870979993276
66400,0.6369415083972207
66500,0.6374950734706285
66600,0.6380477945084398
66700,0.6385996727975786
66800,0.6391507096230064
66900,0.6397009062677256
67000,0.6402502640127825
67100,0.64079878413727
67200,0.6413464679183307
67300,0.64189331663116
67400,0.642439331549009
67500,0.6429845139431873
67600,0.6435288650830664
67700,0.644072386236082
67800,0.6446150786677375
67900,0.6451569436416067
68000,0.6456979824193366
68100,0.646238196260651
68200,0.6467775864233527
68300,0.6473161541633266
68400,0.6478539007345427
68500,0.6483908273890593
68600,0.6489269353770256
68700,0.6494622259466843
68800,0.6499967003443754
68900,0.6505303598145382
69000,0.6510632055997145
69100,0.6515952389405522
69200,0.6521264610758065
69300,0.6526568732423449
69400,0.6531864766751484
69500,0.6537152726073151
69600,0.6542432622700629
69700,0.6547704468927329
69800,0.655296827702791
69900,0.6558224059258322
70000,0.6563471827855825
70100,0.656871159503902
70200,0.6573943373007881
70300,0.6579167173943778
70400,0.6584383010009509
70500,0.6589590893349324
70600,0.6594790836088962
70700,0.6599982850335668
70800,0.6605166948178229
70900,0.6610343141687001
71000,0.6615511442913935
71100,0.6620671863892604
71200,0.6625824416638236
71300,0.663096911314774
71400,0.6636105965399728
71500,0.6641234985354554
71600,0.664635618495433
71700,0.6651469576122964
71800,0.6656575170766181
71900,0.6661672980771554
72000,0.6666763018008529
72100,0.6671845294328458
72200,0.6676919821564617
72300,0.6681986611532247
72400,0.6687045676028566
72500,0.6692097026832811
72600,0.6697140675706257
72700,0.6702176634392243
72800,0.6707204914616207
72900,0.6712225528085707
73000,0.6717238486490449
73100,0.6722243801502319
73200,0.6727241484775403
73300,0.6732231547946017
73400,0.6737214002632741
73500,0.6742188860436431
73600,0.6747156132940264
73700,0.6752115831709746
73800,0.675706796829276
73900,0.6762012554219571
74000,0.676694960100287
74100,0.6771879120137791
74200,0.6776801123101945
74300,0.678171562135544
74400,0.6786622626340908
74500,0.6791522149483538
74600,0.6796414202191099
74700,0.6801298795853963
74800,0.6806175941845138
74900,0.681104565152029
75000,0.6815907936217769
75100,0.682076280725864
75200,0.6825610275946705
75300,0.6830450353568531
75400,0.6835283051393475
75500,0.6840108380673714
75600,0.6844926352644265
75700,0.6849736978523019
75800,0.6854540269510757
75900,0.6859336236791188
76000,0.6864124891530965
76100,0.6868906244879716
76200,0.6873680307970067
76300,0.6878447091917674
76400,0.6883206607821242
76500,0.6887958866762554
76600,0.6892703879806494
76700,0.6897441658001079
76800,0.6902172212377478
76900,0.6906895553950043
77000,0.6911611693716329
77100,0.6916320642657123
77200,0.6921022411736473
77300,0.6925717011901706
77400,0.6930404454083461
77500,0.6935084749195706
77600,0.6939757908135771
77700,0.694442394178437
77800,0.6949082861005629
77900,0.6953734676647104
78000,0.6958379399539818
78100,0.6963017040498274
78200,0.6967647610320489
78300,0.6972271119788014
78400,0.6976887579665965
78500,0.6981497000703039
78600,0.6986099393631546
78700,0.6990694769167434
78800,0.6995283138010311
78900,0.6999864510843471
79000,0.7004438898333918
79100,0.7009006311132392
79200,0.7013566759873394
79300,0.7018120255175211
79400,0.7022666807639939
79500,0.702720642785351
79600,0.7031739126385711
79700,0.703626491379022
79800,0.7040783800604618
79900,0.7045295797350419
80000,0.7049800914533101
80100,0.7054299162642115
80200,0.7058790552150926
80300,0.7063275093517025
80400,0.7067752797181961
80500,0.7072223673571358
80600,0.7076687733094953
80700,0.7081144986146601
80800,0.7085595443104313
80900,0.709003911433028
81000,0.7094476010170887
81100,0.7098906140956748
81200,0.7103329517002724
81300,0.710774614860795
81400,0.7112156046055855
81500,0.7116559219614194
81600,0.7120955679535058
81700,0.7125345436054914
81800,0.7129728499394618
81900,0.7134104879759441
82000,0.7138474587339096
82100,0.7142837632307759
82200,0.7147194024824093
82300,0.7151543775031268
82400,0.7155886893056995
82500,0.7160223389013541
82600,0.7164553272997751
82700,0.7168876555091079
82800,0.7173193245359605
82900,0.7177503353854062
83000,0.718180689060986
83100,0.7186103865647104
83200,0.7190394288970625
83300,0.7194678170569997
83400,0.7198955520419563
83500,0.7203226348478458
83600,0.7207490664690632
83700,0.7211748478984875
83800,0.7215999801274835
83900,0.7220244641459046
84000,0.722448300942095
84100,0.7228714915028918
84200,0.7232940368136276
84300,0.7237159378581326
84400,0.724137195618737
84500,0.7245578110762728
84600,0.724977785210077
84700,0.7253971189979933
84800,0.7258158134163741
84900,0.7262338694400836
85000,0.7266512880424992
85100,0.7270680701955146
85200,0.7274842168695409
85300,0.7278997290335105
85400,0.7283146076548777
85500,0.7287288536996221
85600,0.7291424681322505
85700,0.7295554519157987
85800,0.7299678060118344
85900,0.7303795313804592
86000,0.7307906289803108
86100,0.731201099768565
86200,0.7316109447009382
86300,0.7320201647316903
86400,0.7324287608136253
86500,0.7328367338980947
86600,0.7332440849349997
86700,0.7336508148727929
86800,0.7340569246584809
86900,0.7344624152376266
87000,0.7348672875543505
87100,0.7352715425513341
87200,0.7356751811698216
87300,0.7360782043496218
87400,0.7364806130291107
87500,0.7368824081452334
87600,0.7372835906335068
87700,0.7376841614280208
87800,0.7380841214614415
87900,0.7384834716650128
88000,0.7388822129685587
88100,0.7392803463004854
88200,0.739677872587784
88300,0.7400747927560313
88400,0.7404711077293936
88500,0.740866818430628
88600,0.7412619257810842
88700,0.7416564307007076
88800,0.7420503341080409
88900,0.7424436369202259
89000,0.742836340053006
89100,0.7432284444207291
89200,0.7436199509363479
89300,0.7440108605114241
89400,0.7444011740561287
89500,0.7447908924792453
89600,0.7451800166881721
89700,0.7455685475889231
89800,0.7459564860861317
89900,0.7463438330830513
90000,0.7467305894815583
90100,0.7471167561821543
90200,0.7475023340839675
90300,0.747887324084755
90400,0.7482717270809056
90500,0.7486555439674412
90600,0.7490387756380188
90700,0.7494214229849329
90800,0.7498034868991176
90900,0.7501849682701485
91000,0.7505658679862449
91100,0.7509461869342718
91200,0.7513259259997419
91300,0.7517050860668177
91400,0.7520836680183138
91500,0.7524616727356985
91600,0.7528391010990962
91700,0.7532159539872896
91800,0.7535922322777209
91900,0.7539679368464951
92000,0.754343068568381
92100,0.7547176283168135
92200,0.7550916169638964
92300,0.7554650353804029
92400,0.755837884435779
92500,0.7562101649981452
92600,0.7565818779342981
92700,0.7569530241097124
92800,0.7573236043885437
92900,0.7576936196336298
93000,0.7580630707064928
93100,0.7584319584673413
93200,0.7588002837750725
93300,0.7591680474872736
93400,0.7595352504602246
93500,0.7599018935488997
93600,0.7602679776069696
93700,0.7606335034868033
93800,0.7609984720394701
93900,0.761362884114742
94000,0.7617267405610949
94100,0.7620900422257113
94200,0.7624527899544818
94300,0.7628149845920074
94400,0.7631766269816012
94500,0.7635377179652905
94600,0.7638982583838188
94700,0.7642582490766476
94800,0.7646176908819585
94900,0.7649765846366552
95000,0.7653349311763651
95100,0.7656927313354416
95200,0.7660499859469663
95300,0.76640669584275
95400,0.7667628618533355
95500,0.7671184848079994
95600,0.7674735655347534
95700,0.7678281048603474
95800,0.7681821036102701
95900,0.7685355626087518
96000,0.7688884826787662
96100,0.769240864642032
96200,0.7695927093190151
96300,0.7699440175289304
96400,0.7702947900897436
96500,0.7706450278181733
96600,0.7709947315296932
96700,0.7713439020385329
96800,0.7716925401576811
96900,0.7720406466988867
97000,0.7723882224726608
97100,0.772735268288279
97200,0.7730817849537827
97300,0.7734277732759813
97400,0.7737732340604542
97500,0.7741181681115523
97600,0.7744625762324003
97700,0.7748064592248981
97800,0.7751498178897231
97900,0.775492653026332
98000,0.7758349654329622
98100,0.7761767559066342
98200,0.7765180252431532
98300,0.7768587742371112
98400,0.7771990036818887
98500,0.777538714369656
98600,0.7778779070913762
98700,0.7782165826368058
98800,0.7785547417944977
98900,0.778892385351802
99000,0.7792295140948688
99100,0.7795661288086491
99200,0.779902230276897
99300,0.7802378192821721
99400,0.7805728966058404
99500,0.7809074630280767
99600,0.7812415193278661
99700,0.7815750662830061
99800,0.7819081046701083
99900,0.7822406352646
100000,0.7825726588407262
100100,0.7829041761715518
100200,0.7832351880289623
100300,0.7835656951836669
100400,0.7838956984051993
100500,0.7842251984619201
100600,0.7845541961210181
100700,0.7848826921485126
100800,0.7852106873092548
100900,0.7855381823669298
101000,0.7858651780840582
101100,0.7861916752219981
101200,0.7865176745409465
101300,0.7868431767999413
101400,0.7871681827568636
101500,0.7874926931684383
101600,0.7878167087902368
101700,0.7881402303766785
101800,0.7884632586810322
101900,0.7887857944554186
102000,0.7891078384508114
102100,0.7894293914170394
102200,0.7897504541027877
102300,0.7900710272556004
102400,0.7903911116218816
102500,0.7907107079468971
102600,0.7910298169747769
102700,0.7913484394485157
102800,0.791666576109976
102900,0.7919842276998889
103000,0.7923013949578559
103100,0.792618078622351
103200,0.7929342794307223
103300,0.7932499981191935
103400,0.7935652354228658
103500,0.7938799920757197
103600,0.7941942688106163
103700,0.7945080663592995
103800,0.7948213854523976
103900,0.7951342268194245
104000,0.7954465911887821
104100,0.7957584792877617
104200,0.7960698918425455
104300,0.7963808295782087
104400,0.7966912932187206
104500,0.797001283486947
104600,0.7973108011046512
104700,0.7976198467924966
104800,0.797928421270047
104900,0.7982365252557697
105000,0.7985441594670362
105100,0.7988513246201241
105200,0.7991580214302193
105300,0.7994642506114168
105400,0.7997700128767231
105500,0.8000753089380576
105600,0.8003801395062538
105700,0.8006845052910617
105800,0.8009884070011491
105900,0.8012918453441034
106000,0.8015948210264328
106100,0.8018973347535683
106200,0.8021993872298656
106300,0.8025009791586064
106400,0.8028021112419998
106500,0.8031027841811846
106600,0.8034029986762301
106700,0.8037027554261387
106800,0.8040020551288465
106900,0.8043008984812259
107000,0.8045992861790864
107100,0.8048972189171768
107200,0.8051946973891866
107300,0.8054917222877476
107400,0.8057882943044351
107500,0.8060844141297707
107600,0.8063800824532226
107700,0.8066752999632079
107800,0.806970067347094
107900,0.8072643852912004
108000,0.8075582544808
108100,0.8078516756001209
108200,0.808144649332348
108300,0.8084371763596243
108400,0.8087292573630531
108500,0.809020893022699
108600,0.8093120840175894
108700,0.8096028310257168
108800,0.8098931347240399
108900,0.810182995788485
109000,0.8104724148939478
109100,0.8107613927142954
109200,0.8110499299223668
109300,0.8113380271899756
109400,0.8116256851879108
109500,0.8119129045859388
109600,0.8121996860528046
109700,0.8124860302562338
109800,0.8127719378629336
109900,0.8130574095385947
110000,0.8133424459478933
110100,0.8136270477544916
110200,0.8139112156210399
110300,0.8141949502091783
110400,0.8144782521795383
110500,0.8147611221917438
110600,0.8150435609044129
110700,0.8153255689751598
110800,0.8156071470605959
110900,0.8158882958163312
111000,0.8161690158969764
111100,0.8164493079561439
111200,0.8167291726464497
111300,0.8170086106195147
111400,0.8172876225259659
111500,0.8175662090154386
111600,0.8178443707365779
111700,0.8181221083370391
111800,0.8183994224634907
111900,0.8186763137616149
112000,0.8189527828761093
112100,0.8192288304506888
112200,0.8195044571280867
112300,0.8197796635500563
112400,0.8200544503573723
112500,0.8203288181898325
112600,0.8206027676862592
112700,0.8208762994845005
112800,0.8211494142214323
112900,0.821422112532959
113000,0.8216943950540159
113100,0.8219662624185697
113200,0.8222377152596209
113300,0.8225087542092044
113400,0.8227793798983921
113500,0.823049592957293
113600,0.8233193940150556
113700,0.8235887836998692
113800,0.8238577626389653
113900,0.8241263314586189
114000,0.8243944907841502
114100,0.8246622412399258
114200,0.8249295834493606
114300,0.8251965180349189
114400,0.8254630456181156
114500,0.8257291668195184
114600,0.8259948822587482
114700,0.8262601925544819
114800,0.8265250983244525
114900,0.8267896001854516
115000,0.8270536987533298
115100,0.8273173946429992
115200,0.827580688468434
115300,0.8278435808426725
115400,0.828106072377818
115500,0.8283681636850408
115600,0.8286298553745792
115700,0.8288911480557412
115800,0.8291520423369052
115900,0.8294125388255229
116000,0.829672638128119
116100,0.8299323408502939
116200,0.8301916475967245
116300,0.8304505589711655
116400,0.8307090755764515
116500,0.8309671980144974
116600,0.8312249268863008
116700,0.8314822627919426
116800,0.8317392063305892
116900,0.8319957581004929
117000,0.8322519186989941
117100,0.8325076887225223
117200,0.832763068766598
117300,0.8330180594258332
117400,0.8332726612939334
117500,0.8335268749636989
117600,0.8337807010270264
117700,0.8340341400749097
117800,0.8342871926974418
117900,0.8345398594838157
118000,0.8347921410223264
118100,0.8350440379003715
118200,0.8352955507044533
118300,0.8355466800201797
118400,0.8357974264322658
118500,0.836047790524535
118600,0.8362977728799208
118700,0.8365473740804674
118800,0.8367965947073323
118900,0.8370454353407861
119000,0.8372938965602152
119100,0.8375419789441223
119200,0.8377896830701281
119300,0.8380370095149728
119400,0.838283958854517
119500,0.8385305316637431
119600,0.8387767285167573
119700,0.83902254998679
119800,0.8392679966461978
119900,0.8395130690664647
120000,0.8397577678182031
120100,0.8400020934711554
120200,0.8402460465941954
120300,0.8404896277553298
120400,0.8407328375216986
120500,0.8409756764595775
120600,0.8412181451343788
120700,0.8414602441106525
120800,0.8417019739520879
120900,0.841943335221515
121000,0.8421843284809053
121100,0.8424249542913738
121200,0.8426652132131796
121300,0.8429051058057278
121400,0.8431446326275704
121500,0.8433837942364082
121600,0.8436225911890911
121700,0.84386102404162
121800,0.8440990933491486
121900,0.8443367996659834
122000,0.8445741435455862
122100,0.8448111255405751
122200,0.845047746202725
122300,0.8452840060829699
122400,0.8455199057314039
122500,0.8457554456972819
122600,0.8459906265290216
122700,0.8462254487742047
122800,0.8464599129795777
122900,0.8466940196910535
123000,0.8469277694537127
123100,0.8471611628118049
123200,0.8473942003087496
123300,0.847626882487138
123400,0.8478592098887339
123500,0.8480911830544748
123600,0.848322802524474
123700,0.8485540688380208
123800,0.8487849825335823
123900,0.8490155441488048
124000,0.8492457542205144
124100,0.8494756132847193
124200,0.84970512187661
124300,0.849934280530561
124400,0.8501630897801322
124500,0.8503915501580699
124600,0.850619662196308
124700,0.8508474264259696
124800,0.8510748433773675
124900,0.8513019135800066
125000,0.8515286375625839
125100,0.8517550158529904
125200,0.8519810489783124
125300,0.8522067374648323
125400,0.8524320818380304
125500,0.8526570826225854
125600,0.8528817403423761
125700,0.8531060555204827
125800,0.8533300286791877
125900,0.8535536603399774
126000,0.8537769510235428
126100,0.853999901249781
126200,0.8542225115377966
126300,0.8544447824059026
126400,0.8546667143716216
126500,0.8548883079516871
126600,0.8551095636620449
126700,0.8553304820178543
126800,0.8555510635334886
126900,0.8557713087225373
127000,0.8559912180978064
127100,0.8562107921713203
127200,0.8564300314543227
127300,0.8566489364572777
127400,0.8568675076898711
127500,0.8570857456610115
127600,0.8573036508788316
127700,0.8575212238506896
127800,0.8577384650831696
127900,0.8579553750820839
128000,0.8581719543524728
128100,0.8583882033986074
128200,0.8586041227239893
128300,0.8588197128313527
128400,0.8590349742226653
128500,0.8592499073991291
128600,0.8594645128611823
128700,0.8596787911084999
128800,0.8598927426399949
128900,0.8601063679538198
129000,0.8603196675473676
129100,0.8605326419172725
129200,0.860745291559412
129300,0.8609576169689073
129400,0.8611696186401245
129500,0.8613812970666763
129600,0.8615926527414223
129700,0.861803686156471
129800,0.8620143978031805
129900,0.8622247881721595
130000,0.862434857753269
130100,0.8626446070356228
130200,0.8628540365075893
130300,0.8630631466567916
130400,0.8632719379701101
130500,0.8634804109336823
130600,0.8636885660329047
130700,0.8638964037524335
130800,0.8641039245761863
130900,0.8643111289873424
131000,0.8645180174683449
131100,0.8647245905009009
131200,0.864930848565983
131300,0.8651367921438308
131400,0.8653424217139514
131500,0.8655477377551208
131600,0.8657527407453851
131700,0.8659574311620615
131800,0.8661618094817393
131900,0.8663658761802813
132000,0.8665696317328245
132100,0.8667730766137818
132200,0.8669762112968423
132300,0.8671790362549734
132400,0.8673815519604208
132500,0.8675837588847104
132600,0.8677856574986493
132700,0.8679872482723267
132800,0.8681885316751147
132900,0.8683895081756701
133000,0.868590178241935
133100,0.8687905423411381
133200,0.8689906009397954
133300,0.8691903545037121
133400,0.8693898034979828
133500,0.869588948386993
133600,0.8697877896344202
133700,0.8699863277032349
133800,0.8701845630557018
133900,0.8703824961533806
134000,0.8705801274571273
134100,0.8707774574270953
134200,0.8709744865227365
134300,0.8711712152028017
134400,0.871367643925343
134500,0.8715637731477135
134600,0.8717596033265693
134700,0.8719551349178702
134800,0.8721503683768805
134900,0.8723453041581707
135000,0.8725399427156179
135100,0.8727342845024073
135200,0.8729283299710334
135300,0.8731220795733002
135400,0.8733155337603232
135500,0.8735086929825301
135600,0.8737015576896616
135700,0.8738941283307728
135800,0.8740864053542341
135900,0.8742783892077322
136000,0.8744700803382713
136100,0.8746614791921741
136200,0.8748525862150823
136300,0.875043401851959
136400,0.8752339265470879
136500,0.875424160744076
136600,0.8756141048858536
136700,0.8758037594146756
136800,0.8759931247721227
136900,0.8761822013991024
137000,0.8763709897358497
137100,0.8765594902219287
137200,0.8767477032962327
137300,0.8769356293969867
137400,0.8771232689617466
137500,0.8773106224274017
137600,0.877497690230175
137700,0.8776844728056244
137800,0.8778709705886438
137900,0.8780571840134638
138000,0.8782431135136529
138100,0.8784287595221189
138200,0.878614122471109
138300,0.8787992027922118
138400,0.8789840009163576
138500,0.8791685172738197
138600,0.8793527522942155
138700,0.879536706406507
138800,0.8797203800390025
138900,0.8799037736193571
139000,0.8800868875745739
139100,0.8802697223310046
139200,0.8804522783143516
139300,0.8806345559496672
139400,0.8808165556613566
139500,0.8809982778731772
139600,0.8811797230082407
139700,0.8813608914890132
139800,0.8815417837373173
139900,0.881722400174332
140000,0.8819027412205941
140100,0.8820828072959994
140200,0.8822625988198033
140300,0.8824421162106222
140400,0.8826213598864339
140500,0.882800330264579
140600,0.882979027761762
140700,0.8831574527940518
140800,0.883335605776883
140900,0.8835134871250566
141000,0.8836910972527414
141100,0.8838684365734746
141200,0.8840455055001629
141300,0.8842223044450833
141400,0.8843988338198843
141500,0.8845750940355868
141600,0.8847510855025849
141700,0.8849268086306469
141800,0.8851022638289165
141900,0.8852774515059135
142000,0.8854523720695348
142100,0.8856270259270553
142200,0.8858014134851291
142300,0.88597553514979
142400,0.886149391326453
142500,0.8863229824199148
142600,0.8864963088343547
142700,0.8866693709733362
142800,0.8868421692398071
142900,0.8870147040361009
143000,0.8871869757639377
143100,0.8873589848244252
143200,0.8875307316180593
143300,0.8877022165447253
143400,0.8878734400036987
143500,0.8880444023936467
143600,0.888215104112628
143700,0.8883855455580949
143800,0.8885557271268931
143900,0.8887256492152639
144000,0.8888953122188439
144100,0.8890647165326667
144200,0.8892338625511637
144300,0.8894027506681645
144400,0.8895713812768986
144500,0.8897397547699959
144600,0.8899078715394874
144700,0.8900757319768065
144800,0.8902433364727897
144900,0.890410685417678
145000,0.8905777792011167
145100,0.8907446182121576
145200,0.8909112028392587
145300,0.8910775334702864
145400,0.8912436104925152
145500,0.8914094342926294
145600,0.8915750052567234
145700,0.8917403237703032
145800,0.8919053902182869
145900,0.8920702049850057
146000,0.8922347684542049
146100,0.8923990810090444
146200,0.8925631430321003
146300,0.8927269549053651
146400,0.8928905170102489
146500,0.8930538297275803
146600,0.8932168934376072
146700,0.8933797085199978
146800,0.8935422753538413
146900,0.8937045943176491
147000,0.8938666657893553
147100,0.8940284901463176
147200,0.8941900677653186
147300,0.8943513990225663
147400,0.8945124842936953
147500,0.8946733239537671
147600,0.8948339183772716
147700,0.8949942679381273
147800,0.8951543730096834
147900,0.8953142339647189
148000,0.895473851175445
148100,0.8956332250135052
148200,0.8957923558499764
148300,0.8959512440553697
148400,0.8961098899996311
148500,0.8962682940521429
148600,0.8964264565817239
148700,0.8965843779566305
148800,0.8967420585445579
148900,0.8968994987126404
149000,0.8970566988274526
149100,0.8972136592550103
149200,0.8973703803607711
149300,0.8975268625096353
149400,0.8976831060659469
149500,0.8978391113934946
149600,0.8979948788555121
149700,0.8981504088146794
149800,0.8983057016331235
149900,0.8984607576724192
150000,0.8986155772935902
150100,0.8987701608571094
150200,0.8989245087229004
150300,0.8990786212503379
150400,0.8992324987982485
150500,0.8993861417249119
150600,0.8995395503880614
150700,0.8996927251448852
150800,0.8998456663520261
150900,0.8999983743655838
151000,0.900150849541115
151100,0.9003030922336339
151200,0.9004551027976139
151300,0.9006068815869872
151400,0.9007584289551472
151500,0.9009097452549478
151600,0.9010608308387054
151700,0.9012116860581988
151800,0.9013623112646706
151900,0.901512706808828
152000,0.9016628730408431
152100,0.9018128103103545
152200,0.9019625189664675
152300,0.9021119993577551
152400,0.9022612518322587
152500,0.9024102767374892
152600,0.9025590744204277
152700,0.9027076452275262
152800,0.9028559895047084
152900,0.9030041075973704
153000,0.9031519998503819
153100,0.9032996666080868
153200,0.9034471082143039
153300,0.9035943250123275
153400,0.903741317344929
153500,0.9038880855543568
153600,0.9040346299823375
153700,0.9041809509700768
153800,0.9043270488582599
153900,0.9044729239870528
154000,0.9046185766961027
154100,0.9047640073245391
154200,0.9049092162109742
154300,0.9050542036935041
154400,0.9051989701097092
154500,0.9053435157966553
154600,0.9054878410908943
154700,0.9056319463284649
154800,0.9057758318448934
154900,0.9059194979751947
155000,0.9060629450538725
155100,0.9062061734149209
155200,0.9063491833918245
155300,0.9064919753175594
155400,0.9066345495245943
155500,0.9067769063448907
155600,0.9069190461099039
155700,0.9070609691505842
155800,0.9072026757973768
155900,0.9073441663802233
156000,0.9074854412285623
156100,0.9076265006713301
156200,0.9077673450369613
156300,0.9079079746533898
156400,0.9080483898480495
156500,0.9081885909478751
156600,0.9083285782793027
156700,0.9084683521682708
156800,0.9086079129402209
156900,0.9087472609200982
157000,0.9088863964323525
157100,0.9090253198009388
157200,0.9091640313493187
157300,0.9093025314004597
157400,0.9094408202768376
157500,0.9095788983004361
157600,0.9097167657927484
157700,0.9098544230747769
157800,0.9099918704670351
157900,0.9101291082895475
158000,0.9102661368618509
158100,0.9104029565029945
158200,0.9105395675315413
158300,0.9106759702655688
158400,0.910812165022669
158500,0.9109481521199501
158600,0.9110839318740365
158700,0.91121950460107
158800,0.9113548706167105
158900,0.9114900302361362
159000,0.9116249837740451
159100,0.9117597315446552
159200,0.9118942738617054
159300,0.9120286110384563
159400,0.9121627433876911
159500,0.9122966712217154
159600,0.9124303948523594
159700,0.9125639145909774
159800,0.9126972307484491
159900,0.91283034363518
160000,0.9129632535611027
160100,0.9130959608356769
160200,0.9132284657678906
160300,0.9133607686662606
160400,0.9134928698388335
160500,0.9136247695931858
160600,0.9137564682364256
160700,0.9138879660751923
160800,0.9140192634156579
160900,0.9141503605635274
161000,0.9142812578240401
161100,0.9144119555019696
161200,0.9145424539016247
161300,0.9146727533268506
161400,0.9148028540810287
161500,0.9149327564670783
161600,0.9150624607874566
161700,0.9151919673441595
161800,0.915321276438723
161900,0.9154503883722225
162000,0.915579303445275
162100,0.9157080219580391
162200,0.9158365442102153
162300,0.9159648705010475
162400,0.9160930011293232
162500,0.9162209363933745
162600,0.9163486765910785
162700,0.916476222019858
162800,0.9166035729766825
162900,0.9167307297580687
163000,0.9168576926600809
163100,0.9169844619783324
163200,0.9171110380079857
163300,0.9172374210437527
163400,0.9173636113798969
163500,0.9174896093102323
163600,0.9176154151281253
163700,0.9177410291264949
163800,0.9178664515978135
163900,0.9179916828341076
164000,0.9181167231269585
164100,0.9182415727675025
164200,0.9183662320464326
164300,0.9184907012539983
164400,0.9186149806800064
164500,0.9187390706138219
164600,0.9188629713443688
164700,0.9189866831601304
164800,0.9191102063491501
164900,0.9192335411990323
165000,0.9193566879969426
165100,0.919479647029609
165200,0.9196024185833224
165300,0.9197250029439367
165400,0.9198474003968704
165500,0.9199696112271067
165600,0.9200916357191944
165700,0.9202134741572481
165800,0.9203351268249493
165900,0.9204565940055474
166000,0.9205778759818594
166100,0.9206989730362711
166200,0.9208198854507383
166300,0.9209406135067862
166400,0.9210611574855112
166500,0.9211815176675809
166600,0.921301694333235
166700,0.921421687762286
166800,0.9215414982341196
166900,0.9216611260276957
167000,0.9217805714215486
167100,0.9218998346937883
167200,0.9220189161221004
167300,0.9221378159837472
167400,0.9222565345555684
167500,0.9223750721139815
167600,0.9224934289349824
167700,0.9226116052941464
167800,0.9227296014666285
167900,0.9228474177271642
168000,0.9229650543500701
168100,0.9230825116092446
168200,0.9231997897781682
168300,0.923316889129905
168400,0.923433809937102
168500,0.923550552471991
168600,0.9236671170063888
168700,0.9237835038116973
168800,0.923899713158905
168900,0.924015745318587
169000,0.9241316005609058
169100,0.9242472791556122
169200,0.9243627813720455
169300,0.9244781074791345
169400,0.9245932577453978
169500,0.9247082324389446
169600,0.9248230318274755
169700,0.9249376561782826
169800,0.9250521057582508
169900,0.9251663808338579
170000,0.9252804816711753
170100,0.9253944085358689
170200,0.9255081616931994
170300,0.9256217414080231
170400,0.9257351479447926
170500,0.925848381567557
170600,0.9259614425399629
170700,0.9260743311252552
170800,0.926187047586277
170900,0.9262995921854708
171000,0.926411965184879
171100,0.9265241668461445
171200,0.9266361974305111
171300,0.9267480571988244
171400,0.9268597464115321
171500,0.9269712653286851
171600,0.9270826142099376
171700,0.927193793314548
171800,0.9273048029013792
171900,0.9274156432288996
172000,0.9275263145551833
172100,0.9276368171379111
172200,0.927747151234371
172300,0.9278573171014584
172400,0.9279673149956772
172500,0.9280771451731402
172600,0.9281868078895696
172700,0.9282963034002978
172800,0.9284056319602678
172900,0.928514793824034
173000,0.9286237892457625
173100,0.928732618479232
173200,0.9288412817778343
173300,0.9289497793945747
173400,0.9290581115820727
173500,0.929166278592563
173600,0.9292742806778951
173700,0.9293821180895351
173800,0.9294897910785653
173900,0.9295972998956853
174000,0.9297046447912125
174100,0.9298118260150825
174200,0.9299188438168499
174300,0.9300256984456887
174400,0.9301323901503933
174500,0.9302389191793784
174600,0.93034528578068
174700,0.930451490201956
174800,0.9305575326904867
174900,0.9306634134931753
175000,0.9307691328565485
175100,0.9308746910267572
175200,0.9309800882495771
175300,0.931085324770409
175400,0.9311904008342793
175500,0.9312953166858413
175600,0.9314000725693751
175700,0.931504668728788
175800,0.9316091054076159
175900,0.9317133828490229
176000,0.9318175012958029
176100,0.931921460990379
176200,0.9320252621748052
176300,0.9321289050907662
176400,0.9322323899795779
176500,0.9323357170821889
176600,0.93243888663918
176700,0.932541898890765
176800,0.9326447540767919
176900,0.932747452436743
177000,0.9328499942097348
177100,0.93295237963452
177200,0.9330546089494869
177300,0.9331566823926601
177400,0.9332586002017018
177500,0.9333603626139114
177600,0.9334619698662266
177700,0.9335634221952241
177800,0.9336647198371195
177900,0.9337658630277684
178000,0.933866852002667
178100,0.9339676869969518
178200,0.9340683682454014
178300,0.9341688959824362
178400,0.9342692704421194
178500,0.9343694918581569
178600,0.9344695604638984
178700,0.9345694764923381
178800,0.9346692401761145
178900,0.9347688517475119
179000,0.9348683114384599
179100,0.9349676194805348
179200,0.9350667761049597
179300,0.9351657815426052
179400,0.93526463602399
179500,0.9353633397792809
179600,0.9354618930382942
179700,0.9355602960304956
179800,0.9356585489850011
179900,0.935756652130577
180000,0.9358546056956412
180100,0.9359524099082629
180200,0.936050064996164
180300,0.936147571186719
180400,0.9362449287069556
180500,0.9363421377835555
180600,0.9364391986428546
180700,0.936536111510844
180800,0.93663287661317
180900,0.9367294941751347
181000,0.9368259644216971
181100,0.9369222875774729
181200,0.9370184638667353
181300,0.9371144935134157
181400,0.9372103767411041
181500,0.9373061137730493
181600,0.93740170483216
181700,0.9374971501410049
181800,0.9375924499218133
181900,0.9376876043964758
182000,0.9377826137865446
182100,0.9378774783132341
182200,0.9379721981974213
182300,0.9380667736596466
182400,0.9381612049201141
182500,0.9382554921986921
182600,0.9383496357149136
182700,0.938443635687977
182800,0.9385374923367463
182900,0.9386312058797521
183000,0.9387247765351916
183100,0.9388182045209291
183200,0.9389114900544973
183300,0.9390046333530965
183400,0.9390976346335964
183500,0.9391904941125357
183600,0.9392832120061233
183700,0.9393757885302381
183800,0.9394682239004297
183900,0.9395605183319197
184000,0.9396526720396008
184100,0.9397446852380386
184200,0.9398365581414712
184300,0.9399282909638103
184400,0.9400198839186411
184500,0.9401113372192237
184600,0.9402026510784924
184700,0.9402938257090573
184800,0.940384861323204
184900,0.9404757581328947
185000,0.9405665163497684
185100,0.9406571361851412
185200,0.940747617850007
185300,0.9408379615550383
185400,0.9409281675105859
185500,0.9410182359266805
185600,0.941108167013032
185700,0.9411979609790307
185800,0.9412876180337479
185900,0.9413771383859358
186000,0.9414665222440285
186100,0.9415557698161422
186200,0.9416448813100757
186300,0.9417338569333112
186400,0.9418226968930145
186500,0.9419114013960352
186600,0.941999970648908
186700,0.9420884048578522
186800,0.9421767042287731
186900,0.9422648689672619
187000,0.9423528992785961
187100,0.9424407953677406
187200,0.9425285574393476
187300,0.9426161856977571
187400,0.9427036803469978
187500,0.9427910415907872
187600,0.9428782696325321
187700,0.9429653646753293
187800,0.9430523269219659
187900,0.9431391565749199
188000,0.9432258538363603
188100,0.943312418908148
188200,0.9433988519918362
188300,0.9434851532886707
188400,0.9435713229995905
188500,0.9436573613252282
188600,0.9437432684659103
188700,0.9438290446216583
188800,0.9439146899921883
188900,0.9440002047769122
189000,0.9440855891749375
189100,0.9441708433850684
189200,0.944255967605806
189300,0.9443409620353485
189400,0.944425826871592
189500,0.9445105623121312
189600,0.9445951685542587
189700,0.9446796457949673
189800,0.9447639942309487
189900,0.9448482140585949
190000,0.9449323054739986
190100,0.9450162686729535
190200,0.9451001038509544
190300,0.9451838112031986
190400,0.9452673909245853
190500,0.9453508432097167
190600,0.9454341682528985
190700,0.9455173662481396
190800,0.9456004373891538
190900,0.9456833818693589
191000,0.9457661998818779
191100,0.94584889161954
191200,0.9459314572748794
191300,0.9460138970401375
191400,0.9460962111072622
191500,0.9461783996679087
191600,0.9462604629134405
191700,0.9463424010349285
191800,0.9464242142231529
191900,0.9465059026686029
192000,0.9465874665614771
192100,0.9466689060916841
192200,0.946750221448843
192300,0.9468314128222839
192400,0.9469124804010481
192500,0.9469934243738887
192600,0.9470742449292708
192700,0.9471549422553727
192800,0.947235516540085
192900,0.9473159679710125
193000,0.9473962967354735
193100,0.947476503020501
193200,0.9475565870128427
193300,0.9476365488989614
193400,0.947716388865036
193500,0.947796107096961
193600,0.9478757037803479
193700,0.9479551791005251
193800,0.9480345332425382
193900,0.9481137663911509
194000,0.948192878730845
194100,0.9482718704458213
194200,0.9483507417199994
194300,0.9484294927370188
194400,0.9485081236802386
194500,0.9485866347327389
194600,0.9486650260773198
194700,0.9487432978965037
194800,0.948821450372534
194900,0.9488994836873763
195000,0.9489773980227191
195100,0.9490551935599735
195200,0.9491328704802742
195300,0.9492104289644796
195400,0.9492878691931725
195500,0.9493651913466603
195600,0.9494423956049753
195700,0.9495194821478756
195800,0.949596451154845
195900,0.9496733028050938
196000,0.9497500372775587
196100,0.9498266547509041
196200,0.9499031554035215
196300,0.9499795394135309
196400,0.9500558069587801
196500,0.9501319582168463
196600,0.9502079933650356
196700,0.9502839125803838
196800,0.950359716039657
196900,0.9504354039193514
197000,0.9505109763956945
197100,0.9505864336446448
197200,0.9506617758418927
197300,0.9507370031628605
197400,0.9508121157827032
197500,0.9508871138763088
197600,0.9509619976182984
197700,0.9510367671830271
197800,0.951111422744584
197900,0.9511859644767928
198000,0.9512603925532123
198100,0.9513347071471363
198200,0.9514089084315949
198300,0.9514829965793539
198400,0.951556971762916
198500,0.9516308341545205
198600,0.9517045839261448
198700,0.9517782212495032
198800,0.9518517462960487
198900,0.9519251592369731
199000,0.9519984602432064
199100,0.9520716494854187
199200,0.9521447271340197
199300,0.9522176933591588
199400,0.9522905483307268
199500,0.9523632922183548
199600,0.9524359251914155
199700,0.9525084474190234
199800,0.952580859070035
199900,0.9526531603130495
200000,0.9527253513164088
200100,0.9527974322481985
200200,0.9528694032762474
200300,0.9529412645681289
200400,0.9530130162911606
200500,0.9530846586124053
200600,0.9531561916986706
200700,0.9532276157165102
200800,0.9532989308322234
200900,0.9533701372118565
201000,0.9534412350212023
201100,0.9535122244258005
201200,0.9535831055909393
201300,0.9536538786816539
201400,0.9537245438627284
201500,0.9537951012986956
201600,0.9538655511538373
201700,0.9539358935921849
201800,0.9540061287775198
201900,0.9540762568733734
202000,0.9541462780430279
202100,0.9542161924495167
202200,0.9542860002556245
202300,0.9543557016238875
202400,0.9544252967165947
202500,0.9544947856957872
202600,0.9545641687232589
202700,0.9546334459605575
202800,0.9547026175689842
202900,0.954771683709594
203000,0.9548406445431965
203100,0.9549095002303563
203200,0.9549782509313928
203300,0.9550468968063814
203400,0.9551154380151531
203500,0.9551838747172953
203600,0.9552522070721521
203700,0.9553204352388246
203800,0.9553885593761713
203900,0.9554565796428086
204000,0.955524496197111
204100,0.9555923091972113
204200,0.9556600188010016
204300,0.9557276251661329
204400,0.955795128450016
204500,0.9558625288098217
204600,0.9559298264024811
204700,0.9559970213846861
204800,0.9560641139128895
204900,0.9561311041433057
205000,0.956197992231911
205100,0.9562647783344437
205200,0.9563314626064048
205300,0.9563980452030579
205400,0.9564645262794303
205500,0.9565309059903127
205600,0.9565971844902597
205700,0.9566633619335903
205800,0.9567294384743883
205900,0.9567954142665026
206000,0.9568612894635474
206100,0.9569270642189027
206200,0.9569927386857147
206300,0.9570583130168958
206400,0.9571237873651258
206500,0.9571891618828513
206600,0.9572544367222865
206700,0.9573196120354137
206800,0.9573846879739832
206900,0.9574496646895142
207000,0.9575145423332946
207100,0.9575793210563819
207200,0.9576440010096031
207300,0.9577085823435553
207400,0.957773065208606
207500,0.9578374497548932
207600,0.9579017361323263
207700,0.9579659244905862
207800,0.958030014979125
207900,0.9580940077471675
208000,0.9581579029437107
208100,0.9582217007175247
208200,0.9582854012171523
208300,0.9583490045909102
208400,0.958412510986889
208500,0.9584759205529529
208600,0.9585392334367415
208700,0.9586024497856687
208800,0.9586655697469237
208900,0.9587285934674716
209000,0.9587915210940531
209100,0.9588543527731853
209200,0.9589170886511618
209300,0.9589797288740532
209400,0.9590422735877074
209500,0.9591047229377501
209600,0.9591670770695845
209700,0.9592293361283925
209800,0.9592915002591343
209900,0.9593535696065496
210000,0.9594155443151571
210100,0.9594774245292548
210200,0.9595392103929213
210300,0.9596009020500151
210400,0.9596624996441757
210500,0.9597240033188232
210600,0.9597854132171594
210700,0.9598467294821673
210800,0.9599079522566124
210900,0.9599690816830422
211000,0.9600301179037869
211100,0.9600910610609598
211200,0.9601519112964573
211300,0.9602126687519598
211400,0.9602733335689312
211500,0.9603339058886201
211600,0.9603943858520597
211700,0.960454773600068
211800,0.9605150692732483
211900,0.9605752730119895
212000,0.9606353849564667
212100,0.960695405246641
212200,0.9607553340222602
212300,0.960815171422859
212400,0.9608749175877593
212500,0.9609345726560709
212600,0.9609941367666908
212700,0.9610536100583049
212800,0.9611129926693874
212900,0.9611722847382013
213000,0.9612314864027989
213100,0.9612905978010218
213200,0.9613496190705016
213300,0.9614085503486602
213400,0.9614673917727097
213500,0.961526143479653
213600,0.9615848056062842
213700,0.961643378289189
213800,0.9617018616647446
213900,0.9617602558691201
214000,0.9618185610382775
214100,0.9618767773079709
214200,0.961934904813748
214300,0.9619929436909493
214400,0.9620508940747095
214500,0.9621087560999565
214600,0.9621665299014133
214700,0.9622242156135968
214800,0.9622818133708193
214900,0.962339323307188
215000,0.9623967455566057
215100,0.9624540802527711
215200,0.9625113275291791
215300,0.9625684875191208
215400,0.9626255603556844
215500,0.9626825461717547
215600,0.9627394451000145
215700,0.9627962572729439
215800,0.9628529828228212
215900,0.9629096218817226
216000,0.9629661745815234
216100,0.9630226410538978
216200,0.9630790214303189
216300,0.9631353158420595
216400,0.9631915244201923
216500,0.9632476472955902
216600,0.9633036845989263
216700,0.9633596364606749
216800,0.9634155030111109
216900,0.9634712843803107
217000,0.9635269806981526
217100,0.9635825920943166
217200,0.9636381186982851
217300,0.9636935606393431
217400,0.9637489180465783
217500,0.9638041910488817
217600,0.963859379774948
217700,0.9639144843532752
217800,0.9639695049121657
217900,0.9640244415797262
218000,0.9640792944838682
218100,0.9641340637523078
218200,0.9641887495125668
218300,0.9642433518919724
218400,0.9642978710176575
218500,0.9643523070165614
218600,0.9644066600154296
218700,0.9644609301408147
218800,0.9645151175190759
218900,0.9645692222763802
219000,0.9646232445387019
219100,0.9646771844318232
219200,0.9647310420813349
219300,0.9647848176126358
219400,0.9648385111509339
219500,0.9648921228212461
219600,0.9649456527483988
219700,0.9649991010570278
219800,0.9650524678715793
219900,0.9651057533163094
220000,0.9651589575152849
220100,0.9652120805923833
220200,0.9652651226712934
220300,0.9653180838755153
220400,0.9653709643283609
220500,0.9654237641529538
220600,0.9654764834722303
220700,0.9655291224089388
220800,0.965581681085641
220900,0.9656341596247113
221000,0.9656865581483379
221100,0.9657388767785223
221200,0.9657911156370804
221300,0.9658432748456419
221400,0.9658953545256516
221500,0.9659473547983686
221600,0.9659992757848673
221700,0.9660511176060377
221800,0.9661028803825853
221900,0.9661545642350314
222000,0.9662061692837138
222100,0.9662576956487869
222200,0.9663091434502216
222300,0.9663605128078058
222400,0.9664118038411452
222500,0.9664630166696628
222600,0.9665141514125996
222700,0.9665652081890148
222800,0.9666161871177861
222900,0.9666670883176098
223000,0.9667179119070014
223100,0.9667686580042956
223200,0.9668193267276467
223300,0.9668699181950289
223400,0.9669204325242363
223500,0.9669708698328836
223600,0.9670212302384062
223700,0.9670715138580604
223800,0.9671217208089237
223900,0.9671718512078948
224000,0.9672219051716948
224100,0.9672718828168663
224200,0.9673217842597742
224300,0.9673716096166064
224400,0.9674213590033733
224500,0.9674710325359086
224600,0.9675206303298691
224700,0.9675701525007356
224800,0.9676195991638126
224900,0.967668970434229
225000,0.9677182664269377
225100,0.967767487256717
225200,0.9678166330381697
225300,0.967865703885724
225400,0.9679146999136337
225500,0.9679636212359782
225600,0.9680124679666632
225700,0.9680612402194206
225800,0.9681099381078089
225900,0.9681585617452134
226000,0.9682071112448466
226100,0.9682555867197484
226200,0.9683039882827864
226300,0.9683523160466558
226400,0.9684005701238804
226500,0.968448750626812
226600,0.9684968576676314
226700,0.9685448913583483
226800,0.9685928518108016
226900,0.9686407391366595
227000,0.9686885534474203
227100,0.9687362948544119
227200,0.9687839634687928
227300,0.9688315594015517
227400,0.9688790827635084
227500,0.9689265336653136
227600,0.9689739122174489
227700,0.969021218530228
227800,0.9690684527137964
227900,0.9691156148781311
228000,0.969162705133042
228100,0.9692097235881714
228200,0.969256670352994
228300,0.9693035455368183
228400,0.9693503492487856
228500,0.9693970815978711
228600,0.9694437426928836
228700,0.9694903326424661
228800,0.9695368515550961
228900,0.9695832995390853
229000,0.9696296767025807
229100,0.9696759831535642
229200,0.9697222189998531
229300,0.9697683843491002
229400,0.9698144793087943
229500,0.9698605039862602
229600,0.9699064584886592
229700,0.9699523429229889
229800,0.9699981573960843
229900,0.9700439020146169
230000,0.970089576885096
230100,0.9701351821138683
230200,0.9701807178071183
230300,0.9702261840708688
230400,0.9702715810109808
230500,0.9703169087331539
230600,0.9703621673429266
230700,0.9704073569456764
230800,0.97045247764662
230900,0.9704975295508143
231000,0.9705425127631551
231100,0.9705874273883789
231200,0.9706322735310624
231300,0.9706770512956227
231400,0.9707217607863177
231500,0.9707664021072465
231600,0.9708109753623494
231700,0.9708554806554082
231800,0.9708999180900463
231900,0.9709442877697294
232000,0.9709885897977653
232100,0.9710328242773043
232200,0.9710769913113394
232300,0.9711210910027066
232400,0.971165123454085
232500,0.9712090887679973
232600,0.9712529870468097
232700,0.9712968183927326
232800,0.9713405829078203
232900,0.9713842806939716
233000,0.9714279118529299
233100,0.9714714764862833
233200,0.9715149746954654
233300,0.971558406581755
233400,0.9716017722462761
233500,0.971645071789999
233600,0.97168830531374
233700,0.9717314729181612
233800,0.9717745747037719
233900,0.9718176107709277
234000,0.9718605812198311
234100,0.9719034861505322
234200,0.9719463256629285
234300,0.971989099856765
234400,0.9720318088316344
234500,0.972074452686978
234600,0.9721170315220854
234700,0.9721595454360946
234800,0.9722019945279925
234900,0.9722443788966153
235000,0.9722866986406481
235100,0.9723289538586258
235200,0.9723711446489333
235300,0.9724132711098048
235400,0.9724553333393253
235500,0.9724973314354302
235600,0.9725392654959052
235700,0.9725811356183873
235800,0.9726229419003646
235900,0.9726646844391762
236000,0.9727063633320131
236100,0.9727479786759181
236200,0.9727895305677859
236300,0.9728310191043636
236400,0.9728724443822507
236500,0.9729138064978994
236600,0.9729551055476149
236700,0.9729963416275554
236800,0.9730375148337328
236900,0.9730786252620124
237000,0.9731196730081133
237100,0.9731606581676087
237200,0.973201580835926
237300,0.9732424411083473
237400,0.9732832390800094
237500,0.9733239748459037
237600,0.9733646485008772
237700,0.9734052601396321
237800,0.9734458098567261
237900,0.9734862977465728
238000,0.9735267239034421
238100,0.9735670884214597
238200,0.973607391394608
238300,0.9736476329167263
238400,0.9736878130815105
238500,0.973727931982514
238600,0.973767989713147
238700,0.9738079863666779
238800,0.9738479220362324
238900,0.9738877968147946
239000,0.9739276107952065
239100,0.9739673640701688
239200,0.9740070567322406
239300,0.9740466888738402
239400,0.9740862605872445
239500,0.9741257719645902
239600,0.9741652230978733
239700,0.9742046140789495
239800,0.9742439449995347
239900,0.9742832159512044
240000,0.9743224270253951
240100,0.9743615783134034
240200,0.9744006699063871
240300,0.9744397018953647
240400,0.974478674371216
240500,0.9745175874246824
240600,0.9745564411463667
240700,0.9745952356267338
240800,0.9746339709561104
240900,0.9746726472246855
241000,0.974711264522511
241100,0.9747498229395011
241200,0.9747883225654328
241300,0.9748267634899466
241400,0.9748651458025461
241500,0.9749034695925984
241600,0.9749417349493346
241700,0.9749799419618492
241800,0.9750180907191016
241900,0.9750561813099149
242000,0.9750942138229772
242100,0.9751321883468411
242200,0.9751701049699243
242300,0.9752079637805098
242400,0.9752457648667457
242500,0.975283508316646
242600,0.9753211942180904
242700,0.9753588226588245
242800,0.9753963937264601
242900,0.9754339075084758
243000,0.9754713640922162
243100,0.9755087635648934
243200,0.9755461060135858
243300,0.9755833915252398
243400,0.9756206201866684
243500,0.975657792084553
243600,0.9756949073054425
243700,0.9757319659357537
243800,0.9757689680617718
243900,0.9758059137696505
244000,0.9758428031454119
244100,0.9758796362749474
244200,0.9759164132440169
244300,0.9759531341382497
244400,0.9759897990431449
244500,0.9760264080440707
244600,0.9760629612262656
244700,0.9760994586748376
244800,0.9761359004747656
244900,0.9761722867108985
245000,0.9762086174679558
245100,0.9762448928305281
245200,0.9762811128830767
245300,0.9763172777099344
245400,0.9763533873953053
245500,0.976389442023265
245600,0.9764254416777611
245700,0.9764613864426132
245800,0.9764972764015128
245900,0.9765331116380244
246000,0.9765688922355843
246100,0.9766046182775021
246200,0.9766402898469604
246300,0.9766759070270147
246400,0.976711469900594
246500,0.9767469785505009
246600,0.9767824330594116
246700,0.9768178335098764
246800,0.9768531799843196
246900,0.9768884725650401
247000,0.976923711334211
247100,0.97695889637388
247200,0.9769940277659703
247300,0.9770291055922795
247400,0.977064129934481
247500,0.9770991008741234
247600,0.9771340184926309
247700,0.9771688828713039
247800,0.9772036940913185
247900,0.977238452233727
248000,0.9772731573794584
248100,0.9773078096093183
248200,0.9773424090039886
248300,0.9773769556440288
248400,0.9774114496098754
248500,0.9774458909818419
248600,0.9774802798401196
248700,0.9775146162647778
248800,0.9775489003357632
248900,0.9775831321329012
249000,0.9776173117358947
249100,0.9776514392243257
249200,0.9776855146776549
249300,0.9777195381752213
249400,0.9777535097962434
249500,0.9777874296198188
249600,0.9778212977249244
249700,0.9778551141904167
249800,0.9778888790950322
249900,0.9779225925173869
250000,0.9779562545359775
250100,0.9779898652291803
250200,0.9780234246752528
250300,0.978056932952333
250400,0.9780903901384392
250500,0.9781237963114716
250600,0.978157151549211
250700,0.9781904559293199
250800,0.9782237095293422
250900,0.9782569124267039
251000,0.9782900646987124
251100,0.9783231664225577
251200,0.978356217675312
251300,0.9783892185339298
251400,0.9784221690752485
251500,0.9784550693759883
251600,0.9784879195127522
251700,0.9785207195620266
251800,0.9785534696001813
251900,0.9785861697034697
252000,0.9786188199480286
252100,0.9786514204098792
252200,0.9786839711649263
252300,0.9787164722889594
252400,0.9787489238576521
252500,0.978781325946563
252600,0.978813678631135
252700,0.9788459819866963
252800,0.9788782360884601
252900,0.9789104410115252
253000,0.9789425968308756
253100,0.978974703621381
253200,0.979006761457797
253300,0.9790387704147653
253400,0.9790707305668136
253500,0.9791026419883562
253600,0.9791345047536938
253700,0.9791663189370137
253800,0.9791980846123903
253900,0.979229801853785
254000,0.9792614707350464
254100,0.9792930913299105
254200,0.9793246637120008
254300,0.9793561879548286
254400,0.9793876641317932
254500,0.979419092316182
254600,0.9794504725811704
254700,0.9794818049998225
254800,0.9795130896450909
254900,0.9795443265898169
255000,0.9795755159067309
255100,0.9796066576684522
255200,0.9796377519474896
255300,0.9796687988162412
255400,0.9796997983469947
255500,0.9797307506119276
255600,0.9797616556831075
255700,0.9797925136324918
255800,0.9798233245319286
255900,0.9798540884531559
256000,0.979884805467803
256100,0.9799154756473893
256200,0.9799460990633259
256300,0.979976675786914
256400,0.9800072058893473
256500,0.98003768944171
256600,0.9800681265149783
256700,0.9800985171800202
256800,0.9801288615075954
256900,0.980159159568356
257000,0.9801894114328463
257100,0.980219617171503
257200,0.9802497768546552
257300,0.9802798905525252
257400,0.9803099583352279
257500,0.9803399802727716
257600,0.9803699564350573
257700,0.98039988689188
257800,0.980429771712928
257900,0.9804596109677833
258000,0.980489404725922
258100,0.9805191530567143
258200,0.9805488560294243
258300,0.9805785137132107
258400,0.9806081261771269
258500,0.9806376934901206
258600,0.9806672157210349
258700,0.9806966929386075
258800,0.9807261252114715
258900,0.9807555126081554
259000,0.9807848551970829
259100,0.9808141530465738
259200,0.9808434062248435
259300,0.9808726148000033
259400,0.9809017788400608
259500,0.98093089841292
259600,0.9809599735863811
259700,0.9809890044281411
259800,0.9810179910057937
259900,0.9810469333868297
260000,0.9810758316386367
260100,0.9811046858284999
260200,0.9811334960236016
260300,0.9811622622910218
260400,0.9811909846977384
260500,0.9812196633106267
260600,0.9812482981964606
260700,0.9812768894219118
260800,0.9813054370535506
260900,0.9813339411578454
261000,0.9813624018011637
261100,0.9813908190497717
261200,0.9814191929698342
261300,0.9814475236274156
261400,0.9814758110884794
261500,0.9815040554188884
261600,0.9815322566844051
261700,0.9815604149506918
261800,0.9815885302833104
261900,0.9816166027477231
262000,0.9816446324092923
262100,0.9816726193332805
262200,0.981700563584851
262300,0.9817284652290675
262400,0.9817563243308945
262500,0.9817841409551977
262600,0.9818119151667437
262700,0.9818396470302002
262800,0.9818673366101367
262900,0.9818949839710238
263000,0.9819225891772342
263100,0.9819501522930423
263200,0.9819776733826242
263300,0.9820051525100587
263400,0.9820325897393265
263500,0.9820599851343109
263600,0.9820873387587977
263700,0.9821146506764756
263800,0.9821419209509361
263900,0.9821691496456736
264000,0.9821963368240859
264100,0.9822234825494741
264200,0.9822505868850427
264300,0.9822776498938999
264400,0.9823046716390577
264500,0.9823316521834318
264600,0.9823585915898423
264700,0.9823854899210134
264800,0.9824123472395734
264900,0.9824391636080556
265000,0.9824659390888975
265100,0.9824926737444417
265200,0.9825193676369356
265300,0.9825460208285316
265400,0.9825726333812876
265500,0.9825992053571668
265600,0.9826257368180378
265700,0.9826522278256747
265800,0.9826786784417579
265900,0.9827050887278735
266000,0.9827314587455136
266100,0.9827577885560765
266200,0.9827840782208673
266300,0.9828103278010971
266400,0.982836537357884
266500,0.982862706952253
266600,0.9828888366451355
266700,0.9829149264973707
266800,0.9829409765697045
266900,0.9829669869227904
267000,0.9829929576171896
267100,0.9830188887133706
267200,0.9830447802717099
267300,0.983070632352492
267400,0.9830964450159094
267500,0.9831222183220626
267600,0.983147952330961
267700,0.9831736471025219
267800,0.9831993026965716
267900,0.9832249191728452
268000,0.9832504965909866
268100,0.9832760350105487
268200,0.9833015344909939
268300,0.9833269950916934
268400,0.9833524168719284
268500,0.9833777998908896
268600,0.9834031442076772
268700,0.9834284498813014
268800,0.9834537169706826
268900,0.9834789455346513
269000,0.983504135631948
269100,0.983529287321224
269200,0.9835544006610412
269300,0.9835794757098718
269400,0.9836045125260992
269500,0.9836295111680177
269600,0.9836544716938327
269700,0.9836793941616607
269800,0.98370427862953
269900,0.98372912515538
270000,0.983753933797062
270100,0.983778704612339
270200,0.9838034376588858
270300,0.9838281329942896
270400,0.9838527906760495
270500,0.9838774107615769
270600,0.983901993308196
270700,0.9839265383731434
270800,0.9839510460135682
270900,0.9839755162865328
271000,0.9839999492490121
271100,0.9840243449578948
271200,0.9840487034699821
271300,0.9840730248419892
271400,0.9840973091305444
271500,0.9841215563921899
271600,0.9841457666833817
271700,0.9841699400604896
271800,0.9841940765797975
271900,0.9842181762975035
272000,0.98424223926972
272100,0.9842662655524737
272200,0.9842902552017062
272300,0.9843142082732735
272400,0.9843381248229466
272500,0.9843620049064115
272600,0.984385848579269
272700,0.9844096558970354
272800,0.9844334269151426
272900,0.9844571616889373
273000,0.9844808602736822
273100,0.9845045227245559
273200,0.9845281490966525
273300,0.9845517394449825
273400,0.9845752938244722
273500,0.9845988122899643
273600,0.9846222948962177
273700,0.9846457416979081
273800,0.9846691527496275
273900,0.9846925281058851
274000,0.9847158678211066
274100,0.9847391719496349
274200,0.9847624405457299
274300,0.9847856736635688
274400,0.9848088713572465
274500,0.984832033680775
274600,0.9848551606880842
274700,0.9848782524330216
274800,0.9849013089693527
274900,0.9849243303507611
275000,0.9849473166308484
275100,0.9849702678631346
275200,0.9849931841010579
275300,0.9850160653979751
275400,0.985038911807162
275500,0.9850617233818125
275600,0.9850845001750401
275700,0.9851072422398767
275800,0.9851299496292738
275900,0.9851526223961018
276000,0.9851752605931507
276100,0.9851978642731303
276200,0.9852204334886692
276300,0.9852429682923166
276400,0.9852654687365411
276500,0.9852879348737315
276600,0.9853103667561967
276700,0.9853327644361656
276800,0.9853551279657878
276900,0.9853774573971334
277000,0.9853997527821928
277100,0.9854220141728773
277200,0.9854442416210191
277300,0.9854664351783712
277400,0.9854885948966079
277500,0.9855107208273246
277600,0.985532813022038
277700,0.9855548715321863
277800,0.9855768964091294
277900,0.9855988877041485
278000,0.9856208454684471
278100,0.9856427697531502
278200,0.9856646606093052
278300,0.9856865180878815
278400,0.9857083422397708
278500,0.9857301331157869
278600,0.9857518907666669
278700,0.9857736152430697
278800,0.9857953065955775
278900,0.9858169648746951
279000,0.9858385901308504
279100,0.9858601824143945
279200,0.9858817417756016
279300,0.9859032682646691
279400,0.9859247619317183
279500,0.9859462228267937
279600,0.9859676509998635
279700,0.98598904650082
279800,0.9860104093794791
279900,0.9860317396855811
280000,0.98605303746879
280100,0.9860743027786946
280200,0.9860955356648076
280300,0.9861167361765665
280400,0.9861379043633334
280500,0.986159040274395
280600,0.9861801439589631
280700,0.9862012154661742
280800,0.98622225484509
280900,0.9862432621446972
281000,0.9862642374139082
281100,0.9862851807015607
281200,0.9863060920564175
281300,0.9863269715271678
281400,0.9863478191624258
281500,0.9863686350107321
281600,0.9863894191205531
281700,0.9864101715402814
281800,0.9864308923182357
281900,0.9864515815026609
282000,0.9864722391417288
282100,0.9864928652835372
282200,0.986513459976111
282300,0.9865340232674015
282400,0.9865545552052872
282500,0.9865750558375735
282600,0.986595525211993
282700,0.9866159633762053
282800,0.9866363703777973
282900,0.9866567462642837
283000,0.9866770910831064
283100,0.9866974048816352
283200,0.9867176877071675
283300,0.9867379396069287
283400,0.9867581606280722
283500,0.9867783508176795
283600,0.9867985102227601
283700,0.9868186388902521
283800,0.986838736867022
283900,0.9868588041998646
284000,0.9868788409355037
284100,0.9868988471205916
284200,0.9869188228017095
284300,0.9869387680253677
284400,0.9869586828380056
284500,0.9869785672859914
284600,0.9869984214156232
284700,0.9870182452731281
284800,0.9870380389046629
284900,0.9870578023563138
285000,0.987077535674097
285100,0.9870972389039584
285200,0.9871169120917738
285300,0.9871365552833492
285400,0.9871561685244207
285500,0.9871757518606545
285600,0.9871953053376475
285700,0.9872148290009268
285800,0.9872343228959501
285900,0.987253787068106
286000,0.9872732215627136
286100,0.9872926264250232
286200,0.9873120017002159
286300,0.987331347433404
286400,0.987350663669631
286500,0.9873699504538717
286600,0.9873892078310322
286700,0.9874084358459505
286800,0.9874276345433959
286900,0.9874468039680695
287000,0.9874659441646043
287100,0.9874850551775654
287200,0.9875041370514495
287300,0.9875231898306858
287400,0.9875422135596359
287500,0.9875612082825934
287600,0.9875801740437845
287700,0.9875991108873681
287800,0.9876180188574355
287900,0.987636897998011
288000,0.9876557483530518
288100,0.9876745699664479
288200,0.9876933628820224
288300,0.9877121271435317
288400,0.9877308627946655
288500,0.9877495698790467
288600,0.9877682484402318
288700,0.987786898521711
288800,0.9878055201669079
288900,0.9878241134191802
289000,0.9878426783218194
289100,0.9878612149180508
289200,0.987879723251034
289300,0.9878982033638628
289400,0.9879166552995651
289500,0.9879350791011035
289600,0.9879534748113747
289700,0.9879718424732105
289800,0.9879901821293768
289900,0.9880084938225748
290000,0.9880267775954404
290100,0.9880450334905444
290200,0.9880632615503928
290300,0.9880814618174267
290400,0.9880996343340227
290500,0.9881177791424924
290600,0.9881358962850835
290700,0.9881539858039785
290800,0.9881720477412963
290900,0.9881900821390911
291000,0.9882080890393532
291100,0.988226068484009
291200,0.9882440205149204
291300,0.9882619451738863
291400,0.9882798425026412
291500,0.9882977125428564
291600,0.9883155553361391
291700,0.988333370924034
291800,0.9883511593480213
291900,0.988368920649519
292000,0.9883866548698812
292100,0.9884043620503993
292200,0.9884220422323018
292300,0.9884396954567541
292400,0.988457321764859
292500,0.9884749211976567
292600,0.9884924937961245
292700,0.9885100396011774
292800,0.9885275586536683
292900,0.9885450509943873
293000,0.9885625166640626
293100,0.9885799557033604
293200,0.9885973681528847
293300,0.9886147540531776
293400,0.9886321134447194
293500,0.9886494463679287
293600,0.9886667528631626
293700,0.9886840329707166
293800,0.9887012867308245
293900,0.988718514183659
294000,0.9887357153693316
294100,0.9887528903278925
294200,0.9887700390993309
294300,0.988787161723575
294400,0.9888042582404921
294500,0.9888213286898888
294600,0.988838373111511
294700,0.9888553915450439
294800,0.9888723840301121
294900,0.9888893506062801
295000,0.9889062913130519
295100,0.9889232061898712
295200,0.9889400952761216
295300,0.9889569586111268
295400,0.9889737962341502
295500,0.9889906081843958
295600,0.9890073945010074
295700,0.9890241552230693
295800,0.9890408903896064
295900,0.9890576000395837
296000,0.989074284211907
296100,0.9890909429454228
296200,0.9891075762789183
296300,0.9891241842511218
296400,0.9891407669007021
296500,0.9891573242662693
296600,0.9891738563863748
296700,0.9891903632995108
296800,0.9892068450441113
296900,0.9892233016585512
297000,0.9892397331811473
297100,0.9892561396501578
297200,0.9892725211037825
297300,0.989288877580163
297400,0.989305209117383
297500,0.9893215157534676
297600,0.9893377975263845
297700,0.9893540544740431
297800,0.9893702866342952
297900,0.9893864940449347
298000,0.9894026767436982
298100,0.9894188347682644
298200,0.9894349681562549
298300,0.9894510769452335
298400,0.9894671611727072
298500,0.9894832208761255
298600,0.9894992560928808
298700,0.9895152668603087
298800,0.9895312532156877
298900,0.9895472151962396
299000,0.9895631528391292
299100,0.9895790661814649
299200,0.9895949552602984
299300,0.9896108201126248
299400,0.9896266607753831
299500,0.9896424772854556
299600,0.9896582696796687
299700,0.9896740379947924
299800,0.9896897822675408
299900,0.989705502534572
300000,0.989721198832488
300100,0.9897368711978353
300200,0.9897525196671045
300300,0.9897681442767305
300400,0.989783745063093
300500,0.9897993220625156
300600,0.9898148753112672
300700,0.989830404845561
300800,0.989845910701555
300900,0.9898613929153522
301000,0.9898768515230005
301100,0.9898922865604928
301200,0.9899076980637672
301300,0.9899230860687068
301400,0.9899384506111404
301500,0.9899537917268418
301600,0.9899691094515303
301700,0.9899844038208709
301800,0.9899996748704741
301900,0.9900149226358961
302000,0.9900301471526389
302100,0.9900453484561506
302200,0.9900605265818248
302300,0.9900756815650014
302400,0.9900908134409664
302500,0.9901059222449521
302600,0.9901210080121369
302700,0.9901360707776455
302800,0.9901511105765495
302900,0.9901661274438663
303000,0.9901811214145607
303100,0.9901960925235435
303200,0.9902110408056727
303300,0.9902259662957531
303400,0.9902408690285361
303500,0.9902557490387206
303600,0.9902706063609523
303700,0.9902854410298241
303800,0.9903002530798761
303900,0.990315042545596
304000,0.9903298094614187
304100,0.9903445538617265
304200,0.9903592757808496
304300,0.9903739752530655
304400,0.9903886523125998
304500,0.9904033069936254
304600,0.9904179393302639
304700,0.9904325493565839
304800,0.9904471371066028
304900,0.9904617026142859
305000,0.9904762459135465
305100,0.9904907670382467
305200,0.9905052660221962
305300,0.990519742899154
305400,0.9905341977028271
305500,0.9905486304668711
305600,0.9905630412248907
305700,0.9905774300104387
305800,0.9905917968570175
305900,0.9906061417980778
306000,0.9906204648670196
306100,0.9906347660971919
306200,0.9906490455218928
306300,0.9906633031743699
306400,0.9906775390878196
306500,0.9906917532953883
306600,0.9907059458301712
306700,0.9907201167252138
306800,0.9907342660135103
306900,0.9907483937280055
307000,0.9907624999015934
307100,0.9907765845671179
307200,0.9907906477573731
307300,0.9908046895051029
307400,0.9908187098430011
307500,0.9908327088037121
307600,0.9908466864198302
307700,0.9908606427239
307800,0.9908745777484166
307900,0.9908884915258255
308000,0.9909023840885227
308100,0.990916255468855
308200,0.9909301056991195
308300,0.9909439348115645
308400,0.9909577428383888
308500,0.9909715298117421
308600,0.9909852957637254
308700,0.9909990407263904
308800,0.9910127647317402
308900,0.9910264678117289
309000,0.991040149998262
309100,0.9910538113231963
309200,0.99106745181834
309300,0.9910810715154529
309400,0.9910946704462463
309500,0.9911082486423831
309600,0.9911218061354782
309700,0.9911353429570979
309800,0.9911488591387606
309900,0.9911623547119366
310000,0.9911758297080482
310100,0.9911892841584699
310200,0.9912027180945281
310300,0.9912161315475018
310400,0.9912295245486219
310500,0.991242897129072
310600,0.9912562493199881
310700,0.9912695811524586
310800,0.9912828926575246
310900,0.9912961838661798
311000,0.9913094548093707
311100,0.9913227055179966
311200,0.9913359360229098
311300,0.9913491463549153
311400,0.9913623365447713
311500,0.9913755066231892
311600,0.9913886566208332
311700,0.9914017865683212
311800,0.9914148964962243
311900,0.9914279864350666
312000,0.9914410564153262
312100,0.9914541064674344
312200,0.9914671366217762
312300,0.9914801469086904
312400,0.991493137358469
312500,0.9915061080013587
312600,0.9915190588675593
312700,0.9915319899872249
312800,0.9915449013904637
312900,0.9915577931073377
313000,0.9915706651678634
313100,0.9915835176020112
313200,0.9915963504397061
313300,0.9916091637108272
313400,0.9916219574452083
313500,0.9916347316726376
313600,0.9916474864228577
313700,0.9916602217255663
313800,0.9916729376104153
313900,0.9916856341070118
314000,0.9916983112449176
314100,0.9917109690536492
314200,0.9917236075626785
314300,0.9917362268014324
314400,0.9917488267992924
314500,0.9917614075855959
314600,0.9917739691896355
314700,0.9917865116406583
314800,0.9917990349678679
314900,0.9918115392004229
315000,0.9918240243674371
315100,0.9918364904979806
315200,0.9918489376210785
315300,0.9918613657657123
315400,0.9918737749608187
315500,0.9918861652352907
315600,0.991898536617977
315700,0.9919108891376825
315800,0.9919232228231681
315900,0.9919355377031508
316000,0.9919478338063039
316100,0.9919601111612569
316200,0.9919723697965956
316300,0.9919846097408626
316400,0.9919968310225563
316500,0.9920090336701324
316600,0.9920212177120025
316700,0.9920333831765353
316800,0.9920455300920564
316900,0.9920576584868477
317000,0.9920697683891484
317100,0.9920818598271546
317200,0.992093932829019
317300,0.9921059874228519
317400,0.9921180236367206
317500,0.9921300414986494
317600,0.9921420410366198
317700,0.9921540222785713
317800,0.9921659852524
317900,0.9921779299859598
318000,0.9921898565070622
318100,0.9922017648434763
318200,0.9922136550229287
318300,0.9922255270731037
318400,0.9922373810216438
318500,0.9922492168961489
318600,0.9922610347241768
318700,0.9922728345332437
318800,0.9922846163508234
318900,0.9922963802043481
319000,0.9923081261212081
319100,0.9923198541287519
319200,0.9923315642542864
319300,0.9923432565250765
319400,0.9923549309683461
319500,0.9923665876112772
319600,0.9923782264810105
319700,0.9923898476046451
319800,0.9924014510092392
319900,0.9924130367218094
320000,0.9924246047693311
320100,0.9924361551787388
320200,0.9924476879769258
320300,0.9924592031907443
320400,0.9924707008470058
320500,0.9924821809724808
320600,0.9924936435938988
320700,0.9925050887379487
320800,0.992516516431279
320900,0.9925279267004969
321000,0.9925393195721698
321100,0.9925506950728239
321200,0.9925620532289453
321300,0.9925733940669799
321400,0.9925847176133328
321500,0.9925960238943692
321600,0.9926073129364139
321700,0.9926185847657519
321800,0.9926298394086277
321900,0.9926410768912459
322000,0.9926522972397713
322100,0.9926635004803287
322200,0.9926746866390032
322300,0.9926858557418398
322400,0.992697007814844
322500,0.9927081428839819
322600,0.9927192609751795
322700,0.9927303621143236
322800,0.9927414463272615
322900,0.992752513639801
323000,0.9927635640777106
323100,0.9927745976667195
323200,0.9927856144325177
323300,0.9927966144007558
323400,0.992807597597046
323500,0.9928185640469603
323600,0.9928295137760328
323700,0.9928404468097581
323800,0.992851363173592
323900,0.9928622628929515
324000,0.9928731459932151
324100,0.9928840124997221
324200,0.9928948624377736
324300,0.9929056958326319
324400,0.992916512709521
324500,0.992927313093626
324600,0.9929380970100943
324700,0.9929488644840342
324800,0.9929596155405163
324900,0.9929703502045726
325000,0.992981068501197
325100,0.9929917704553456
325200,0.993002456091936
325300,0.9930131254358482
325400,0.9930237785119239
325500,0.9930344153449673
325600,0.9930450359597445
325700,0.9930556403809838
325800,0.9930662286333762
325900,0.9930768007415746
326000,0.9930873567301944
326100,0.9930978966238138
326200,0.9931084204469731
326300,0.9931189282241754
326400,0.9931294199798864
326500,0.9931398957385346
326600,0.9931503555245109
326700,0.9931607993621696
326800,0.9931712272758273
326900,0.9931816392897638
327000,0.9931920354282219
327100,0.9932024157154072
327200,0.9932127801754889
327300,0.9932231288325987
327400,0.9932334617108318
327500,0.993243778834247
327600,0.9932540802268657
327700,0.9932643659126733
327800,0.9932746359156184
327900,0.993284890259613
328000,0.9932951289685328
328100,0.993305352066217
328200,0.9933155595764684
328300,0.9933257515230537
328400,0.9933359279297032
328500,0.9933460888201109
328600,0.9933562342179351
328700,0.9933663641467975
328800,0.9933764786302842
328900,0.9933865776919453
329000,0.9933966613552946
329100,0.9934067296438105
329200,0.9934167825809352
329300,0.9934268201900758
329400,0.993436842494603
329500,0.993446849517852
329600,0.993456841283123
329700,0.9934668178136798
329800,0.9934767791327516
329900,0.9934867252635314
330000,0.9934966562291776
330100,0.9935065720528125
330200,0.9935164727575236
330300,0.9935263583663634
330400,0.9935362289023487
330500,0.9935460843884616
330600,0.993555924847649
330700,0.9935657503028229
330800,0.9935755607768604
330900,0.9935853562926035
331000,0.9935951368728596
331100,0.9936049025404011
331200,0.9936146533179661
331300,0.9936243892282575
331400,0.9936341102939439
331500,0.9936438165376592
331600,0.9936535079820031
331700,0.9936631846495404
331800,0.9936728465628016
331900,0.9936824937442833
332000,0.9936921262164471
332100,0.9937017440017208
332200,0.993711347122498
332300,0.9937209356011378
332400,0.9937305094599658
332500,0.993740068721273
332600,0.9937496134073166
332700,0.9937591435403201
332800,0.9937686591424727
332900,0.9937781602359301
333000,0.9937876468428142
333100,0.9937971189852127
333200,0.9938065766851805
333300,0.9938160199647379
333400,0.9938254488458723
333500,0.9938348633505374
333600,0.9938442635006534
333700,0.9938536493181068
333800,0.9938630208247514
333900,0.993872378042407
334000,0.9938817209928605
334100,0.9938910496978656
334200,0.9939003641791424
334300,0.9939096644583785
334400,0.993918950557228
334500,0.9939282224973122
334600,0.9939374803002192
334700,0.9939467239875045
334800,0.9939559535806904
334900,0.9939651691012669
335000,0.9939743705706904
335100,0.9939835580103854
335200,0.9939927314417434
335300,0.9940018908861231
335400,0.994011036364851
335500,0.9940201678992209
335600,0.994029285510494
335700,0.9940383892198993
335800,0.9940474790486333
335900,0.9940565550178604
336000,0.9940656171487123
336100,0.9940746654622891
336200,0.994083699979658
336300,0.9940927207218547
336400,0.9941017277098825
336500,0.9941107209647126
336600,0.9941197005072847
336700,0.994128666358506
336800,0.9941376185392522
336900,0.9941465570703669
337000,0.9941554819726622
337100,0.9941643932669183
337200,0.9941732909738836
337300,0.9941821751142753
337400,0.9941910457087785
337500,0.9941999027780469
337600,0.9942087463427031
337700,0.9942175764233376
337800,0.9942263930405102
337900,0.9942351962147487
338000,0.9942439859665501
338100,0.9942527623163798
338200,0.9942615252846723
338300,0.9942702748918306
338400,0.994279011158227
338500,0.9942877341042025
338600,0.9942964437500669
338700,0.9943051401160993
338800,0.994313823222548
338900,0.99432249308963
339000,0.994331149737532
339100,0.9943397931864094
339200,0.9943484234563872
339300,0.9943570405675597
339400,0.9943656445399903
339500,0.9943742353937121
339600,0.9943828131487276
339700,0.9943913778250086
339800,0.9943999294424968
339900,0.9944084680211032
340000,0.9944169935807085
340100,0.9944255061411631
340200,0.9944340057222871
340300,0.9944424923438707
340400,0.9944509660256735
340500,0.994459426787425
340600,0.994467874648825
340700,0.9944763096295429
340800,0.9944847317492181
340900,0.9944931410274604
341000,0.9945015374838494
341100,0.9945099211379348
341200,0.9945182920092368
341300,0.9945266501172455
341400,0.9945349954814215
341500,0.9945433281211958
341600,0.9945516480559694
341700,0.9945599553051142
341800,0.9945682498879721
341900,0.9945765318238559
342000,0.9945848011320485
342100,0.9945930578318041
342200,0.9946013019423467
342300,0.9946095334828718
342400,0.994617752472545
342500,0.9946259589305031
342600,0.9946341528758533
342700,0.994642334327674
342800,0.9946505033050146
342900,0.994658659826895
343000,0.9946668039123067
343100,0.9946749355802116
343200,0.9946830548495432
343300,0.9946911617392059
343400,0.9946992562680752
343500,0.9947073384549981
343600,0.9947154083187927
343700,0.9947234658782482
343800,0.9947315111521255
343900,0.9947395441591569
344000,0.9947475649180457
344100,0.9947555734474672
344200,0.9947635697660678
344300,0.994771553892466
344400,0.9947795258452511
344500,0.9947874856429849
344600,0.9947954333042005
344700,0.9948033688474026
344800,0.994811292291068
344900,0.9948192036536452
345000,0.9948271029535545
345100,0.9948349902091881
345200,0.9948428654389104
345300,0.9948507286610576
345400,0.9948585798939379
345500,0.9948664191558316
345600,0.9948742464649913
345700,0.9948820618396418
345800,0.9948898652979796
345900,0.9948976568581741
346000,0.9949054365383667
346100,0.994913204356671
346200,0.9949209603311733
346300,0.9949287044799321
346400,0.9949364368209784
346500,0.9949441573723158
346600,0.9949518661519204
346700,0.9949595631777408
346800,0.9949672484676984
346900,0.9949749220396871
347000,0.9949825839115736
347100,0.9949902341011975
347200,0.9949978726263708
347300,0.9950054995048789
347400,0.9950131147544796
347500,0.995020718392904
347600,0.9950283104378557
347700,0.9950358909070116
347800,0.9950434598180219
347900,0.9950510171885094
348000,0.9950585630360704
348100,0.995066097378274
348200,0.995073620232663
348300,0.9950811316167529
348400,0.995088631548033
348500,0.9950961200439654
348600,0.9951035971219864
348700,0.9951110627995047
348800,0.9951185170939032
348900,0.995125960022538
349000,0.9951333916027387
349100,0.9951408118518087
349200,0.9951482207870248
349300,0.9951556184256377
349400,0.9951630047848714
349500,0.9951703798819239
349600,0.9951777437339672
349700,0.9951850963581466
349800,0.9951924377715816
349900,0.9951997679913656
350000,0.9952070870345657
350100,0.9952143949182234
350200,0.9952216916593537
350300,0.9952289772749461
350400,0.9952362517819638
350500,0.9952435151973446
350600,0.995250767538
350700,0.995258008820816
350800,0.9952652390626529
350900,0.9952724582803449
351000,0.9952796664907012
351100,0.9952868637105047
351200,0.9952940499565129
351300,0.9953012252454583
351400,0.9953083895940469
351500,0.9953155430189601
351600,0.9953226855368534
351700,0.995329817164357
351800,0.9953369379180759
351900,0.9953440478145895
352000,0.9953511468704521
352100,0.9953582351021929
352200,0.9953653125263155
352300,0.9953723791592988
352400,0.9953794350175961
352500,0.9953864801176359
352600,0.9953935144758218
352700,0.995400538108532
352800,0.99540755103212
352900,0.9954145532629143
353000,0.9954215448172185
353100,0.9954285257113111
353200,0.9954354959614464
353300,0.9954424555838534
353400,0.9954494045947362
353500,0.9954563430102749
353600,0.9954632708466241
353700,0.9954701881199146
353800,0.9954770948462518
353900,0.9954839910417173
354000,0.9954908767223674
354100,0.9954977519042345
354200,0.9955046166033265
354300,0.9955114708356266
354400,0.9955183146170938
354500,0.995525147963663
354600,0.9955319708912442
354700,0.9955387834157239
354800,0.9955455855529637
354900,0.9955523773188014
355000,0.9955591587290507
355100,0.9955659297995008
355200,0.9955726905459171
355300,0.995579440984041
355400,0.99558618112959
355500,0.9955929109982572
355600,0.9955996306057121
355700,0.9956063399676004
355800,0.9956130390995437
355900,0.9956197280171398
356000,0.9956264067359628
356100,0.9956330752715632
356200,0.9956397336394675
356300,0.9956463818551786
356400,0.995653019934176
356500,0.9956596478919153
356600,0.9956662657438287
356700,0.9956728735053249
356800,0.9956794711917888
356900,0.9956860588185822
357000,0.9956926364010434
357100,0.9956992039544873
357200,0.9957057614942053
357300,0.9957123090354657
357400,0.9957188465935133
357500,0.9957253741835699
357600,0.9957318918208338
357700,0.9957383995204805
357800,0.9957448972976619
357900,0.9957513851675073
358000,0.9957578631451225
358100,0.9957643312455906
358200,0.9957707894839715
358300,0.9957772378753021
358400,0.9957836764345965
358500,0.9957901051768461
358600,0.9957965241170188
358700,0.9958029332700604
358800,0.9958093326508936
358900,0.9958157222744181
359000,0.9958221021555113
359100,0.9958284723090278
359200,0.9958348327497994
359300,0.9958411834926355
359400,0.9958475245523226
359500,0.9958538559436251
359600,0.9958601776812845
359700,0.99586648978002
359800,0.9958727922545283
359900,0.9958790851194838
360000,0.9958853683895383
360100,0.9958916420793216
360200,0.9958979062034408
360300,0.995904160776481
360400,0.9959104058130052
360500,0.9959166413275536
360600,0.9959228673346449
360700,0.9959290838487752
360800,0.9959352908844188
360900,0.9959414884560278
361000,0.9959476765780322
361100,0.99595385526484
361200,0.9959600245308375
361300,0.9959661843903888
361400,0.995972334857836
361500,0.9959784759474997
361600,0.9959846076736782
361700,0.9959907300506486
361800,0.9959968430926657
361900,0.9960029468139627
362000,0.9960090412287513
362100,0.9960151263512214
362200,0.996021202195541
362300,0.9960272687758569
362400,0.9960333261062942
362500,0.9960393742009566
362600,0.9960454130739258
362700,0.9960514427392625
362800,0.996057463211006
362900,0.9960634745031737
363000,0.9960694766297622
363100,0.9960754696047464
363200,0.99608145344208
363300,0.9960874281556954
363400,0.9960933937595039
363500,0.9960993502673954
363600,0.9961052976932386
363700,0.9961112360508813
363800,0.9961171653541498
363900,0.9961230856168499
364000,0.9961289968527657
364100,0.9961348990756608
364200,0.9961407922992773
364300,0.9961466765373369
364400,0.99615255180354
364500,0.9961584181115664
364600,0.9961642754750746
364700,0.9961701239077027
364800,0.9961759634230679
364900,0.9961817940347665
365000,0.9961876157563743
365100,0.996193428601446
365200,0.9961992325835162
365300,0.9962050277160983
365400,0.9962108140126855
365500,0.9962165914867502
365600,0.9962223601517445
365700,0.9962281200210996
365800,0.9962338711082266
365900,0.996239613426516
366000,0.9962453469893378
366100,0.9962510718100417
366200,0.9962567879019572
366300,0.9962624952783931
366400,0.9962681939526382
366500,0.996273883937961
366600,0.9962795652476099
366700,0.9962852378948125
366800,0.9962909018927771
366900,0.9962965572546912
367000,0.9963022039937225
367100,0.9963078421230185
367200,0.9963134716557066
367300,0.9963190926048945
367400,0.9963247049836695
367500,0.9963303088050993
367600,0.9963359040822315
367700,0.9963414908280936
367800,0.9963470690556938
367900,0.9963526387780198
368000,0.99635820000804
368100,0.9963637527587028
368200,0.996369297042937
368300,0.9963748328736514
368400,0.9963803602637354
368500,0.9963858792260587
368600,0.9963913897734713
368700,0.9963968919188038
368800,0.9964023856748667
368900,0.9964078710544517
369000,0.9964133480703304
369100,0.9964188167352555
369200,0.9964242770619595
369300,0.9964297290631562
369400,0.9964351727515396
369500,0.9964406081397845
369600,0.9964460352405464
369700,0.9964514540664614
369800,0.9964568646301464
369900,0.9964622669441989
370000,0.9964676610211977
370100,0.9964730468737016
370200,0.9964784245142512
370300,0.996483793955367
370400,0.9964891552095512
370500,0.9964945082892865
370600,0.9964998532070368
370700,0.996505189975247
370800,0.9965105186063427
370900,0.9965158391127308
371000,0.9965211515067993
371100,0.9965264558009174
371200,0.996531752007435
371300,0.9965370401386839
371400,0.9965423202069764
371500,0.9965475922246064
371600,0.9965528562038489
371700,0.9965581121569603
371800,0.9965633600961783
371900,0.9965686000337218
372000,0.9965738319817912
372100,0.9965790559525682
372200,0.9965842719582162
372300,0.9965894800108798
372400,0.9965946801226848
372500,0.9965998723057393
372600,0.9966050565721322
372700,0.9966102329339342
372800,0.9966154014031979
372900,0.9966205619919571
373000,0.9966257147122275
373100,0.9966308595760063
373200,0.9966359965952725
373300,0.9966411257819868
373400,0.9966462471480919
373500,0.9966513607055121
373600,0.9966564664661532
373700,0.9966615644419035
373800,0.9966666546446326
373900,0.9966717370861923
374000,0.9966768117784163
374100,0.9966818787331202
374200,0.9966869379621017
374300,0.9966919894771402
374400,0.9966970332899976
374500,0.9967020694124175
374600,0.9967070978561257
374700,0.9967121186328302
374800,0.9967171317542209
374900,0.9967221372319705
375000,0.9967271350777329
375100,0.9967321253031453
375200,0.9967371079198263
375300,0.9967420829393773
375400,0.9967470503733818
375500,0.9967520102334058
375600,0.9967569625309973
375700,0.9967619072776872
375800,0.9967668444849885
375900,0.9967717741643967
376000,0.9967766963273896
376100,0.9967816109854281
376200,0.9967865181499547
376300,0.9967914178323953
376400,0.9967963100441579
376500,0.9968011947966333
376600,0.996806072101195
376700,0.9968109419691987
376800,0.9968158044119835
376900,0.9968206594408705
377000,0.9968255070671641
377100,0.9968303473021511
377200,0.9968351801571014
377300,0.9968400056432672
377400,0.9968448237718843
377500,0.9968496345541707
377600,0.9968544380013277
377700,0.9968592341245391
377800,0.9968640229349722
377900,0.9968688044437769
378000,0.9968735786620861
378100,0.996878345601016
378200,0.9968831052716655
378300,0.9968878576851167
378400,0.9968926028524351
378500,0.9968973407846687
378600,0.9969020714928495
378700,0.9969067949879918
378800,0.9969115112810938
378900,0.9969162203831363
379000,0.9969209223050841
379100,0.9969256170578846
379200,0.996930304652469
379300,0.9969349850997514
379400,0.9969396584106297
379500,0.9969443245959848
379600,0.9969489836666813
379700,0.9969536356335671
379800,0.9969582805074735
379900,0.9969629182992152
380000,0.996967549019591
380100,0.9969721726793824
380200,0.9969767892893552
380300,0.9969813988602582
380400,0.996986001402824
380500,0.9969905969277691
380600,0.9969951854457935
380700,0.9969997669675805
380800,0.9970043415037978
380900,0.9970089090650964
381000,0.997013469662111
381100,0.9970180233054604
381200,0.997022570005747
381300,0.997027109773557
381400,0.9970316426194606
381500,0.9970361685540119
381600,0.9970406875877487
381700,0.9970451997311928
381800,0.9970497049948501
381900,0.9970542033892105
382000,0.9970586949247476
382100,0.9970631796119194
382200,0.9970676574611677
382300,0.9970721284829185
382400,0.9970765926875818
382500,0.9970810500855519
382600,0.9970855006872071
382700,0.99708994450291
382800,0.9970943815430071
382900,0.9970988118178297
383000,0.9971032353376926
383100,0.9971076521128956
383200,0.9971120621537223
383300,0.9971164654704407
383400,0.9971208620733035
383500,0.9971252519725473
383600,0.9971296351783934
383700,0.9971340117010473
383800,0.997138381550699
383900,0.9971427447375232
384000,0.9971471012716787
384100,0.997151451163309
384200,0.9971557944225424
384300,0.9971601310594912
384400,0.9971644610842527
384500,0.9971687845069087
384600,0.9971731013375256
384700,0.9971774115861545
384800,0.997181715262831
384900,0.9971860123775755
385000,0.9971903029403933
385100,0.9971945869612744
385200,0.9971988644501932
385300,0.9972031354171094
385400,0.997207399871967
385500,0.9972116578246953
385600,0.9972159092852083
385700,0.9972201542634048
385800,0.9972243927691686
385900,0.9972286248123683
386000,0.9972328504028577
386100,0.9972370695504752
386200,0.9972412822650446
386300,0.9972454885563744
386400,0.9972496884342584
386500,0.9972538819084754
386600,0.9972580689887891
386700,0.9972622496849486
386800,0.9972664240066879
386900,0.9972705919637262
387000,0.997274753565768
387100,0.997278908822503
387200,0.9972830577436059
387300,0.9972872003387371
387400,0.9972913366175415
387500,0.9972954665896503
387600,0.9972995902646792
387700,0.9973037076522294
387800,0.9973078187618879
387900,0.9973119236032266
388000,0.9973160221858031
388100,0.9973201145191601
388200,0.9973242006128261
388300,0.9973282804763149
388400,0.9973323541191258
388500,0.9973364215507436
388600,0.9973404827806388
388700,0.9973445378182673
388800,0.9973485866730704
388900,0.9973526293544754
389000,0.9973566658718952
389100,0.9973606962347279
389200,0.9973647204523578
389300,0.9973687385341544
389400,0.9973727504894735
389500,0.997376756327656
389600,0.997380756058029
389700,0.9973847496899052
389800,0.9973887372325833
389900,0.9973927186953474
390000,0.997396694087468
390100,0.9974006634182009
390200,0.9974046266967882
390300,0.9974085839324578
390400,0.9974125351344234
390500,0.9974164803118849
390600,0.9974204194740278
390700,0.997424352630024
390800,0.9974282797890313
390900,0.9974322009601931
391000,0.9974361161526397
391100,0.9974400253754867
391200,0.9974439286378362
391300,0.9974478259487763
391400,0.9974517173173814
391500,0.9974556027527117
391600,0.9974594822638141
391700,0.9974633558597212
391800,0.9974672235494522
391900,0.9974710853420123
392000,0.9974749412463932
392100,0.9974787912715728
392200,0.997482635426515
392300,0.9974864737201706
392400,0.9974903061614763
392500,0.9974941327593554
392600,0.9974979535227175
392700,0.9975017684604587
392800,0.9975055775814614
392900,0.9975093808945945
393000,0.9975131784087137
393100,0.9975169701326605
393200,0.9975207560752637
393300,0.997524536245338
393400,0.9975283106516851
393500,0.9975320793030931
393600,0.9975358422083365
393700,0.9975395993761769
393800,0.9975433508153622
393900,0.9975470965346269
394000,0.9975508365426925
394100,0.9975545708482669
394200,0.9975582994600449
394300,0.997562022386708
394400,0.9975657396369244
394500,0.997569451219349
394600,0.997573157142624
394700,0.9975768574153777
394800,0.9975805520462258
394900,0.9975842410437706
395000,0.9975879244166014
395100,0.9975916021732942
395200,0.9975952743224122
395300,0.9975989408725054
395400,0.9976026018321109
395500,0.9976062572097525
395600,0.9976099070139413
395700,0.9976135512531751
395800,0.9976171899359391
395900,0.9976208230707053
396000,0.9976244506659331
396100,0.9976280727300685
396200,0.997631689271545
396300,0.9976353002987832
396400,0.9976389058201909
396500,0.9976425058441628
396600,0.997646100379081
396700,0.9976496894333149
396800,0.9976532730152211
396900,0.9976568511331433
397000,0.9976604237954125
397100,0.9976639910103473
397200,0.9976675527862532
397300,0.9976711091314233
397400,0.9976746600541382
397500,0.9976782055626653
397600,0.9976817456652599
397700,0.9976852803701647
397800,0.9976888096856096
397900,0.997692333619812
398000,0.997695852180977
398100,0.9976993653772968
398200,0.9977028732169514
398300,0.9977063757081084
398400,0.9977098728589225
398500,0.9977133646775366
398600,0.9977168511720806
398700,0.9977203323506724
398800,0.9977238082214173
398900,0.9977272787924083
399000,0.9977307440717261
399100,0.9977342040674392
399200,0.9977376587876033
399300,0.9977411082402626
399400,0.9977445524334483
399500,0.9977479913751798
399600,0.9977514250734641
399700,0.997754853536296
399800,0.9977582767716582
399900,0.9977616947875211
400000,0.997765107591843
400100,0.9977685151925701
400200,0.9977719175976366
400300,0.9977753148149642
400400,0.997778706852463
400500,0.9977820937180307
400600,0.9977854754195532
400700,0.9977888519649041
400800,0.9977922233619453
400900,0.9977955896185264
401000,0.9977989507424855
401100,0.997802306741648
401200,0.9978056576238283
401300,0.9978090033968281
401400,0.9978123440684376
401500,0.9978156796464349
401600,0.9978190101385865
401700,0.997822335552647
401800,0.997825655896359
401900,0.9978289711774533
402000,0.9978322814036491
402100,0.9978355865826537
402200,0.9978388867221629
402300,0.9978421818298603
402400,0.9978454719134181
402500,0.9978487569804968
402600,0.9978520370387451
402700,0.9978553120958003
402800,0.9978585821592875
402900,0.9978618472368207
403000,0.9978651073360022
403100,0.9978683624644226
403200,0.9978716126296608
403300,0.9978748578392844
403400,0.9978780981008495
403500,0.9978813334219003
403600,0.9978845638099699
403700,0.9978877892725797
403800,0.9978910098172397
403900,0.9978942254514482
404000,0.9978974361826927
404100,0.9979006420184486
404200,0.9979038429661803
404300,0.9979070390333407
404400,0.9979102302273712
404500,0.9979134165557022
404600,0.9979165980257524
404700,0.9979197746449294
404800,0.9979229464206296
404900,0.9979261133602377
405000,0.9979292754711276
405100,0.9979324327606618
405200,0.9979355852361915
405300,0.9979387329050567
405400,0.9979418757745864
405500,0.997945013852098
405600,0.9979481471448983
405700,0.9979512756602825
405800,0.997954399405535
405900,0.9979575183879288
406000,0.9979606326147261
406100,0.9979637420931777
406200,0.9979668468305237
406300,0.997969946833993
406400,0.9979730421108034
406500,0.9979761326681617
406600,0.9979792185132639
406700,0.9979822996532948
406800,0.9979853760954285
406900,0.9979884478468278
407000,0.9979915149146449
407100,0.997994577306021
407200,0.9979976350280865
407300,0.9980006880879605
407400,0.998003736492752
407500,0.9980067802495584
407600,0.9980098193654666
407700,0.9980128538475529
407800,0.9980158837028825
407900,0.9980189089385101
408000,0.9980219295614792
408100,0.998024945578823
408200,0.998027956997564
408300,0.9980309638247135
408400,0.9980339660672725
408500,0.9980369637322313
408600,0.9980399568265695
408700,0.9980429453572561
408800,0.9980459293312495
408900,0.998048908755497
409000,0.9980518836369362
409100,0.9980548539824934
409200,0.9980578197990846
409300,0.9980607810936152
409400,0.9980637378729802
409500,0.998066690144064
409600,0.9980696379137405
409700,0.998072581188873
409800,0.9980755199763145
409900,0.9980784542829076
410000,0.9980813841154843
410100,0.9980843094808662
410200,0.9980872303858647
410300,0.9980901468372805
410400,0.9980930588419041
410500,0.9980959664065159
410600,0.9980988695378854
410700,0.9981017682427723
410800,0.9981046625279256
410900,0.9981075524000843
411000,0.998110437865977
411100,0.998113318932322
411200,0.9981161956058274
411300,0.9981190678931913
411400,0.998121935801101
411500,0.9981247993362342
411600,0.9981276585052583
411700,0.9981305133148302
411800,0.9981333637715969
411900,0.9981362098821953
412000,0.9981390516532521
412100,0.998141889091384
412200,0.9981447222031975
412300,0.998147550995289
412400,0.9981503754742448
412500,0.9981531956466414
412600,0.9981560115190451
412700,0.9981588230980122
412800,0.9981616303900891
412900,0.9981644334018119
413000,0.9981672321397073
413100,0.9981700266102914
413200,0.998172816820071
413300,0.9981756027755424
413400,0.9981783844831924
413500,0.9981811619494977
413600,0.9981839351809252
413700,0.998186704183932
413800,0.9981894689649652
413900,0.9981922295304623
414000,0.9981949858868506
414100,0.998197738040548
414200,0.9982004859979625
414300,0.9982032297654921
414400,0.9982059693495255
414500,0.9982087047564412
414600,0.9982114359926082
414700,0.9982141630643857
414800,0.9982168859781233
414900,0.998219604740161
415000,0.9982223193568288
415100,0.9982250298344475
415200,0.9982277361793277
415300,0.9982304383977709
415400,0.9982331364960689
415500,0.9982358304805036
415600,0.9982385203573475
415700,0.9982412061328637
415800,0.9982438878133055
415900,0.9982465654049169
416000,0.998249238913932
416100,0.998251908346576
416200,0.9982545737090639
416300,0.9982572350076018
416400,0.9982598922483861
416500,0.9982625454376036
416600,0.998265194581432
416700,0.9982678396860394
416800,0.9982704807575844
416900,0.9982731178022164
417000,0.9982757508260753
417100,0.9982783798352918
417200,0.998281004835987
417300,0.9982836258342729
417400,0.9982862428362519
417500,0.9982888558480175
417600,0.9982914648756536
417700,0.9982940699252348
417800,0.9982966710028268
417900,0.9982992681144855
418000,0.9983018612662581
418100,0.9983044504641823
418200,0.9983070357142865
418300,0.9983096170225902
418400,0.9983121943951035
418500,0.9983147678378275
418600,0.9983173373567538
418700,0.9983199029578654
418800,0.9983224646471358
418900,0.9983250224305295
419000,0.9983275763140018
419100,0.9983301263034992
419200,0.9983326724049587
419300,0.9983352146243087
419400,0.9983377529674684
419500,0.9983402874403478
419600,0.998342818048848
419700,0.9983453447988612
419800,0.9983478676962704
419900,0.99835038674695
420000,0.9983529019567651
420100,0.9983554133315719
420200,0.9983579208772178
420300,0.9983604245995412
420400,0.9983629245043717
420500,0.9983654205975299
420600,0.9983679128848275
420700,0.9983704013720676
420800,0.9983728860650439
420900,0.9983753669695419
421000,0.9983778440913378
421100,0.9983803174361994
421200,0.9983827870098854
421300,0.9983852528181457
421400,0.9983877148667217
421500,0.9983901731613459
421600,0.998392627707742
421700,0.9983950785116249
421800,0.9983975255787011
421900,0.9983999689146681
422000,0.9984024085252148
422100,0.9984048444160216
422200,0.99840727659276
422300,0.9984097050610928
422400,0.9984121298266746
422500,0.9984145508951509
422600,0.9984169682721588
422700,0.9984193819633267
422800,0.9984217919742746
422900,0.9984241983106138
423000,0.9984266009779471
423100,0.9984289999818688
423200,0.9984313953279644
423300,0.9984337870218114
423400,0.9984361750689781
423500,0.998438559475025
423600,0.9984409402455036
423700,0.9984433173859573
423800,0.9984456909019208
423900,0.9984480607989206
424000,0.9984504270824744
424100,0.9984527897580919
424200,0.9984551488312742
424300,0.998457504307514
424400,0.9984598561922956
424500,0.9984622044910951
424600,0.9984645492093801
424700,0.9984668903526098
424800,0.9984692279262354
424900,0.9984715619356994
425000,0.9984738923864362
425100,0.9984762192838719
425200,0.9984785426334244
425300,0.9984808624405032
425400,0.9984831787105094
425500,0.9984854914488364
425600,0.9984878006608688
425700,0.9984901063519835
425800,0.9984924085275487
425900,0.9984947071929247
426000,0.9984970023534636
426100,0.9984992940145094
426200,0.9985015821813977
426300,0.9985038668594564
426400,0.9985061480540046
426500,0.9985084257703541
426600,0.9985107000138082
426700,0.9985129707896617
426800,0.9985152381032022
426900,0.9985175019597085
427000,0.9985197623644517
427100,0.9985220193226949
427200,0.998524272839693
427300,0.998526522920693
427400,0.9985287695709337
427500,0.9985310127956463
427600,0.9985332526000537
427700,0.9985354889893708
427800,0.9985377219688049
427900,0.9985399515435549
428000,0.9985421777188123
428100,0.9985444004997601
428200,0.998546619891574
428300,0.9985488358994212
428400,0.9985510485284615
428500,0.9985532577838467
428600,0.9985554636707207
428700,0.9985576661942194
428800,0.998559865359471
428900,0.9985620611715962
429000,0.9985642536357074
429100,0.9985664427569094
429200,0.9985686285402994
429300,0.9985708109909663
429400,0.998572990113992
429500,0.99857516591445
429600,0.9985773383974063
429700,0.9985795075679192
429800,0.9985816734310395
429900,0.9985838359918098
430000,0.9985859952552654
430100,0.9985881512264337
430200,0.9985903039103347
430300,0.9985924533119804
430400,0.9985945994363755
430500,0.9985967422885169
430600,0.9985988818733937
430700,0.9986010181959879
430800,0.9986031512612734
430900,0.9986052810742168
431000,0.9986074076397767
431100,0.998609530962905
431200,0.9986116510485452
431300,0.9986137679016336
431400,0.998615881527099
431500,0.9986179919298627
431600,0.9986200991148384
431700,0.9986222030869323
431800,0.9986243038510432
431900,0.9986264014120624
432000,0.9986284957748738
432100,0.9986305869443537
432200,0.9986326749253711
432300,0.9986347597227876
432400,0.9986368413414571
432500,0.9986389197862267
432600,0.9986409950619353
432700,0.9986430671734151
432800,0.9986451361254907
432900,0.9986472019229793
433000,0.9986492645706907
433100,0.9986513240734275
433200,0.998653380435985
433300,0.9986554336631509
433400,0.9986574837597061
433500,0.9986595307304238
433600,0.99866157458007
433700,0.9986636153134035
433800,0.9986656529351758
433900,0.9986676874501313
434000,0.998669718863007
434100,0.9986717471785328
434200,0.9986737724014311
434300,0.9986757945364174
434400,0.9986778135882
434500,0.9986798295614799
434600,0.9986818424609509
434700,0.9986838522912999
434800,0.9986858590572063
434900,0.9986878627633426
435000,0.9986898634143742
435100,0.9986918610149591
435200,0.9986938555697485
435300,0.9986958470833865
435400,0.99869783556051
435500,0.9986998210057487
435600,0.9987018034237255
435700,0.9987037828190563
435800,0.9987057591963495
435900,0.998707732560207
436000,0.9987097029152233
436100,0.9987116702659863
436200,0.9987136346170765
436300,0.9987155959730676
436400,0.9987175543385263
436500,0.9987195097180124
436600,0.9987214621160787
436700,0.998723411537271
436800,0.9987253579861282
436900,0.9987273014671824
437000,0.9987292419849585
437100,0.9987311795439748
437200,0.9987331141487428
437300,0.9987350458037666
437400,0.9987369745135439
437500,0.9987389002825655
437600,0.998740823115315
437700,0.9987427430162696
437800,0.9987446599898995
437900,0.9987465740406679
438000,0.9987484851730315
438100,0.9987503933914401
438200,0.9987522987003365
438300,0.9987542011041572
438400,0.9987561006073314
438500,0.9987579972142819
438600,0.9987598909294246
438700,0.9987617817571689
438800,0.998763669701917
438900,0.9987655547680648
439000,0.9987674369600016
439100,0.9987693162821094
439200,0.9987711927387641
439300,0.9987730663343348
439400,0.9987749370731839
439500,0.9987768049596669
439600,0.998778669998133
439700,0.9987805321929247
439800,0.9987823915483778
439900,0.9987842480688214
440000,0.9987861017585783
440100,0.9987879526219644
440200,0.9987898006632892
440300,0.9987916458868555
440400,0.9987934882969597
440500,0.9987953278978915
440600,0.9987971646939342
440700,0.9987989986893644
440800,0.9988008298884523
440900,0.9988026582954617
441000,0.9988044839146495
441100,0.9988063067502665
441200,0.9988081268065568
441300,0.9988099440877583
441400,0.9988117585981021
441500,0.9988135703418131
441600,0.9988153793231095
441700,0.9988171855462034
441800,0.9988189890153002
441900,0.998820789734599
442000,0.9988225877082926
442100,0.9988243829405672
442200,0.9988261754356027
442300,0.9988279651975728
442400,0.9988297522306444
442500,0.9988315365389785
442600,0.9988333181267296
442700,0.9988350969980458
442800,0.998836873157069
442900,0.9988386466079345
443000,0.9988404173547718
443100,0.9988421854017036
443200,0.9988439507528465
443300,0.9988457134123109
443400,0.9988474733842009
443500,0.9988492306726143
443600,0.9988509852816426
443700,0.9988527372153714
443800,0.9988544864778793
443900,0.9988562330732397
444000,0.998857977005519
444100,0.9988597182787777
444200,0.9988614568970701
444300,0.9988631928644444
444400,0.9988649261849423
444500,0.9988666568625997
444600,0.9988683849014462
444700,0.9988701103055053
444800,0.9988718330787942
444900,0.9988735532253243
445000,0.9988752707491007
445100,0.9988769856541222
445200,0.9988786979443817
445300,0.9988804076238661
445400,0.9988821146965561
445500,0.9988838191664263
445600,0.9988855210374453
445700,0.9988872203135757
445800,0.998888916998774
445900,0.9988906110969905
446000,0.9988923026121699
446100,0.9988939915482504
446200,0.9988956779091646
446300,0.9988973616988387
446400,0.9988990429211934
446500,0.9989007215801429
446600,0.9989023976795959
446700,0.9989040712234549
446800,0.9989057422156163
446900,0.9989074106599711
447000,0.9989090765604037
447100,0.9989107399207929
447200,0.9989124007450118
447300,0.9989140590369271
447400,0.9989157148004001
447500,0.9989173680392858
447600,0.9989190187574336
447700,0.998920666958687
447800,0.9989223126468834
447900,0.9989239558258547
448000,0.9989255964994266
