x,y
0,0.0
100,0.00038139770355738456
200,0.0007626499429065348
300,0.0011437567735271825
400,0.0015247182508777435
500,0.001905534430395761
600,0.0022862053674973515
700,0.0026667311175777586
800,0.003047111736011021
900,0.0034273472781498615
1000,0.00380743779932613
1100,0.004187383354850471
1200,0.004567184000012436
1300,0.004946839790080593
1400,0.0053263507803021914
1500,0.005705717025903723
1600,0.006084938582090249
1700,0.006464015504046183
1800,0.006842947846934622
1900,0.007221735665897788
2000,0.00760037901605648
2100,0.007978877952511065
2200,0.008357232530340486
2300,0.0087354428046027
2400,0.009113508830334904
2500,0.009491430662553091
2600,0.00986920835625238
2700,0.010246841966406794
2800,0.010624331547969601
2900,0.011001677155872747
3000,0.011378878845027751
3100,0.011755936670324596
3200,0.012132850686632835
3300,0.012509620948800815
3400,0.012886247511655902
3500,0.013262730430005032
3600,0.013639069758633493
3700,0.014015265552306366
3800,0.014391317865767417
3900,0.014767226753739648
4000,0.015142992270925304
4100,0.015518614472005643
4200,0.015894093411641053
4300,0.01626942914447116
4400,0.016644621725114717
4500,0.017019671208169607
4600,0.01739457764821295
4700,0.017769341099800995
4800,0.01814396161746934
4900,0.018518439255732377
5000,0.018892774069084184
5100,0.019266966111997852
5200,0.019641015438925713
5300,0.020014922104299226
5400,0.0203886861625292
5500,0.020762307668005686
5600,0.021135786675097967
5700,0.02150912323815468
5800,0.021882317411503593
5900,0.022255369249451706
6000,0.022628278806285596
6100,0.023001046136270853
6200,0.02337367129365253
6300,0.023746154332654923
6400,0.024118495307481558
6500,0.024490694272315428
6600,0.024862751281318873
6700,0.025234666388633475
6800,0.025606439648380275
6900,0.02597807111465955
7000,0.026349560841551045
7100,0.026720908883113736
7200,0.027092115293386176
7300,0.027463180126386266
7400,0.027834103436111146
7500,0.028204885276537417
7600,0.02857552570162125
7700,0.028946024765298173
7800,0.029316382521483053
7900,0.029686599024070115
8000,0.030056674326933375
8100,0.030426608483925977
8200,0.030796401548880636
8300,0.03116605357560942
8400,0.03153556461790419
8500,0.03190493472953604
8600,0.03227416396425542
8700,0.032643252375792686
8800,0.03301220001785732
8900,0.03338100694413859
9000,0.03374967320830513
9100,0.034118198864005134
9200,0.03448658396486626
9300,0.034854828564495954
9400,0.035222932716481026
9500,0.035590896474387845
9600,0.03595871989176247
9700,0.036326403022130305
9800,0.03669394591899655
9900,0.03706134863584609
10000,0.03742861122614305
10100,0.03779573374333156
10200,0.038162716240835004
10300,0.03852955877205666
10400,0.03889626139037938
10500,0.03926282414916549
10600,0.0396292471017573
10700,0.0399955303014764
10800,0.040361673801624365
10900,0.04072767765548213
11000,0.04109354191631054
11100,0.04145926663735
11200,0.041824851871820834
11300,0.042190297672922705
11400,0.04255560409383541
11500,0.042920771187717977
11600,0.04328579900770946
11700,0.043650687606928695
11800,0.044015437038474214
11900,0.044380047355424
12000,0.04474451861083639
12100,0.04510885085774885
12200,0.045473044149179076
12300,0.04583709853812423
12400,0.0462010140775615
12500,0.04656479082044773
12600,0.04692842881971959
12700,0.04729192812829364
12800,0.04765528879906611
12900,0.04801851088491327
13000,0.048381594438690945
13100,0.0487445395132351
13200,0.04910734616136114
13300,0.04947001443586485
13400,0.04983254438952156
13500,0.050194936075086405
13600,0.050557189545294534
13700,0.050919304852861114
13800,0.05128128205048099
13900,0.05164312119082881
14000,0.05200482232655956
14100,0.0523663855103077
14200,0.05272781079468791
14300,0.053089098232294685
14400,0.053450247875702406
14500,0.05381125977746548
14600,0.05417213399011822
14700,0.05453287056617506
14800,0.054893469558130126
14900,0.05525393101845788
15000,0.05561425499961237
15100,0.055974441554027865
15200,0.05633449073411867
15300,0.05669440259227909
15400,0.05705417718088324
15500,0.05741381455228556
15600,0.05777331475882019
15700,0.05813267785280174
15800,0.05849190388652448
15900,0.05885099291226292
16000,0.05920994498227161
16100,0.05956876014878498
16200,0.059927438464017935
16300,0.06028597998016516
16400,0.06064438474940137
16500,0.06100265282388184
16600,0.06136078425574132
16700,0.06171877909709511
16800,0.06207663740003855
16900,0.062434359216647084
17000,0.06279194459897619
17100,0.06314939359906169
17200,0.06350670626891941
17300,0.06386388266054532
17400,0.06422092282591585
17500,0.0645778268169871
17600,0.06493459468569585
17700,0.06529122648395869
17800,0.06564772226367277
17900,0.06600408207671504
18000,0.06636030597494302
18100,0.06671639401019425
18200,0.0670723462342866
18300,0.06742816269901808
18400,0.06778384345616695
18500,0.06813938855749191
18600,0.06849479805473169
18700,0.06885007199960547
18800,0.06920521044381245
18900,0.06956021343903251
19000,0.06991508103692534
19100,0.07026981328913118
19200,0.07062441024727073
19300,0.07097887196294483
19400,0.07133319848773445
19500,0.07168738987320133
19600,0.07204144617088704
19700,0.072395367432314
19800,0.0727491537089845
19900,0.07310280505238165
20000,0.07345632151396853
20100,0.07380970314518875
20200,0.07416294999746631
20300,0.07451606212220574
20400,0.0748690395707916
20500,0.07522188239458916
20600,0.0755745906449441
20700,0.07592716437318225
20800,0.07627960363061015
20900,0.07663190846851453
21000,0.07698407893816284
21100,0.07733611509080285
21200,0.07768801697766259
21300,0.07803978464995087
21400,0.07839141815885664
21500,0.07874291755554974
21600,0.07909428289118003
21700,0.07944551421687829
21800,0.0797966115837555
21900,0.08014757504290315
22000,0.0804984046453936
22100,0.08084910044227922
22200,0.08119966248459332
22300,0.08155009082334952
22400,0.08190038550954204
22500,0.08225054659414566
22600,0.08260057412811572
22700,0.08295046816238816
22800,0.08330022874787946
22900,0.08364985593548668
23000,0.08399934977608736
23100,0.08434871032053992
23200,0.08469793761968303
23300,0.08504703172433625
23400,0.08539599268529974
23500,0.08574482055335397
23600,0.08609351537926047
23700,0.08644207721376107
23800,0.08679050610757844
23900,0.08713880211141578
24000,0.08748696527595723
24100,0.08783499565186725
24200,0.08818289328979101
24300,0.08853065824035478
24400,0.08887829055416485
24500,0.08922579028180888
24600,0.08957315747385475
24700,0.08992039218085124
24800,0.09026749445332793
24900,0.09061446434179499
25000,0.09096130189674334
25100,0.09130800716864473
25200,0.0916545802079517
25300,0.09200102106509733
25400,0.09234732979049554
25500,0.09269350643454122
25600,0.09303955104760986
25700,0.09338546368005773
25800,0.09373124438222202
25900,0.09407689320442048
26000,0.09442241019695197
26100,0.09476779541009583
26200,0.09511304889411276
26300,0.09545817069924356
26400,0.0958031608757105
26500,0.09614801947371643
26600,0.09649274654344497
26700,0.09683734213506079
26800,0.09718180629870932
26900,0.0975261390845169
27000,0.0978703405425907
27100,0.09821441072301884
27200,0.0985583496758703
27300,0.0989021574511949
27400,0.09924583409902354
27500,0.09958937966936798
27600,0.0999327942122209
27700,0.10027607777755565
27800,0.10061923041532705
27900,0.10096225217547028
28000,0.10130514310790206
28100,0.1016479032625196
28200,0.10199053268920133
28300,0.10233303143780648
28400,0.1026753995581755
28500,0.10301763710012957
28600,0.10335974411347115
28700,0.10370172064798344
28800,0.10404356675343074
28900,0.10438528247955847
29000,0.10472686787609309
29100,0.10506832299274182
29200,0.10540964787919316
29300,0.10575084258511669
29400,0.10609190716016292
29500,0.10643284165396338
29600,0.10677364611613094
29700,0.10711432059625925
29800,0.1074548651439231
29900,0.10779527980867865
30000,0.10813556464006269
30100,0.10847571968759351
30200,0.1088157450007704
30300,0.10915564062907368
30400,0.10949540662196477
30500,0.10983504302888658
30600,0.11017454989926267
30700,0.11051392728249809
30800,0.11085317522797877
30900,0.11119229378507223
31000,0.11153128300312676
31100,0.11187014293147202
31200,0.11220887361941878
31300,0.11254747511625895
31400,0.1128859474712659
31500,0.11322429073369389
31600,0.11356250495277864
31700,0.1139005901777368
31800,0.11423854645776665
31900,0.11457637384204733
32000,0.1149140723797395
32100,0.11525164211998484
32200,0.11558908311190652
32300,0.1159263954046088
32400,0.11626357904717721
32500,0.11660063408867871
32600,0.1169375605781614
32700,0.11727435856465473
32800,0.11761102809716939
32900,0.11794756922469751
33000,0.11828398199621248
33100,0.11862026646066892
33200,0.1189564226670029
33300,0.11929245066413174
33400,0.11962835050095422
33500,0.11996412222635022
33600,0.12029976588918123
33700,0.12063528153829006
33800,0.12097066922250077
33900,0.12130592899061898
34000,0.12164106089143145
34100,0.12197606497370661
34200,0.12231094128619413
34300,0.12264568987762503
34400,0.12298031079671201
34500,0.12331480409214879
34600,0.12364916981261087
34700,0.123983408006755
34800,0.12431751872321939
34900,0.1246515020106238
35000,0.12498535791756948
35100,0.1253190864926388
35200,0.1256526877843961
35300,0.12598616184138667
35400,0.12631950871213782
35500,0.12665272844515796
35600,0.1269858210889372
35700,0.12731878669194696
35800,0.1276516253026403
35900,0.127984336969452
36000,0.1283169217407979
36100,0.12864937966507584
36200,0.128981710790665
36300,0.12931391516592594
36400,0.12964599283920109
36500,0.12997794385881423
36600,0.13030976827307084
36700,0.13064146613025784
36800,0.13097303747864375
36900,0.13130448236647896
37000,0.131635800841995
37100,0.1319669929534053
37200,0.132298058748905
37300,0.13262899827667052
37400,0.13295981158486003
37500,0.13329049872161358
37600,0.13362105973505267
37700,0.13395149467328016
37800,0.13428180358438113
37900,0.13461198651642192
38000,0.13494204351745076
38100,0.13527197463549723
38200,0.13560177991857303
38300,0.13593145941467122
38400,0.13626101317176675
38500,0.13659044123781605
38600,0.13691974366075754
38700,0.137248920488511
38800,0.13757797176897846
38900,0.13790689755004315
39000,0.13823569787957024
39100,0.1385643728054068
39200,0.1388929223753813
39300,0.13922134663730446
39400,0.1395496456389682
39500,0.1398778194281467
39600,0.1402058680525956
39700,0.14053379156005252
39800,0.14086158999823672
39900,0.1411892634148494
40000,0.14151681185757348
40100,0.14184423537407365
40200,0.14217153401199656
40300,0.14249870781897056
40400,0.142825756842606
40500,0.14315268113049484
40600,0.143479480730211
40700,0.14380615568931032
40800,0.14413270605533046
40900,0.14445913187579085
41000,0.14478543319819293
41100,0.14511161007002005
41200,0.14543766253873724
41300,0.14576359065179167
41400,0.14608939445661218
41500,0.14641507400060982
41600,0.14674062933117726
41700,0.14706606049568915
41800,0.1473913675415024
41900,0.14771655051595523
42000,0.14804160946636846
42100,0.1483665444400445
42200,0.14869135548426782
42300,0.14901604264630464
42400,0.1493406059734036
42500,0.14966504551279491
42600,0.14998936131169094
42700,0.15031355341728603
42800,0.15063762187675656
42900,0.1509615667372609
43000,0.15128538804593927
43100,0.15160908584991417
43200,0.15193266019629004
43300,0.15225611113215332
43400,0.15257943870457236
43500,0.15290264296059775
43600,0.1532257239472622
43700,0.1535486817115802
43800,0.15387151630054852
43900,0.1541942277611461
44000,0.15451681614033363
44100,0.1548392814850541
44200,0.15516162384223264
44300,0.1554838432587764
44400,0.15580593978157475
44500,0.15612791345749888
44600,0.1564497643334024
44700,0.156771492456121
44800,0.1570930978724724
44900,0.1574145806292565
45000,0.15773594077325548
45100,0.15805717835123356
45200,0.15837829340993703
45300,0.15869928599609462
45400,0.15902015615641696
45500,0.15934090393759692
45600,0.15966152938630984
45700,0.15998203254921284
45800,0.1603024134729456
45900,0.16062267220412974
46000,0.16094280878936928
46100,0.16126282327525032
46200,0.16158271570834137
46300,0.1619024861351931
46400,0.16222213460233836
46500,0.16254166115629232
46600,0.1628610658435523
46700,0.16318034871059817
46800,0.1634995098038916
46900,0.16381854916987715
47000,0.1641374668549811
47100,0.16445626290561222
47200,0.16477493736816184
47300,0.16509349028900322
47400,0.16541192171449226
47500,0.16573023169096668
47600,0.1660484202647472
47700,0.16636648748213634
47800,0.16668443338941918
47900,0.16700225803286306
48000,0.16731996145871786
48100,0.1676375437132157
48200,0.16795500484257087
48300,0.16827234489298037
48400,0.1685895639106234
48500,0.1689066619416616
48600,0.16922363903223892
48700,0.1695404952284818
48800,0.16985723057649915
48900,0.1701738451223821
49000,0.17049033891220433
49100,0.1708067119920219
49200,0.17112296440787345
49300,0.17143909620577968
49400,0.17175510743174438
49500,0.17207099813175308
49600,0.17238676835177424
49700,0.17270241813775855
49800,0.17301794753563948
49900,0.17333335659133264
50000,0.1736486453507362
50100,0.17396381385973103
50200,0.1742788621641802
50300,0.17459379030992972
50400,0.17490859834280748
50500,0.1752232863086246
50600,0.17553785425317414
50700,0.17585230222223203
50800,0.17616663026155654
50900,0.17648083841688877
51000,0.17679492673395214
51100,0.17710889525845264
51200,0.17742274403607894
51300,0.17773647311250218
51400,0.17805008253337606
51500,0.17836357234433708
51600,0.17867694259100408
51700,0.1789901933189787
51800,0.179303324573845
51900,0.1796163364011697
52000,0.17992922884650242
52100,0.18024200195537488
52200,0.180554655773302
52300,0.18086719034578091
52400,0.1811796057182915
52500,0.1814919019362966
52600,0.1818040790452412
52700,0.1821161370905534
52800,0.18242807611764378
52900,0.18273989617190556
53000,0.18305159729871467
53100,0.18336317954342995
53200,0.18367464295139246
53300,0.1839859875679265
53400,0.18429721343833882
53500,0.18460832060791887
53600,0.18491930912193888
53700,0.18523017902565375
53800,0.1855409303643013
53900,0.18585156318310192
54000,0.18616207752725866
54100,0.18647247344195772
54200,0.18678275097236774
54300,0.18709291016364027
54400,0.18740295106090932
54500,0.18771287370929224
54600,0.18802267815388884
54700,0.18833236443978163
54800,0.1886419326120362
54900,0.18895138271570078
55000,0.18926071479580653
55100,0.18956992889736712
55200,0.18987902506537957
55300,0.19018800334482333
55400,0.19049686378066089
55500,0.1908056064178375
55600,0.19111423130128136
55700,0.1914227384759033
55800,0.19173112798659742
55900,0.19203939987824026
56000,0.1923475541956916
56100,0.19265559098379392
56200,0.19296351028737269
56300,0.19327131215123605
56400,0.19357899662017553
56500,0.19388656373896507
56600,0.19419401355236188
56700,0.19450134610510583
56800,0.19480856144191994
56900,0.1951156596075101
57000,0.19542264064656512
57100,0.19572950460375682
57200,0.19603625152374005
57300,0.1963428814511523
57400,0.19664939443061435
57500,0.19695579050673007
57600,0.1972620697240859
57700,0.1975682321272516
57800,0.19787427776077982
57900,0.19818020666920622
58000,0.19848601889704942
58100,0.19879171448881128
58200,0.19909729348897642
58300,0.19940275594201273
58400,0.19970810189237087
58500,0.20001333138448474
58600,0.20031844446277125
58700,0.20062344117163033
58800,0.20092832155544516
58900,0.20123308565858167
59000,0.20153773352538917
59100,0.20184226520019988
59200,0.2021466807273291
59300,0.20245098015107543
59400,0.20275516351572032
59500,0.20305923086552846
59600,0.2033631822447476
59700,0.20366701769760875
59800,0.20397073726832593
59900,0.20427434100109632
60000,0.20457782894010024
60100,0.20488120112950114
60200,0.20518445761344573
60300,0.20548759843606368
60400,0.20579062364146816
60500,0.20609353327375501
60600,0.20639632737700386
60700,0.20669900599527702
60800,0.20700156917262025
60900,0.20730401695306244
61000,0.20760634938061573
61100,0.20790856649927547
61200,0.20821066835302016
61300,0.20851265498581162
61400,0.20881452644159482
61500,0.20911628276429794
61600,0.20941792399783266
61700,0.20971945018609361
61800,0.21002086137295872
61900,0.21032215760228934
62000,0.21062333891793006
62100,0.2109244053637086
62200,0.21122535698343603
62300,0.21152619382090698
62400,0.21182691591989888
62500,0.21212752332417284
62600,0.21242801607747308
62700,0.2127283942235273
62800,0.2130286578060464
62900,0.21332880686872469
63000,0.21362884145523975
63100,0.21392876160925256
63200,0.21422856737440732
63300,0.2145282587943318
63400,0.21482783591263688
63500,0.21512729877291703
63600,0.21542664741874995
63700,0.2157258818936968
63800,0.21602500224130206
63900,0.2163240085050937
64000,0.21662290072858303
64100,0.2169216789552646
64200,0.21722034322861672
64300,0.21751889359210075
64400,0.21781733008916182
64500,0.2181156527632282
64600,0.21841386165771182
64700,0.21871195681600797
64800,0.21900993828149518
64900,0.21930780609753586
65000,0.21960556030747547
65100,0.2199032009546431
65200,0.22020072808235158
65300,0.2204981417338967
65400,0.22079544195255818
65500,0.22109262878159897
65600,0.22138970226426558
65700,0.2216866624437882
65800,0.2219835093633803
65900,0.22228024306623895
66000,0.22257686359554474
66100,0.2228733709944618
66200,0.22316976530613786
66300,0.22346604657370406
66400,0.22376221484027525
66500,0.22405827014894963
66600,0.2243542125428093
66700,0.22465004206491945
66800,0.22494575875832923
66900,0.2252413626660712
67000,0.22553685383116173
67100,0.22583223229660032
67200,0.2261274981053707
67300,0.22642265130043948
67400,0.22671769192475755
67500,0.2270126200212591
67600,0.22730743563286182
67700,0.22760213880246738
67800,0.2278967295729608
67900,0.22819120798721082
68000,0.22848557408807002
68100,0.22877982791837426
68200,0.22907396952094328
68300,0.22936799893858062
68400,0.2296619162140734
68500,0.22995572139019216
68600,0.2302494145096915
68700,0.23054299561530944
68800,0.23083646474976793
68900,0.23112982195577259
69000,0.23142306727601236
69100,0.23171620075316057
69200,0.23200922242987365
69300,0.23230213234879227
69400,0.23259493055254032
69500,0.23288761708372596
69600,0.23318019198494067
69700,0.23347265529876005
69800,0.23376500706774306
69900,0.23405724733443278
70000,0.23434937614135587
70100,0.23464139353102287
70200,0.23493329954592812
70300,0.23522509422854954
70400,0.23551677762134915
70500,0.23580834976677256
70600,0.23609981070724928
70700,0.2363911604851926
70800,0.2366823991429997
70900,0.2369735267230516
71000,0.23726454326771296
71100,0.23755544881933244
71200,0.23784624342024263
71300,0.2381369271127598
71400,0.23842749993918422
71500,0.23871796194179995
71600,0.23900831316287485
71700,0.2392985536446608
71800,0.23958868342939355
71900,0.23987870255929267
72000,0.24016861107656173
72100,0.240458409023388
72200,0.24074809644194284
72300,0.24103767337438142
72400,0.24132713986284315
72500,0.24161649594945078
72600,0.24190574167631151
72700,0.24219487708551624
72800,0.24248390221913985
72900,0.24277281711924126
73000,0.24306162182786328
73100,0.24335031638703264
73200,0.24363890083876005
73300,0.24392737522504038
73400,0.24421573958785214
73500,0.24450399396915823
73600,0.2447921384109052
73700,0.24508017295502382
73800,0.24536809764342882
73900,0.24565591251801877
74000,0.2459436176206765
74100,0.24623121299326878
74200,0.24651869867764642
74300,0.2468060747156443
74400,0.2470933411490811
74500,0.24738049801976003
74600,0.24766754536946778
74700,0.2479544832399756
74800,0.24824131167303853
74900,0.24852803071039586
75000,0.24881464039377066
75100,0.24910114076487044
75200,0.24938753186538665
75300,0.24967381373699482
75400,0.24995998642135453
75500,0.2502460499601096
75600,0.2505320043948879
75700,0.2508178497673015
75800,0.25110358611894645
75900,0.2513892134914031
76000,0.2516747319262358
76100,0.2519601414649931
76200,0.25224544214920785
76300,0.25253063402039677
76400,0.2528157171200609
76500,0.2531006914896855
76600,0.25338555717073996
76700,0.2536703142046779
76800,0.25395496263293704
76900,0.2542395024969393
77000,0.2545239338380907
77100,0.25480825669778195
77200,0.2550924711173873
77300,0.2553765771382659
77400,0.2556605748017604
77500,0.25594446414919825
77600,0.2562282452218909
77700,0.25651191806113427
77800,0.25679548270820807
77900,0.25707893920437663
78000,0.2573622875908885
78100,0.25764552790897655
78200,0.2579286601998576
78300,0.2582116845047332
78400,0.2584946008647888
78500,0.25877740932119453
78600,0.2590601099151043
78700,0.2593427026876568
78800,0.2596251876799748
78900,0.25990756493316536
79000,0.2601898344883201
79100,0.26047199638651475
79200,0.2607540506688093
79300,0.2610359973762484
79400,0.2613178365498606
79500,0.26159956823065933
79600,0.26188119245964203
79700,0.2621627092777905
79800,0.262444118726071
79900,0.26272542084543415
80000,0.26300661567681494
80100,0.2632877032611328
80200,0.26356868363929153
80300,0.26384955685217937
80400,0.26413032294066874
80500,0.26441098194561674
80600,0.2646915339078647
80700,0.26497197886823864
80800,0.2652523168675487
80900,0.26553254794658954
81000,0.26581267214614035
81100,0.26609268950696485
81200,0.2663726000698109
81300,0.266652403875411
81400,0.2669321009644824
81500,0.26721169137772616
81600,0.26749117515582843
81700,0.26777055233945957
81800,0.2680498229692745
81900,0.26832898708591246
82000,0.26860804472999744
82100,0.2688869959421377
82200,0.2691658407629264
82300,0.26944457923294074
82400,0.2697232113927428
82500,0.2700017372828789
82600,0.2702801569438801
82700,0.270558470416262
82800,0.27083667774052467
82900,0.27111477895715275
83000,0.27139277410661544
83100,0.2716706632293665
83200,0.27194844636584437
83300,0.2722261235564719
83400,0.2725036948416566
83500,0.27278116026179045
83600,0.27305851985725027
83700,0.27333577366839745
83800,0.2736129217355776
83900,0.2738899640991215
84000,0.27416690079934414
84100,0.27444373187654525
84200,0.27472045737100914
84300,0.27499707732300505
84400,0.27527359177278654
84500,0.2755500007605918
84600,0.2758263043266439
84700,0.2761025025111504
84800,0.27637859535430365
84900,0.27665458289628053
85000,0.27693046517724274
85100,0.2772062422373365
85200,0.27748191411669276
85300,0.2777574808554274
85400,0.27803294249364063
85500,0.27830829907141774
85600,0.27858355062882834
85700,0.27885869720592704
85800,0.27913373884275317
85900,0.2794086755793306
86000,0.27968350745566806
86100,0.27995823451175905
86200,0.2802328567875817
86300,0.280507374323099
86400,0.28078178715825863
86500,0.28105609533299325
86600,0.28133029888721983
86700,0.28160439786084057
86800,0.28187839229374223
86900,0.28215228222579636
87000,0.2824260676968594
87100,0.2826997487467725
87200,0.2829733254153616
87300,0.28324679774243766
87400,0.28352016576779615
87500,0.28379342953121744
87600,0.28406658907246707
87700,0.2843396444312949
87800,0.2846125956474358
87900,0.2848854427606098
88000,0.28515818581052144
88100,0.2854308248368601
88200,0.2857033598793003
88300,0.28597579097750114
88400,0.28624811817110674
88500,0.28652034149974603
88600,0.286792461003033
88700,0.28706447672056634
88800,0.28733638869192957
88900,0.2876081969566915
89000,0.28787990155440535
89100,0.2881515025246095
89200,0.2884229999068275
89300,0.2886943937405674
89400,0.2889656840653222
89500,0.28923687092057027
89600,0.2895079543457745
89700,0.2897789343803828
89800,0.2900498110638282
89900,0.29032058443552866
90000,0.290591254534887
90100,0.2908618214012909
90200,0.2911322850741134
90300,0.2914026455927121
90400,0.2916729029964299
90500,0.2919430573245946
90600,0.29221310861651895
90700,0.29248305691150056
90800,0.29275290224882256
90900,0.29302264466775263
91000,0.2932922842075434
91100,0.293561820907433
91200,0.2938312548066442
91300,0.29410058594438504
91400,0.2943698143598483
91500,0.29463894009221236
91600,0.29490796318063994
91700,0.2951768836642795
91800,0.29544570158226413
91900,0.29571441697371226
92000,0.29598302987772707
92100,0.2962515403333972
92200,0.2965199483797961
92300,0.2967882540559825
92400,0.2970564574010002
92500,0.29732455845387795
92600,0.2975925572536299
92700,0.29786045383925497
92800,0.2981282482497376
92900,0.29839594052404694
93000,0.2986635307011377
93100,0.2989310188199493
93200,0.29919840491940675
93300,0.29946568903841986
93400,0.2997328712158839
93500,0.29999995149067893
93600,0.3002669299016705
93700,0.3005338064877091
93800,0.30080058128763076
93900,0.3010672543402564
94000,0.30133382568439204
94100,0.3016002953588294
94200,0.3018666634023447
94300,0.3021329298536999
94400,0.30239909475164206
94500,0.30266515813490336
94600,0.30293112004220135
94700,0.30319698051223865
94800,0.30346273958370307
94900,0.3037283972952681
95000,0.3039939536855919
95100,0.30425940879331836
95200,0.3045247626570763
95300,0.3047900153154799
95400,0.30505516680712885
95500,0.30532021717060764
95600,0.30558516644448663
95700,0.30585001466732087
95800,0.3061147618776512
95900,0.30637940811400344
96000,0.3066439534148889
96100,0.3069083978188042
96200,0.307172741364231
96300,0.3074369840896367
96400,0.30770112603347377
96500,0.30796516723418
96600,0.30822910773017864
96700,0.3084929475598782
96800,0.30875668676167267
96900,0.3090203253739412
97000,0.30928386343504843
97100,0.3095473009833444
97200,0.30981063805716436
97300,0.31007387469482917
97400,0.31033701093464483
97500,0.31060004681490294
97600,0.3108629823738803
97700,0.3111258176498394
97800,0.3113885526810277
97900,0.31165118750567855
98000,0.3119137221620103
98100,0.3121761566882272
98200,0.3124384911225183
98300,0.3127007255030587
98400,0.31296285986800854
98500,0.3132248942555135
98600,0.3134868287037049
98700,0.3137486632506993
98800,0.3140103979345986
98900,0.3142720327934907
99000,0.3145335678654484
99100,0.31479500318853015
99200,0.3150563388007801
99300,0.3153175747402277
99400,0.315578711044888
99500,0.31583974775276125
99600,0.31610068490183363
99700,0.31636152253007666
99800,0.3166222606754472
99900,0.31688289937588776
100000,0.3171434386693267
100100,0.31740387859367736
100200,0.31766421918683885
100300,0.3179244604866961
100400,0.31818460253111913
100500,0.3184446453579639
100600,0.3187045890050717
100700,0.3189644335102694
100800,0.31922417891136945
100900,0.31948382524617014
101000,0.3197433725524549
101100,0.32000282086799314
101200,0.3202621702305396
101300,0.32052142067783485
101400,0.3207805722476048
101500,0.3210396249775611
101600,0.32129857890540126
101700,0.3215574340688079
101800,0.32181619050544963
101900,0.3220748482529807
102000,0.3223334073490408
102100,0.3225918678312555
102200,0.32285022973723576
102300,0.32310849310457845
102400,0.32336665797086594
102500,0.3236247243736662
102600,0.32388269235053313
102700,0.3241405619390061
102800,0.32439833317661015
102900,0.3246560061008562
103000,0.3249135807492406
103100,0.32517105715924566
103200,0.3254284353683392
103300,0.32568571541397495
103400,0.32594289733359194
103500,0.32619998116461557
103600,0.32645696694445636
103700,0.32671385471051084
103800,0.3269706445001612
103900,0.3272273363507756
104000,0.3274839302997077
104100,0.3277404263842969
104200,0.3279968246418684
104300,0.32825312510973326
104400,0.3285093278251884
104500,0.32876543282551607
104600,0.32902144014798473
104700,0.3292773498298486
104800,0.32953316190834747
104900,0.3297888764207071
105000,0.3300444934041389
105100,0.3303000128958402
105200,0.3305554349329941
105300,0.33081075955276973
105400,0.3310659867923217
105500,0.3313211166887905
105600,0.3315761492793028
105700,0.33183108460097066
105800,0.3320859226908923
105900,0.33234066358615166
106000,0.3325953073238186
106100,0.3328498539409488
106200,0.33310430347458375
106300,0.33335865596175085
106400,0.3336129114394635
106500,0.3338670699447208
106600,0.33412113151450784
106700,0.33437509618579564
106800,0.3346289639955411
106900,0.33488273498068677
107000,0.33513640917816157
107100,0.33538998662487995
107200,0.33564346735774253
107300,0.3358968514136357
107400,0.3361501388294318
107500,0.33640332964198916
107600,0.3366564238881521
107700,0.3369094216047507
107800,0.33716232282860126
107900,0.3374151275965057
108000,0.3376678359452523
108100,0.337920447911615
108200,0.33817296353235393
108300,0.33842538284421486
108400,0.33867770588393
108500,0.33892993268821725
108600,0.33918206329378053
108700,0.3394340977373098
108800,0.3396860360554812
108900,0.3399378782849565
109000,0.3401896244623839
109100,0.3404412746243973
109200,0.34069282880761687
109300,0.34094428704864854
109400,0.34119564938408464
109500,0.34144691585050313
109600,0.3416980864844684
109700,0.3419491613225307
109800,0.34220014040122637
109900,0.3424510237570778
110000,0.3427018114265934
110100,0.3429525034462677
110200,0.34320309985258146
110300,0.34345360068200137
110400,0.34370400597098016
110500,0.3439543157559568
110600,0.34420453007335616
110700,0.34445464895958966
110800,0.3447046724510542
110900,0.3449546005841333
111000,0.34520443339519635
111100,0.34545417092059905
111200,0.345703813196683
111300,0.3459533602597762
111400,0.34620281214619253
111500,0.3464521688922323
111600,0.3467014305341818
111700,0.34695059710831344
111800,0.3471996686508858
111900,0.3474486451981439
112000,0.3476975267863186
112100,0.3479463134516272
112200,0.3481950052302729
112300,0.3484436021584454
112400,0.34869210427232034
112500,0.3489405116080596
112600,0.34918882420181163
112700,0.3494370420897106
112800,0.3496851653078771
112900,0.34993319389241795
113000,0.35018112787942635
113100,0.3504289673049814
113200,0.35067671220514873
113300,0.35092436261598003
113400,0.3511719185735134
113500,0.35141938011377305
113600,0.3516667472727696
113700,0.35191402008649963
113800,0.3521611985909464
113900,0.35240828282207926
114000,0.35265527281585374
114100,0.3529021686082118
114200,0.3531489702350816
114300,0.3533956777323777
114400,0.3536422911360009
114500,0.3538888104818383
114600,0.3541352358057632
114700,0.35438156714363567
114800,0.3546278045313014
114900,0.35487394800459293
115000,0.3551199975993291
115100,0.3553659533513148
115200,0.35561181529634156
115300,0.35585758347018714
115400,0.3561032579086155
115500,0.3563488386473773
115600,0.3565943257222093
115700,0.3568397191688346
115800,0.35708501902296297
115900,0.35733022532029035
116000,0.357575338096499
116100,0.3578203573872576
116200,0.3580652832282215
116300,0.358310115655032
116400,0.35855485470331727
116500,0.35879950040869146
116600,0.35904405280675544
116700,0.3592885119330964
116800,0.359532877823288
116900,0.3597771505128903
117000,0.3600213300374496
117100,0.3602654164324991
117200,0.36050940973355805
117300,0.3607533099761322
117400,0.36099711719571403
117500,0.3612408314277822
117600,0.36148445270780194
117700,0.36172798107122484
117800,0.3619714165534893
117900,0.3622147591900198
118000,0.3624580090162275
118100,0.36270116606751024
118200,0.36294423037925183
118300,0.3631872019868232
118400,0.3634300809255815
118500,0.3636728672308702
118600,0.3639155609380196
118700,0.3641581620823465
118800,0.36440067069915405
118900,0.36464308682373203
119000,0.3648854104913568
119100,0.3651276417372912
119200,0.3653697805967847
119300,0.36561182710507323
119400,0.36585378129737933
119500,0.3660956432089122
119600,0.36633741287486743
119700,0.3665790903304271
119800,0.36682067561076037
119900,0.3670621687510225
120000,0.3673035697863555
120100,0.367544878751888
120200,0.3677860956827351
120300,0.36802722061399884
120400,0.36826825358076754
120500,0.36850919461811615
120600,0.3687500437611064
120700,0.36899080104478665
120800,0.3692314665041918
120900,0.36947204017434343
121000,0.36971252209024963
121100,0.3699529122869054
121200,0.37019321079929224
121300,0.37043341766237836
121400,0.3706735329111184
121500,0.370913556580454
121600,0.3711534887053134
121700,0.3713933293206112
121800,0.37163307846124927
121900,0.3718727361621156
122000,0.37211230245808513
122100,0.3723517773840196
122200,0.3725911609747673
122300,0.3728304532651632
122400,0.3730696542900289
122500,0.37330876408417324
122600,0.3735477826823911
122700,0.3737867101194645
122800,0.37402554643016206
122900,0.37426429164923924
123000,0.37450294581143817
123100,0.3747415089514876
123200,0.37497998110410324
123300,0.37521836230398764
123400,0.3754566525858297
123500,0.3756948519843055
123600,0.3759329605340779
123700,0.37617097826979606
123800,0.3764089052260964
123900,0.376646741437602
124000,0.37688448693892285
124100,0.3771221417646553
124200,0.37735970594938306
124300,0.37759717952767635
124400,0.3778345625340921
124500,0.3780718550031744
124600,0.37830905696945394
124700,0.37854616846744826
124800,0.3787831895316618
124900,0.3790201201965856
125000,0.3792569604966981
125100,0.37949371046646385
125200,0.37973037014033495
125300,0.37996693955274985
125400,0.3802034187381341
125500,0.38043980773090014
125600,0.38067610656544715
125700,0.3809123152761613
125800,0.3811484338974157
125900,0.38138446246357016
126000,0.38162040100897154
126100,0.3818562495679535
126200,0.3820920081748367
126300,0.38232767686392855
126400,0.38256325566952365
126500,0.38279874462590324
126600,0.3830341437673357
126700,0.38326945312807625
126800,0.3835046727423669
126900,0.38373980264443686
127000,0.38397484286850214
127100,0.3842097934487657
127200,0.38444465441941744
127300,0.38467942581463443
127400,0.38491410766858036
127500,0.38514870001540613
127600,0.38538320288924954
127700,0.3856176163242354
127800,0.38585194035447556
127900,0.3860861750140686
128000,0.3863203203371004
128100,0.38655437635764367
128200,0.3867883431097583
128300,0.3870222206274908
128400,0.3872560089448752
128500,0.3874897080959323
128600,0.38772331811466976
128700,0.3879568390350826
128800,0.38819027089115266
128900,0.38842361371684897
129000,0.38865686754612727
129100,0.38889003241293074
129200,0.3891231083511896
129300,0.38935609539482074
129400,0.38958899357772847
129500,0.3898218029338041
129600,0.39005452349692604
129700,0.3902871553009595
129800,0.3905196983797572
129900,0.3907521527671587
130000,0.39098451849699056
130100,0.39121679560306677
130200,0.39144898411918805
130300,0.3916810840791426
130400,0.3919130955167054
130500,0.39214501846563865
130600,0.3923768529596918
130700,0.39260859903260137
130800,0.39284025671809086
130900,0.3930718260498711
131000,0.39330330706163996
131100,0.39353469978708255
131200,0.39376600425987107
131300,0.3939972205136648
131400,0.3942283485821103
131500,0.3944593884988413
131600,0.3946903402974786
131700,0.3949212040116302
131800,0.3951519796748916
131900,0.3953826673208448
132000,0.39561326698305965
132100,0.3958437786950929
132200,0.3960742024904885
132300,0.3963045384027778
132400,0.396534786465479
132500,0.39676494671209783
132600,0.39699501917612723
132700,0.3972250038910471
132800,0.397454900890325
132900,0.39768471020741514
133000,0.3979144318757596
133100,0.39814406592878726
133200,0.3983736123999144
133300,0.3986030713225447
133400,0.3988324427300687
133500,0.3990617266558647
133600,0.39929092313329795
133700,0.39952003219572096
133800,0.39974905387647386
133900,0.39997798820888353
134000,0.40020683522626455
134100,0.4004355949619187
134200,0.40066426744913497
134300,0.4008928527211898
134400,0.4011213508113468
134500,0.40134976175285697
134600,0.4015780855789586
134700,0.40180632232287716
134800,0.40203447201782583
134900,0.4022625346970047
135000,0.4024905103936015
135100,0.4027183991407912
135200,0.40294620097173606
135300,0.4031739159195856
135400,0.4034015440174771
135500,0.4036290852985347
135600,0.40385653979587033
135700,0.40408390754258294
135800,0.4043111885717592
135900,0.4045383829164727
136000,0.40476549060978506
136100,0.4049925116847446
136200,0.40521944617438754
136300,0.40544629411173727
136400,0.4056730555298046
136500,0.4058997304615878
136600,0.4061263189400727
136700,0.4063528209982321
136800,0.40657923666902673
136900,0.4068055659854045
137000,0.40703180898030067
137100,0.4072579656866382
137200,0.4074840361373273
137300,0.4077100203652656
137400,0.4079359184033384
137500,0.40816173028441827
137600,0.40838745604136517
137700,0.40861309570702675
137800,0.4088386493142381
137900,0.40906411689582156
138000,0.4092894984845872
138100,0.40951479411333236
138200,0.4097400038148422
138300,0.4099651276218891
138400,0.41019016556723287
138500,0.41041511768362116
138600,0.41063998400378876
138700,0.4108647645604583
138800,0.4110894593863397
138900,0.41131406851413055
139000,0.41153859197651577
139100,0.4117630298061682
139200,0.4119873820357477
139300,0.41221164869790206
139400,0.4124358298252665
139500,0.4126599254504637
139600,0.41288393560610415
139700,0.41310786032478575
139800,0.4133316996390938
139900,0.4135554535816014
140000,0.4137791221848691
140100,0.41400270548144524
140200,0.4142262035038655
140300,0.41444961628465327
140400,0.4146729438563195
140500,0.4148961862513627
140600,0.4151193435022691
140700,0.41534241564151253
140800,0.4155654027015543
140900,0.4157883047148434
141000,0.4160111217138166
141100,0.41623385373089805
141200,0.4164565007984996
141300,0.416679062949021
141400,0.41690154021484915
141500,0.4171239326283591
141600,0.41734624022191324
141700,0.41756846302786177
141800,0.4177906010785424
141900,0.41801265440628055
142000,0.41823462304338943
142100,0.41845650702216997
142200,0.41867830637491044
142300,0.41890002113388725
142400,0.41912165133136403
142500,0.41934319699959244
142600,0.4195646581708119
142700,0.4197860348772491
142800,0.4200073271511189
142900,0.42022853502462354
143000,0.4204496585299533
143100,0.4206706976992859
143200,0.4208916525647869
143300,0.4211125231586097
143400,0.42133330951289516
143500,0.42155401165977213
143600,0.42177462963135715
143700,0.4219951634597543
143800,0.4222156131770559
143900,0.42243597881534145
144000,0.4226562604066787
144100,0.4228764579831229
144200,0.4230965715767171
144300,0.4233166012194921
144400,0.42353654694346665
144500,0.42375640878064724
144600,0.42397618676302806
144700,0.424195880922591
144800,0.42441549129130607
144900,0.4246350179011308
145000,0.4248544607840107
145100,0.425073819971879
145200,0.4252930954966567
145300,0.42551228739025293
145400,0.4257313956845642
145500,0.42595042041147524
145600,0.42616936160285845
145700,0.426388219290574
145800,0.42660699350647013
145900,0.42682568428238266
146000,0.42704429165013547
146100,0.42726281564154023
146200,0.4274812562883965
146300,0.42769961362249165
146400,0.4279178876756011
146500,0.42813607847948787
146600,0.42835418606590314
146700,0.4285722104665859
146800,0.42879015171326285
146900,0.42900800983764875
147000,0.42922578487144636
147100,0.4294434768463462
147200,0.42966108579402673
147300,0.4298786117461544
147400,0.4300960547343834
147500,0.430313414790356
147600,0.43053069194570237
147700,0.43074788623204074
147800,0.43096499768097707
147900,0.4311820263241053
148000,0.4313989721930075
148100,0.4316158353192535
148200,0.4318326157344011
148300,0.4320493134699963
148400,0.43226592855757273
148500,0.4324824610286522
148600,0.43269891091474433
148700,0.4329152782473471
148800,0.4331315630579461
148900,0.433347765378015
149000,0.43356388523901557
149100,0.4337799226723974
149200,0.43399587770959824
149300,0.43421175038204385
149400,0.43442754072114786
149500,0.4346432487583122
149600,0.43485887452492644
149700,0.43507441805236857
149800,0.43528987937200425
149900,0.4355052585151874
150000,0.43572055551325994
150100,0.4359357703975518
150200,0.4361509031993811
150300,0.43636595395005384
150400,0.436580922680864
150500,0.43679580942309404
150600,0.437010614208014
150700,0.43722533706688227
150800,0.43743997803094525
150900,0.43765453713143754
151000,0.4378690143995815
151100,0.438083409866588
151200,0.4382977235636557
151300,0.43851195552197153
151400,0.43872610577271043
151500,0.43894017434703536
151600,0.43915416127609774
151700,0.4393680665910369
151800,0.43958189032298
151900,0.43979563250304277
152000,0.44000929316232895
152100,0.44022287233193036
152200,0.440436370042927
152300,0.44064978632638685
152400,0.44086312121336635
152500,0.4410763747349099
152600,0.4412895469220499
152700,0.44150263780580745
152800,0.44171564741719116
152900,0.44192857578719835
153000,0.44214142294681413
153100,0.44235418892701206
153200,0.4425668737587537
153300,0.44277947747298896
153400,0.44299200010065587
153500,0.4432044416726806
153600,0.4434168022199776
153700,0.4436290817734495
153800,0.4438412803639873
153900,0.4440533980224699
154000,0.44426543477976466
154100,0.4444773906667272
154200,0.4446892657142012
154300,0.44490105995301854
154400,0.4451127734139997
154500,0.4453244061279529
154600,0.44553595812567504
154700,0.4457474294379511
154800,0.4459588200955543
154900,0.4461701301292461
155000,0.4463813595697763
155100,0.446592508447883
155200,0.4468035767942925
155300,0.44701456463971934
155400,0.4472254720148664
155500,0.447436298950425
155600,0.44764704547707446
155700,0.4478577116254827
155800,0.4480682974263057
155900,0.44827880291018785
156000,0.44848922810776193
156100,0.4486995730496488
156200,0.4489098377664579
156300,0.4491200222887869
156400,0.4493301266472217
156500,0.4495401508723367
156600,0.44975009499469454
156700,0.4499599590448463
156800,0.45016974305333124
156900,0.4503794470506771
157000,0.4505890710674
157100,0.4507986151340042
157200,0.45100807928098263
157300,0.4512174635388164
157400,0.4514267679379752
157500,0.45163599250891673
157600,0.4518451372820874
157700,0.4520542022879218
157800,0.45226318755684314
157900,0.45247209311926284
158000,0.45268091900558083
158100,0.45288966524618524
158200,0.4530983318714529
158300,0.4533069189117489
158400,0.4535154263974267
158500,0.4537238543588282
158600,0.453932202826284
158700,0.45414047183011275
158800,0.4543486614006217
158900,0.4545567715681065
159000,0.45476480236285144
159100,0.4549727538151289
159200,0.45518062595520015
159300,0.4553884188133144
159400,0.45559613241970975
159500,0.45580376680461265
159600,0.456011321998238
159700,0.45621879803078913
159800,0.45642619493245795
159900,0.4566335127334247
160000,0.45684075146385816
160100,0.45704791115391585
160200,0.4572549918337435
160300,0.4574619935334754
160400,0.45766891628323436
160500,0.4578757601131317
160600,0.4580825250532674
160700,0.45828921113372967
160800,0.45849581838459563
160900,0.4587023468359305
161000,0.45890879651778826
161100,0.4591151674602115
161200,0.45932145969323124
161300,0.45952767324686705
161400,0.4597338081511271
161500,0.459939864436008
161600,0.460145842131495
161700,0.46035174126756195
161800,0.4605575618741713
161900,0.46076330398127385
162000,0.46096896761880934
162100,0.4611745528167057
162200,0.4613800596048797
162300,0.4615854880132366
162400,0.46179083807167043
162500,0.46199610981006345
162600,0.4622013032582869
162700,0.46240641844620034
162800,0.4626114554036522
162900,0.46281641416047936
163000,0.4630212947465072
163100,0.46322609719155017
163200,0.46343082152541093
163300,0.4636354677778808
163400,0.46384003597874
163500,0.46404452615775715
163600,0.4642489383446896
163700,0.46445327256928337
163800,0.4646575288612732
163900,0.46486170725038223
164000,0.46506580776632267
164100,0.4652698304387949
164200,0.46547377529748846
164300,0.4656776423720812
164400,0.46588143169223983
164500,0.46608514328761985
164600,0.4662887771878652
164700,0.46649233342260854
164800,0.4666958120214715
164900,0.466899213014064
165000,0.4671025364299851
165100,0.46730578229882236
165200,0.46750895065015186
165300,0.46771204151353885
165400,0.4679150549185368
165500,0.4681179908946884
165600,0.46832084947152464
165700,0.4685236306785656
165800,0.46872633454531987
165900,0.4689289611012848
166000,0.4691315103759466
166100,0.4693339823987802
166200,0.46953637719924934
166300,0.4697386948068063
166400,0.4699409352508923
166500,0.4701430985609375
166600,0.47034518476636034
166700,0.4705471938965686
166800,0.4707491259809585
166900,0.4709509810489152
167000,0.47115275912981247
167100,0.471354460253013
167200,0.47155608444786834
167300,0.4717576317437189
167400,0.47195910216989356
167500,0.4721604957557104
167600,0.47236181253047604
167700,0.4725630525234862
167800,0.47276421576402505
167900,0.4729653022813659
168000,0.4731663121047709
168100,0.47336724526349083
168200,0.47356810178676545
168300,0.47376888170382336
168400,0.473969585043882
168500,0.4741702118361476
168600,0.47437076210981544
168700,0.47457123589406935
168800,0.47477163321808247
168900,0.47497195411101634
169000,0.47517219860202164
169100,0.47537236672023786
169200,0.47557245849479357
169300,0.47577247395480593
169400,0.4759724131293812
169500,0.47617227604761436
169600,0.47637206273858956
169700,0.47657177323137956
169800,0.4767714075550462
169900,0.4769709657386404
170000,0.47717044781120155
170100,0.4773698538017582
170200,0.4775691837393282
170300,0.47776843765291765
170400,0.477967615571522
170500,0.47816671752412565
170600,0.47836574353970174
170700,0.47856469364721266
170800,0.47876356787560936
170900,0.47896236625383204
171000,0.4791610888108099
171100,0.47935973557546074
171200,0.47955830657669185
171300,0.479756801843399
171400,0.47995522140446734
171500,0.48015356528877073
171600,0.4803518335251721
171700,0.4805500261425234
171800,0.48074814316966563
171900,0.4809461846354287
172000,0.48114415056863147
172100,0.48134204099808187
172200,0.481539855952577
172300,0.4817375954609028
172400,0.48193525955183414
172500,0.48213284825413516
172600,0.48233036159655884
172700,0.4825277996078473
172800,0.4827251623167317
172900,0.4829224497519322
173000,0.48311966194215794
173100,0.4833167989161071
173200,0.48351386070246727
173300,0.48371084732991454
173400,0.48390775882711456
173500,0.48410459522272176
173600,0.48430135654537965
173700,0.4844980428237209
173800,0.48469465408636725
173900,0.4848911903619296
174000,0.4850876516790078
174100,0.4852840380661908
174200,0.48548034955205666
174300,0.48567658616517273
174400,0.4858727479340952
174500,0.4860688348873694
174600,0.4862648470535299
174700,0.4864607844611004
174800,0.4866566471385937
174900,0.4868524351145115
175000,0.4870481484173449
175100,0.48724378707557414
175200,0.48743935111766823
175300,0.48763484057208595
175400,0.48783025546727454
175500,0.48802559583167093
175600,0.48822086169370094
175700,0.4884160530817796
175800,0.488611170024311
175900,0.4888062125496887
176000,0.48900118068629506
176100,0.4891960744625019
176200,0.48939089390667
176300,0.48958563904714947
176400,0.4897803099122797
176500,0.4899749065303889
176600,0.49016942892979487
176700,0.49036387713880447
176800,0.4905582511857136
176900,0.49075255109880767
177000,0.4909467769063611
177100,0.4911409286366375
177200,0.49133500631788984
177300,0.49152900997836035
177400,0.4917229396462801
177500,0.49191679534987
177600,0.49211057711733963
177700,0.49230428497688816
177800,0.4924979189567039
177900,0.49269147908496447
178000,0.4928849653898366
178100,0.4930783778994764
178200,0.4932717166420292
178300,0.49346498164562946
178400,0.4936581729384013
178500,0.49385129054845767
178600,0.49404433450390106
178700,0.49423730483282313
178800,0.49443020156330486
178900,0.4946230247234167
179000,0.49481577434121793
179100,0.4950084504447576
179200,0.49520105306207396
179300,0.49539358222119423
179400,0.49558603795013545
179500,0.49577842027690355
179600,0.49597072922949403
179700,0.49616296483589173
179800,0.4963551271240705
179900,0.4965472161219938
180000,0.4967392318576145
180100,0.49693117435887457
180200,0.4971230436537054
180300,0.4973148397700279
180400,0.497506562735752
180500,0.4976982125787772
180600,0.49788978932699246
180700,0.49808129300827597
180800,0.49827272365049513
180900,0.4984640812815069
181000,0.4986553659291577
181100,0.49884657762128315
181200,0.4990377163857084
181300,0.4992287822502478
181400,0.4994197752427052
181500,0.4996106953908739
181600,0.4998015427225365
181700,0.4999923172654651
181800,0.5001830190474211
181900,0.5003736480961554
182000,0.5005642044394083
182100,0.5007546881049095
182200,0.5009450991203781
182300,0.5011354375135227
182400,0.5013257033120413
182500,0.5015158965436212
182600,0.5017060172359393
182700,0.501896065416662
182800,0.502086041113445
182900,0.5022759443539335
183000,0.5024657751657623
183100,0.5026555335765552
183200,0.5028452196139261
183300,0.503034833305478
183400,0.5032243746788034
183500,0.5034138437614841
183600,0.503603240581092
183700,0.5037925651651878
183800,0.5039818175413218
183900,0.5041709977370343
184000,0.5043601057798546
184100,0.5045491416973016
184200,0.5047381055168838
184300,0.5049269972660992
184400,0.5051158169724352
184500,0.5053045646633687
184600,0.5054932403663666
184700,0.5056818441088844
184800,0.505870375918368
184900,0.5060588358222524
185000,0.5062472238479624
185100,0.5064355400229119
185200,0.5066237843745047
185300,0.5068119569301341
185400,0.5070000577171829
185500,0.5071880867630236
185600,0.5073760440950179
185700,0.5075639297405174
185800,0.5077517437268633
185900,0.507939486081386
186000,0.5081271568314059
186100,0.5083147560042327
186200,0.5085022836271658
186300,0.5086897397274941
186400,0.5088771243324961
186500,0.5090644374694402
186600,0.5092516791655841
186700,0.509438849448175
186800,0.50962594834445
186900,0.5098129758816357
187000,0.5099999320869479
187100,0.5101868169875929
187200,0.510373630610766
187300,0.5105603729836523
187400,0.5107470441334263
187500,0.5109336440872525
187600,0.511120172872285
187700,0.511306630515667
187800,0.511493017044532
187900,0.5116793324860031
188000,0.5118655768671925
188100,0.5120517502152027
188200,0.5122378525571255
188300,0.5124238839200425
188400,0.5126098443310247
188500,0.5127957338171334
188600,0.512981552405419
188700,0.5131673001229217
188800,0.5133529769966715
188900,0.513538583053688
189000,0.5137241183209806
189100,0.5139095828255484
189200,0.51409497659438
189300,0.514280299654454
189400,0.5144655520327384
189500,0.5146507337561911
189600,0.5148358448517598
189700,0.5150208853463817
189800,0.5152058552669838
189900,0.5153907546404831
190000,0.515575583493786
190100,0.5157603418537886
190200,0.515945029747377
190300,0.516129647201427
190400,0.5163141942428038
190500,0.516498670898363
190600,0.5166830771949493
190700,0.5168674131593975
190800,0.5170516788185324
190900,0.5172358741991678
191000,0.5174199993281082
191100,0.5176040542321472
191200,0.5177880389380685
191300,0.5179719534726455
191400,0.5181557978626412
191500,0.518339572134809
191600,0.5185232763158912
191700,0.5187069104326207
191800,0.5188904745117198
191900,0.5190739685799006
192000,0.5192573926638653
192100,0.5194407467903055
192200,0.5196240309859029
192300,0.519807245277329
192400,0.5199903896912452
192500,0.5201734642543026
192600,0.5203564689931418
192700,0.520539403934394
192800,0.5207222691046798
192900,0.5209050645306095
193000,0.5210877902387834
193100,0.521270446255792
193200,0.5214530326082152
193300,0.5216355493226228
193400,0.5218179964255746
193500,0.5220003739436203
193600,0.5221826819032995
193700,0.5223649203311417
193800,0.5225470892536659
193900,0.5227291886973813
194000,0.5229112186887872
194100,0.5230931792543723
194200,0.5232750704206155
194300,0.5234568922139857
194400,0.5236386446609413
194500,0.5238203277879312
194600,0.5240019416213937
194700,0.524183486187757
194800,0.5243649615134398
194900,0.52454636762485
195000,0.5247277045483859
195100,0.5249089723104357
195200,0.5250901709373772
195300,0.5252713004555785
195400,0.5254523608913976
195500,0.5256333522711822
195600,0.5258142746212702
195700,0.5259951279679893
195800,0.5261759123376575
195900,0.5263566277565821
196000,0.5265372742510608
196100,0.5267178518473816
196200,0.5268983605718217
196300,0.5270788004506488
196400,0.5272591715101207
196500,0.5274394737764845
196600,0.5276197072759781
196700,0.5277998720348287
196800,0.5279799680792543
196900,0.5281599954354619
197000,0.5283399541296494
197100,0.5285198441880041
197200,0.5286996656367038
197300,0.5288794185019157
197400,0.5290591028097977
197500,0.5292387185864973
197600,0.5294182658581522
197700,0.5295977446508899
197800,0.5297771549908283
197900,0.5299564969040751
198000,0.530135770416728
198100,0.5303149755548748
198200,0.5304941123445936
198300,0.530673180811952
198400,0.5308521809830082
198500,0.5310311128838103
198600,0.5312099765403964
198700,0.5313887719787944
198800,0.531567499225023
198900,0.5317461583050902
199000,0.5319247492449947
199100,0.5321032720707246
199200,0.5322817268082589
199300,0.5324601134835661
199400,0.532638432122605
199500,0.5328166827513244
199600,0.5329948653956634
199700,0.533172980081551
199800,0.5333510268349065
199900,0.5335290056816391
200000,0.5337069166476482
200100,0.5338847597588237
200200,0.5340625350410447
200300,0.5342402425201814
200400,0.5344178822220937
200500,0.5345954541726317
200600,0.5347729583976354
200700,0.5349503949229353
200800,0.535127763774352
200900,0.535305064977696
201000,0.5354822985587684
201100,0.5356594645433599
201200,0.5358365629572517
201300,0.5360135938262152
201400,0.5361905571760117
201500,0.536367453032393
201600,0.5365442814211009
201700,0.5367210423678674
201800,0.5368977358984148
201900,0.5370743620384555
202000,0.5372509208136917
202100,0.5374274122498168
202200,0.5376038363725133
202300,0.5377801932074546
202400,0.5379564827803041
202500,0.5381327051167153
202600,0.538308860242332
202700,0.5384849481827885
202800,0.5386609689637087
202900,0.5388369226107074
203000,0.5390128091493891
203100,0.5391886286053489
203200,0.539364381004172
203300,0.5395400663714338
203400,0.5397156847326999
203500,0.5398912361135264
203600,0.5400667205394594
203700,0.5402421380360353
203800,0.5404174886287808
203900,0.5405927723432129
204000,0.5407679892048389
204100,0.5409431392391563
204200,0.5411182224716528
204300,0.5412932389278065
204400,0.5414681886330857
204500,0.541643071612949
204600,0.5418178878928455
204700,0.5419926374982142
204800,0.5421673204544848
204900,0.542341936787077
205000,0.5425164865214009
205100,0.5426909696828571
205200,0.5428653862968361
205300,0.5430397363887192
205400,0.5432140199838775
205500,0.5433882371076728
205600,0.5435623877854574
205700,0.5437364720425732
205800,0.5439104899043532
205900,0.5440844413961203
206000,0.544258326543188
206100,0.5444321453708598
206200,0.5446058979044299
206300,0.5447795841691827
206400,0.5449532041903931
206500,0.5451267579933261
206600,0.5453002456032372
206700,0.5454736670453721
206800,0.5456470223449674
206900,0.5458203115272495
207000,0.5459935346174356
207100,0.5461666916407326
207200,0.5463397826223388
207300,0.5465128075874419
207400,0.5466857665612208
207500,0.5468586595688443
207600,0.5470314866354717
207700,0.5472042477862528
207800,0.5473769430463277
207900,0.5475495724408269
208000,0.5477221359948716
208100,0.547894633733573
208200,0.548067065682033
208300,0.5482394318653439
208400,0.5484117323085882
208500,0.5485839670368392
208600,0.5487561360751604
208700,0.5489282394486057
208800,0.5491002771822195
208900,0.5492722493010369
209000,0.5494441558300831
209100,0.5496159967943739
209200,0.5497877722189156
209300,0.5499594821287048
209400,0.5501311265487288
209500,0.550302705503965
209600,0.5504742190193818
209700,0.5506456671199377
209800,0.5508170498305818
209900,0.5509883671762534
210000,0.551159619181883
210100,0.5513308058723909
210200,0.5515019272726882
210300,0.5516729834076763
210400,0.5518439743022474
210500,0.552014899981284
210600,0.552185760469659
210700,0.5523565557922362
210800,0.5525272859738696
210900,0.5526979510394038
211000,0.5528685510136739
211100,0.5530390859215055
211200,0.553209555787715
211300,0.553379960637109
211400,0.5535503004944847
211500,0.55372057538463
211600,0.5538907853323234
211700,0.5540609303623334
211800,0.5542310104994197
211900,0.5544010257683324
212000,0.5545709761938118
212100,0.5547408618005893
212200,0.5549106826133866
212300,0.5550804386569158
212400,0.5552501299558799
212500,0.5554197565349721
212600,0.5555893184188767
212700,0.5557588156322681
212800,0.5559282481998116
212900,0.556097616146163
213000,0.5562669194959685
213100,0.5564361582738653
213200,0.5566053325044806
213300,0.556774442212433
213400,0.5569434874223312
213500,0.5571124681587745
213600,0.557281384446353
213700,0.5574502363096472
213800,0.5576190237732286
213900,0.557787746861659
214000,0.557956405599491
214100,0.5581250000112676
214200,0.5582935301215228
214300,0.5584619959547809
214400,0.5586303975355571
214500,0.5587987348883571
214600,0.5589670080376773
214700,0.5591352170080048
214800,0.5593033618238172
214900,0.5594714425095831
215000,0.5596394590897615
215100,0.5598074115888019
215200,0.5599753000311449
215300,0.5601431244412216
215400,0.5603108848434537
215500,0.5604785812622537
215600,0.5606462137220245
215700,0.5608137822471602
215800,0.5609812868620452
215900,0.5611487275910547
216000,0.5613161044585548
216100,0.561483417488902
216200,0.5616506667064436
216300,0.5618178521355177
216400,0.561984973800453
216500,0.5621520317255693
216600,0.5623190259351764
216700,0.5624859564535755
216800,0.5626528233050583
216900,0.5628196265139069
217000,0.562986366104395
217100,0.563153042100786
217200,0.5633196545273349
217300,0.5634862034082868
217400,0.5636526887678781
217500,0.5638191106303354
217600,0.5639854690198767
217700,0.5641517639607101
217800,0.5643179954770351
217900,0.5644841635930414
218000,0.56465026833291
218100,0.5648163097208121
218200,0.5649822877809103
218300,0.5651482025373575
218400,0.5653140540142976
218500,0.5654798422358651
218600,0.5656455672261858
218700,0.5658112290093757
218800,0.565976827609542
218900,0.5661423630507825
219000,0.5663078353571858
219100,0.5664732445528313
219200,0.5666385906617897
219300,0.5668038737081216
219400,0.5669690937158793
219500,0.5671342507091055
219600,0.5672993447118337
219700,0.5674643757480884
219800,0.5676293438418849
219900,0.5677942490172292
220000,0.5679590912981183
220100,0.5681238707085401
220200,0.5682885872724732
220300,0.568453241013887
220400,0.5686178319567419
220500,0.5687823601249893
220600,0.5689468255425711
220700,0.5691112282334203
220800,0.5692755682214607
220900,0.5694398455306071
221000,0.5696040601847652
221100,0.5697682122078311
221200,0.5699323016236925
221300,0.5700963284562275
221400,0.5702602927293051
221500,0.5704241944667856
221600,0.5705880336925198
221700,0.5707518104303495
221800,0.5709155247041076
221900,0.5710791765376176
222000,0.5712427659546941
222100,0.5714062929791427
222200,0.5715697576347596
222300,0.5717331599453322
222400,0.571896499934639
222500,0.5720597776264487
222600,0.572222993044522
222700,0.5723861462126094
222800,0.5725492371544532
222900,0.5727122658937864
223000,0.5728752324543327
223100,0.5730381368598072
223200,0.5732009791339154
223300,0.5733637593003544
223400,0.5735264773828116
223500,0.5736891334049659
223600,0.5738517273904868
223700,0.5740142593630351
223800,0.5741767293462622
223900,0.5743391373638108
224000,0.5745014834393145
224100,0.5746637675963979
224200,0.5748259898586764
224300,0.5749881502497566
224400,0.5751502487932361
224500,0.5753122855127033
224600,0.5754742604317378
224700,0.5756361735739102
224800,0.5757980249627819
224900,0.5759598146219056
225000,0.576121542574825
225100,0.5762832088450743
225200,0.5764448134561795
225300,0.5766063564316573
225400,0.576767837795015
225500,0.5769292575697516
225600,0.5770906157793568
225700,0.5772519124473114
225800,0.5774131475970874
225900,0.5775743212521474
226000,0.5777354334359456
226100,0.5778964841719267
226200,0.5780574734835271
226300,0.5782184013941738
226400,0.5783792679272848
226500,0.5785400731062695
226600,0.5787008169545282
226700,0.5788614994954524
226800,0.5790221207524244
226900,0.5791826807488181
227000,0.5793431795079976
227100,0.579503617053319
227200,0.5796639934081291
227300,0.5798243085957657
227400,0.5799845626395579
227500,0.5801447555628259
227600,0.5803048873888808
227700,0.580464958141025
227800,0.5806249678425519
227900,0.580784916516746
228000,0.5809448041868832
228100,0.5811046308762301
228200,0.5812643966080449
228300,0.5814241014055762
228400,0.5815837452920647
228500,0.5817433282907414
228600,0.5819028504248288
228700,0.5820623117175407
228800,0.5822217121920817
228900,0.5823810518716479
229000,0.5825403307794261
229100,0.5826995489385947
229200,0.582858706372323
229300,0.5830178031037716
229400,0.5831768391560921
229500,0.5833358145524274
229600,0.5834947293159118
229700,0.5836535834696703
229800,0.5838123770368193
229900,0.5839711100404665
230000,0.5841297825037106
230100,0.5842883944496418
230200,0.5844469459013408
230300,0.5846054368818803
230400,0.5847638674143238
230500,0.584922237521726
230600,0.585080547227133
230700,0.5852387965535819
230800,0.585396985524101
230900,0.5855551141617101
231000,0.58571318248942
231100,0.5858711905302327
231200,0.5860291383071414
231300,0.5861870258431308
231400,0.5863448531611765
231500,0.5865026202842456
231600,0.5866603272352962
231700,0.5868179740372778
231800,0.5869755607131312
231900,0.5871330872857883
232000,0.5872905537781723
232100,0.5874479602131978
232200,0.5876053066137704
232300,0.5877625930027872
232400,0.5879198194031364
232500,0.5880769858376976
232600,0.5882340923293417
232700,0.5883911389009304
232800,0.5885481255753175
232900,0.5887050523753474
233000,0.5888619193238562
233100,0.5890187264436713
233200,0.5891754737576107
233300,0.5893321612884845
233400,0.5894887890590941
233500,0.5896453570922315
233600,0.5898018654106807
233700,0.5899583140372167
233800,0.5901147029946057
233900,0.5902710323056055
234000,0.5904273019929651
234100,0.5905835120794247
234200,0.5907396625877162
234300,0.5908957535405623
234400,0.5910517849606776
234500,0.5912077568707675
234600,0.5913636692935291
234700,0.5915195222516507
234800,0.591675315767812
234900,0.5918310498646839
235000,0.5919867245649291
235100,0.5921423398912009
235200,0.5922978958661447
235300,0.5924533925123969
235400,0.5926088298525853
235500,0.5927642079093292
235600,0.592919526705239
235700,0.5930747862629165
235800,0.5932299866049555
235900,0.5933851277539404
236000,0.5935402097324474
236100,0.5936952325630438
236200,0.5938501962682887
236300,0.5940051008707323
236400,0.5941599463929162
236500,0.5943147328573737
236600,0.594469460286629
236700,0.594624128703198
236800,0.5947787381295881
236900,0.5949332885882983
237000,0.5950877801018182
237100,0.5952422126926298
237200,0.5953965863832058
237300,0.5955509011960107
237400,0.5957051571535004
237500,0.5958593542781222
237600,0.5960134925923147
237700,0.5961675721185082
237800,0.5963215928791242
237900,0.5964755548965759
238000,0.5966294581932676
238100,0.5967833027915954
238200,0.5969370887139467
238300,0.5970908159827004
238400,0.5972444846202267
238500,0.5973980946488877
238600,0.5975516460910365
238700,0.5977051389690179
238800,0.597858573305168
238900,0.5980119491218148
239000,0.5981652664412773
239100,0.5983185252858662
239200,0.5984717256778838
239300,0.5986248676396235
239400,0.5987779511933708
239500,0.5989309763614024
239600,0.5990839431659861
239700,0.5992368516293819
239800,0.5993897017738409
239900,0.5995424936216058
240000,0.5996952271949109
240100,0.5998479025159817
240200,0.6000005196070359
240300,0.600153078490282
240400,0.6003055791879203
240500,0.6004580217221427
240600,0.6006104061151327
240700,0.6007627323890652
240800,0.6009150005661065
240900,0.6010672106684147
241000,0.6012193627181397
241100,0.6013714567374221
241200,0.6015234927483949
241300,0.6016754707731823
241400,0.6018273908339
241500,0.6019792529526554
241600,0.6021310571515475
241700,0.6022828034526667
241800,0.6024344918780952
241900,0.6025861224499065
242000,0.602737695190166
242100,0.6028892101209304
242200,0.6030406672642481
242300,0.6031920666421593
242400,0.6033434082766953
242500,0.6034946921898795
242600,0.6036459184037266
242700,0.603797086940243
242800,0.6039481978214267
242900,0.6040992510692675
243000,0.6042502467057463
243100,0.6044011847528362
243200,0.6045520652325015
243300,0.6047028881666984
243400,0.6048536535773745
243500,0.6050043614864692
243600,0.6051550119159135
243700,0.6053056048876299
243800,0.6054561404235328
243900,0.6056066185455279
244000,0.6057570392755129
244100,0.6059074026353769
244200,0.6060577086470007
244300,0.606207957332257
244400,0.6063581487130096
244500,0.6065082828111146
244600,0.6066583596484193
244700,0.6068083792467629
244800,0.6069583416279762
244900,0.6071082468138818
245000,0.6072580948262936
245100,0.6074078856870175
245200,0.6075576194178514
245300,0.6077072960405839
245400,0.6078569155769964
245500,0.6080064780488612
245600,0.6081559834779429
245700,0.6083054318859971
245800,0.6084548232947717
245900,0.6086041577260061
246000,0.6087534352014312
246100,0.6089026557427701
246200,0.6090518193717374
246300,0.6092009261100388
246400,0.6093499759793729
246500,0.609498969001429
246600,0.6096479051978887
246700,0.6097967845904251
246800,0.609945607200703
246900,0.6100943730503792
247000,0.6102430821611018
247100,0.6103917345545112
247200,0.6105403302522392
247300,0.6106888692759092
247400,0.6108373516471367
247500,0.6109857773875288
247600,0.6111341465186844
247700,0.6112824590621941
247800,0.6114307150396403
247900,0.6115789144725972
248000,0.6117270573826306
248100,0.6118751437912983
248200,0.6120231737201498
248300,0.6121711471907265
248400,0.6123190642245613
248500,0.612466924843179
248600,0.6126147290680963
248700,0.6127624769208218
248800,0.6129101684228555
248900,0.6130578035956894
249000,0.6132053824608075
249100,0.6133529050396853
249200,0.6135003713537903
249300,0.6136477814245818
249400,0.6137951352735108
249500,0.6139424329220202
249600,0.6140896743915447
249700,0.6142368597035108
249800,0.614383988879337
249900,0.6145310619404334
250000,0.614678078908202
250100,0.6148250398040369
250200,0.6149719446493234
250300,0.6151187934654394
250400,0.615265586273754
250500,0.6154123230956288
250600,0.6155590039524166
250700,0.6157056288654624
250800,0.6158521978561032
250900,0.6159987109456675
251000,0.6161451681554759
251100,0.6162915695068409
251200,0.6164379150210666
251300,0.6165842047194492
251400,0.6167304386232769
251500,0.6168766167538295
251600,0.6170227391323787
251700,0.6171688057801883
251800,0.617314816718514
251900,0.6174607719686029
252000,0.6176066715516948
252100,0.6177525154890207
252200,0.6178983038018038
252300,0.6180440365112592
252400,0.6181897136385939
252500,0.6183353352050067
252600,0.6184809012316885
252700,0.618626411739822
252800,0.6187718667505819
252900,0.6189172662851348
253000,0.619062610364639
253100,0.6192078990102451
253200,0.6193531322430954
253300,0.6194983100843242
253400,0.6196434325550577
253500,0.6197884996764143
253600,0.6199335114695038
253700,0.6200784679554285
253800,0.6202233691552823
253900,0.6203682150901513
254000,0.6205130057811132
254100,0.6206577412492382
254200,0.6208024215155881
254300,0.6209470466012166
254400,0.6210916165271696
254500,0.6212361313144847
254600,0.621380590984192
254700,0.6215249955573129
254800,0.6216693450548612
254900,0.6218136394978426
255000,0.621957878907255
255100,0.6221020633040877
255200,0.6222461927093226
255300,0.6223902671439334
255400,0.6225342866288857
255500,0.622678251185137
255600,0.6228221608336373
255700,0.622966015595328
255800,0.6231098154911432
255900,0.6232535605420082
256000,0.6233972507688409
256100,0.6235408861925511
256200,0.6236844668340404
256300,0.623827992714203
256400,0.6239714638539244
256500,0.6241148802740826
256600,0.6242582419955475
256700,0.624401549039181
256800,0.6245448014258372
256900,0.6246879991763621
257000,0.6248311423115938
257100,0.6249742308523624
257200,0.6251172648194901
257300,0.6252602442337913
257400,0.6254031691160722
257500,0.6255460394871313
257600,0.6256888553677589
257700,0.6258316167787376
257800,0.6259743237408419
257900,0.6261169762748386
258000,0.6262595744014866
258100,0.6264021181415365
258200,0.6265446075157313
258300,0.6266870425448059
258400,0.6268294232494875
258500,0.6269717496504954
258600,0.6271140217685407
258700,0.6272562396243269
258800,0.6273984032385496
258900,0.6275405126318963
259000,0.6276825678250466
259100,0.6278245688386725
259200,0.627966515693438
259300,0.628108408409999
259400,0.6282502470090037
259500,0.6283920315110925
259600,0.6285337619368978
259700,0.6286754383070443
259800,0.6288170606421484
259900,0.6289586289628192
260000,0.6291001432896576
260100,0.6292416036432567
260200,0.6293830100442017
260300,0.6295243625130703
260400,0.6296656610704319
260500,0.629806905736848
260600,0.6299480965328728
260700,0.6300892334790522
260800,0.6302303165959244
260900,0.6303713459040199
261000,0.6305123214238613
261100,0.6306532431759628
261200,0.630794111180832
261300,0.6309349254589675
261400,0.6310756860308606
261500,0.6312163929169949
261600,0.6313570461378462
261700,0.6314976457138817
261800,0.631638191665562
261900,0.631778684013339
262000,0.6319191227776573
262100,0.6320595079789533
262200,0.6321998396376558
262300,0.6323401177741861
262400,0.6324803424089572
262500,0.6326205135623747
262600,0.6327606312548362
262700,0.6329006955067313
262800,0.6330407063384427
262900,0.6331806637703443
263000,0.6333205678228027
263100,0.6334604185161768
263200,0.6336002158708176
263300,0.6337399599070686
263400,0.6338796506452649
263500,0.6340192881057343
263600,0.6341588723087972
263700,0.6342984032747654
263800,0.6344378810239437
263900,0.6345773055766288
264000,0.6347166769531096
264100,0.6348559951736675
264200,0.634995260258576
264300,0.6351344722281009
264400,0.6352736311025005
264500,0.6354127369020248
264600,0.6355517896469167
264700,0.635690789357411
264800,0.6358297360537348
264900,0.6359686297561079
265000,0.6361074704847418
265100,0.6362462582598406
265200,0.6363849931016008
265300,0.6365236750302108
265400,0.6366623040658518
265500,0.6368008802286969
265600,0.6369394035389118
265700,0.6370778740166543
265800,0.6372162916820745
265900,0.637354656555315
266000,0.6374929686565106
266100,0.6376312280057884
266200,0.637769434623268
266300,0.6379075885290609
266400,0.6380456897432716
266500,0.6381837382859962
266600,0.6383217341773236
266700,0.638459677437335
266800,0.6385975680861038
266900,0.6387354061436958
267000,0.6388731916301693
267100,0.6390109245655746
267200,0.6391486049699546
267300,0.6392862328633446
267400,0.639423808265772
267500,0.639561331197257
267600,0.6396988016778116
267700,0.6398362197274408
267800,0.6399735853661412
267900,0.6401108986139026
268000,0.6402481594907066
268100,0.6403853680165275
268200,0.6405225242113315
268300,0.640659628095078
268400,0.640796679687718
268500,0.6409336790091953
268600,0.6410706260794461
268700,0.6412075209183986
268800,0.641344363545974
268900,0.6414811539820855
269000,0.6416178922466389
269100,0.641754578359532
269200,0.6418912123406557
269300,0.6420277942098926
269400,0.6421643239871184
269500,0.6423008016922007
269600,0.6424372273449996
269700,0.6425736009653679
269800,0.6427099225731505
269900,0.642846192188185
270000,0.6429824098303012
270100,0.6431185755193215
270200,0.6432546892750608
270300,0.6433907511173261
270400,0.6435267610659173
270500,0.6436627191406264
270600,0.6437986253612381
270700,0.6439344797475293
270800,0.6440702823192697
270900,0.6442060330962209
271000,0.6443417320981376
271100,0.6444773793447666
271200,0.6446129748558472
271300,0.6447485186511113
271400,0.6448840107502831
271500,0.6450194511730796
271600,0.6451548399392097
271700,0.6452901770683753
271800,0.6454254625802707
271900,0.6455606964945826
272000,0.64569587883099
272100,0.6458310096091648
272200,0.6459660888487712
272300,0.6461011165694657
272400,0.6462360927908977
272500,0.6463710175327086
272600,0.6465058908145331
272700,0.6466407126559975
272800,0.6467754830767212
272900,0.646910202096316
273000,0.647044869734386
273100,0.6471794860105281
273200,0.6473140509443316
273300,0.6474485645553785
273400,0.647583026863243
273500,0.6477174378874919
273600,0.647851797647685
273700,0.647986106163374
273800,0.6481203634541036
273900,0.6482545695394109
274000,0.6483887244388253
274100,0.6485228281718693
274200,0.6486568807580574
274300,0.6487908822168971
274400,0.6489248325678879
274500,0.6490587318305225
274600,0.6491925800242859
274700,0.6493263771686556
274800,0.6494601232831017
274900,0.6495938183870867
275000,0.6497274625000662
275100,0.6498610556414879
275200,0.6499945978307924
275300,0.6501280890874124
275400,0.6502615294307736
275500,0.6503949188802944
275600,0.6505282574553856
275700,0.6506615451754503
275800,0.6507947820598847
275900,0.6509279681280773
276000,0.6510611033994094
276100,0.6511941878932548
276200,0.6513272216289797
276300,0.6514602046259435
276400,0.6515931369034975
276500,0.6517260184809861
276600,0.6518588493777463
276700,0.6519916296131074
276800,0.6521243592063918
276900,0.652257038176914
277000,0.6523896665439817
277100,0.6525222443268945
277200,0.6526547715449456
277300,0.65278724821742
277400,0.6529196743635957
277500,0.6530520500027435
277600,0.6531843751541264
277700,0.6533166498370004
277800,0.6534488740706141
277900,0.6535810478742089
278000,0.6537131712670184
278100,0.6538452442682694
278200,0.6539772668971809
278300,0.654109239172965
278400,0.6542411611148262
278500,0.6543730327419617
278600,0.6545048540735614
278700,0.654636625128808
278800,0.6547683459268767
278900,0.6549000164869356
279000,0.6550316368281452
279100,0.6551632069696589
279200,0.6552947269306227
279300,0.6554261967301755
279400,0.6555576163874488
279500,0.6556889859215664
279600,0.6558203053516455
279700,0.6559515746967954
279800,0.6560827939761187
279900,0.6562139632087101
280000,0.6563450824136574
280100,0.656476151610041
280200,0.6566071708169341
280300,0.6567381400534027
280400,0.6568690593385051
280500,0.656999928691293
280600,0.6571307481308102
280700,0.6572615176760934
280800,0.6573922373461726
280900,0.6575229071600697
281000,0.6576535271367999
281100,0.6577840972953709
281200,0.6579146176547833
281300,0.6580450882340303
281400,0.658175509052098
281500,0.6583058801279653
281600,0.6584362014806036
281700,0.6585664731289772
281800,0.6586966950920433
281900,0.6588268673887518
282000,0.6589569900380452
282100,0.659087063058859
282200,0.6592170864701214
282300,0.6593470602907533
282400,0.6594769845396685
282500,0.6596068592357736
282600,0.6597366843979677
282700,0.6598664600451432
282800,0.6599961861961848
282900,0.6601258628699704
283000,0.6602554900853703
283100,0.660385067861248
283200,0.6605145962164596
283300,0.6606440751698539
283400,0.6607735047402727
283500,0.6609028849465506
283600,0.6610322158075149
283700,0.6611614973419859
283800,0.6612907295687765
283900,0.6614199125066926
284000,0.6615490461745328
284100,0.6616781305910886
284200,0.6618071657751445
284300,0.6619361517454774
284400,0.6620650885208574
284500,0.6621939761200475
284600,0.6623228145618032
284700,0.6624516038648731
284800,0.6625803440479985
284900,0.6627090351299137
285000,0.6628376771293458
285100,0.6629662700650149
285200,0.6630948139556334
285300,0.6632233088199073
285400,0.6633517546765351
285500,0.6634801515442081
285600,0.6636084994416107
285700,0.6637367983874198
285800,0.6638650484003058
285900,0.6639932494989313
286000,0.6641214017019522
286100,0.6642495050280173
286200,0.6643775594957677
286300,0.6645055651238385
286400,0.6646335219308566
286500,0.6647614299354423
286600,0.6648892891562087
286700,0.665017099611762
286800,0.6651448613207012
286900,0.6652725743016179
287000,0.6654002385730968
287100,0.665527854153716
287200,0.6656554210620457
287300,0.6657829393166494
287400,0.6659104089360839
287500,0.666037829938898
287600,0.6661652023436344
287700,0.6662925261688282
287800,0.6664198014330073
287900,0.666547028154693
288000,0.6666742063523992
288100,0.6668013360446328
288200,0.6669284172498938
288300,0.667055449986675
288400,0.667182434273462
288500,0.6673093701287337
288600,0.6674362575709617
288700,0.6675630966186106
288800,0.667689887290138
288900,0.6678166296039945
289000,0.6679433235786234
289100,0.6680699692324614
289200,0.668196566583938
289300,0.6683231156514753
289400,0.668449616453489
289500,0.6685760690083872
289600,0.6687024733345713
289700,0.6688288294504359
289800,0.6689551373743678
289900,0.6690813971247478
290000,0.6692076087199488
290100,0.6693337721783372
290200,0.6694598875182725
290300,0.6695859547581067
290400,0.669711973916185
290500,0.6698379450108459
290600,0.6699638680604205
290700,0.6700897430832333
290800,0.6702155700976014
290900,0.6703413491218352
291000,0.670467080174238
291100,0.6705927632731061
291200,0.6707183984367289
291300,0.6708439856833889
291400,0.6709695250313614
291500,0.6710950164989148
291600,0.6712204601043107
291700,0.6713458558658036
291800,0.671471203801641
291900,0.6715965039300635
292000,0.6717217562693049
292100,0.6718469608375917
292200,0.6719721176531436
292300,0.6720972267341735
292400,0.6722222880988872
292500,0.6723473017654835
292600,0.6724722677521546
292700,0.6725971860770853
292800,0.6727220567584538
292900,0.6728468798144311
293000,0.6729716552631815
293100,0.6730963831228624
293200,0.6732210634116239
293300,0.6733456961476096
293400,0.6734702813489561
293500,0.6735948190337928
293600,0.6737193092202427
293700,0.6738437519264211
293800,0.6739681471704373
293900,0.6740924949703931
294000,0.6742167953443836
294100,0.6743410483104968
294200,0.6744652538868141
294300,0.6745894120914098
294400,0.6747135229423514
294500,0.6748375864576994
294600,0.6749616026555078
294700,0.6750855715538229
294800,0.6752094931706849
294900,0.6753333675241269
295000,0.675457194632175
295100,0.6755809745128483
295200,0.6757047071841595
295300,0.675828392664114
295400,0.6759520309707103
295500,0.6760756221219406
295600,0.6761991661357896
295700,0.6763226630302354
295800,0.6764461128232492
295900,0.6765695155327955
296000,0.6766928711768317
296100,0.6768161797733087
296200,0.67693944134017
296300,0.6770626558953529
296400,0.6771858234567874
296500,0.6773089440423967
296600,0.6774320176700974
296700,0.6775550443577992
296800,0.6776780241234048
296900,0.6778009569848102
297000,0.6779238429599047
297100,0.6780466820665704
297200,0.6781694743226829
297300,0.678292219746111
297400,0.6784149183547163
297500,0.6785375701663541
297600,0.6786601751988728
297700,0.6787827334701134
297800,0.6789052449979109
297900,0.679027709800093
298000,0.6791501278944809
298100,0.6792724992988886
298200,0.6793948240311237
298300,0.6795171021089869
298400,0.679639333550272
298500,0.679761518372766
298600,0.6798836565942494
298700,0.6800057482324955
298800,0.6801277933052712
298900,0.6802497918303365
299000,0.6803717438254444
299100,0.6804936493083413
299200,0.6806155082967672
299300,0.6807373208084546
299400,0.68085908686113
299500,0.6809808064725124
299600,0.6811024796603145
299700,0.6812241064422422
299800,0.6813456868359946
299900,0.681467220859264
300000,0.6815887085297361
300100,0.6817101498650896
300200,0.6818315448829967
300300,0.6819528936011228
300400,0.6820741960371264
300500,0.6821954522086595
300600,0.6823166621333672
300700,0.6824378258288879
300800,0.6825589433128536
300900,0.6826800146028889
301000,0.6828010397166122
301100,0.6829220186716352
301200,0.6830429514855624
301300,0.6831638381759921
301400,0.6832846787605158
301500,0.683405473256718
301600,0.6835262216821767
301700,0.6836469240544633
301800,0.6837675803911423
301900,0.6838881907097715
302000,0.6840087550279021
302100,0.6841292733630787
302200,0.6842497457328391
302300,0.6843701721547142
302400,0.6844905526462286
302500,0.6846108872249002
302600,0.6847311759082395
302700,0.6848514187137513
302800,0.6849716156589334
302900,0.6850917667612764
303000,0.685211872038265
303100,0.6853319315073767
303200,0.6854519451860828
303300,0.6855719130918472
303400,0.685691835242128
303500,0.6858117116543759
303600,0.6859315423460356
303700,0.6860513273345447
303800,0.6861710666373342
303900,0.6862907602718286
304000,0.6864104082554456
304100,0.6865300106055965
304200,0.6866495673396857
304300,0.686769078475111
304400,0.6868885440292638
304500,0.6870079640195286
304600,0.6871273384632834
304700,0.6872466673778994
304800,0.6873659507807414
304900,0.6874851886891675
305000,0.6876043811205291
305100,0.6877235280921712
305200,0.6878426296214318
305300,0.6879616857256428
305400,0.6880806964221289
305500,0.6881996617282087
305600,0.6883185816611941
305700,0.6884374562383899
305800,0.6885562854770952
305900,0.6886750693946015
306000,0.6887938080081947
306100,0.6889125013351532
306200,0.6890311493927495
306300,0.6891497521982489
306400,0.6892683097689107
306500,0.6893868221219874
306600,0.6895052892747248
306700,0.6896237112443622
306800,0.6897420880481322
306900,0.6898604197032612
307000,0.6899787062269687
307100,0.6900969476364676
307200,0.6902151439489645
307300,0.6903332951816592
307400,0.6904514013517451
307500,0.6905694624764089
307600,0.690687478572831
307700,0.6908054496581849
307800,0.6909233757496378
307900,0.6910412568643501
308000,0.6911590930194761
308100,0.691276884232163
308200,0.691394630519552
308300,0.6915123318987773
308400,0.691629988386967
308500,0.6917476000012421
308600,0.6918651667587177
308700,0.6919826886765019
308800,0.6921001657716968
308900,0.6922175980613972
309000,0.6923349855626919
309100,0.6924523282926632
309200,0.6925696262683869
309300,0.6926868795069319
309400,0.692804088025361
309500,0.6929212518407304
309600,0.6930383709700896
309700,0.6931554454304819
309800,0.6932724752389439
309900,0.6933894604125055
310000,0.6935064009681907
310100,0.6936232969230165
310200,0.6937401482939936
310300,0.6938569550981261
310400,0.6939737173524118
310500,0.6940904350738417
310600,0.6942071082794008
310700,0.6943237369860673
310800,0.6944403212108128
310900,0.6945568609706028
311000,0.6946733562823959
311100,0.6947898071631446
311200,0.694906213629795
311300,0.6950225756992863
311400,0.6951388933885514
311500,0.695255166714517
311600,0.6953713956941031
311700,0.6954875803442233
311800,0.6956037206817847
311900,0.6957198167236881
312000,0.6958358684868278
312100,0.6959518759880914
312200,0.6960678392443604
312300,0.6961837582725099
312400,0.6962996330894082
312500,0.6964154637119175
312600,0.6965312501568933
312700,0.6966469924411849
312800,0.6967626905816351
312900,0.6968783445950801
313000,0.6969939544983501
313100,0.6971095203082686
313200,0.6972250420416524
313300,0.6973405197153124
313400,0.6974559533460529
313500,0.6975713429506716
313600,0.6976866885459603
313700,0.6978019901487036
313800,0.6979172477756805
313900,0.6980324614436633
314000,0.6981476311694175
314100,0.6982627569697029
314200,0.6983778388612724
314300,0.6984928768608727
314400,0.6986078709852441
314500,0.6987228212511207
314600,0.6988377276752298
314700,0.6989525902742926
314800,0.699067409065024
314900,0.6991821840641321
315000,0.6992969152883193
315100,0.6994116027542809
315200,0.6995262464787064
315300,0.6996408464782787
315400,0.6997554027696744
315500,0.6998699153695636
315600,0.6999843842946101
315700,0.7000988095614715
315800,0.7002131911867988
315900,0.7003275291872371
316000,0.7004418235794244
316100,0.700556074379993
316200,0.7006702816055688
316300,0.700784445272771
316400,0.7008985653982125
316500,0.7010126419985003
316600,0.7011266750902349
316700,0.70124066469001
316800,0.7013546108144136
316900,0.701468513480027
317000,0.7015823727034254
317100,0.7016961885011773
317200,0.7018099608898454
317300,0.7019236898859857
317400,0.7020373755061481
317500,0.7021510177668759
317600,0.7022646166847066
317700,0.7023781722761708
317800,0.7024916845577933
317900,0.7026051535460922
318000,0.7027185792575795
318100,0.702831961708761
318200,0.7029453009161359
318300,0.7030585968961975
318400,0.7031718496654324
318500,0.7032850592403213
318600,0.7033982256373381
318700,0.7035113488729511
318800,0.7036244289636218
318900,0.7037374659258055
319000,0.7038504597759516
319100,0.7039634105305026
319200,0.7040763182058953
319300,0.7041891828185598
319400,0.7043020043849203
319500,0.7044147829213945
319600,0.7045275184443938
319700,0.7046402109703235
319800,0.7047528605155826
319900,0.7048654670965638
320000,0.7049780307296537
320100,0.7050905514312324
320200,0.7052030292176739
320300,0.7053154641053461
320400,0.7054278561106101
320500,0.7055402052498215
320600,0.7056525115393293
320700,0.7057647749954761
320800,0.7058769956345985
320900,0.7059891734730268
321000,0.7061013085270853
321100,0.7062134008130916
321200,0.7063254503473574
321300,0.7064374571461882
321400,0.7065494212258832
321500,0.7066613426027352
321600,0.7067732212930311
321700,0.7068850573130515
321800,0.7069968506790707
321900,0.7071086014073568
322000,0.7072203095141718
322100,0.7073319750157713
322200,0.7074435979284049
322300,0.707555178268316
322400,0.7076667160517418
322500,0.7077782112949131
322600,0.7078896640140546
322700,0.708001074225385
322800,0.7081124419451168
322900,0.7082237671894559
323000,0.7083350499746025
323100,0.7084462903167503
323200,0.7085574882320872
323300,0.7086686437367945
323400,0.7087797568470475
323500,0.7088908275790156
323600,0.7090018559488613
323700,0.7091128419727419
323800,0.709223785666808
323900,0.7093346870472037
324000,0.7094455461300677
324100,0.7095563629315321
324200,0.7096671374677229
324300,0.70977786975476
324400,0.7098885598087571
324500,0.7099992076458217
324600,0.7101098132820555
324700,0.7102203767335535
324800,0.7103308980164051
324900,0.7104413771466932
325000,0.7105518141404947
325100,0.7106622090138803
325200,0.7107725617829148
325300,0.7108828724636567
325400,0.7109931410721582
325500,0.7111033676244656
325600,0.7112135521366191
325700,0.7113236946246526
325800,0.7114337951045944
325900,0.7115438535924656
326000,0.7116538701042825
326100,0.7117638446560545
326200,0.7118737772637849
326300,0.7119836679434711
326400,0.7120935167111045
326500,0.7122033235826701
326600,0.7123130885741473
326700,0.7124228117015086
326800,0.7125324929807211
326900,0.7126421324277457
327000,0.7127517300585369
327100,0.7128612858890434
327200,0.7129707999352077
327300,0.7130802722129664
327400,0.7131897027382497
327500,0.713299091526982
327600,0.7134084385950814
327700,0.7135177439584601
327800,0.7136270076330244
327900,0.7137362296346741
328000,0.713845409979303
328100,0.7139545486827994
328200,0.7140636457610448
328300,0.7141727012299152
328400,0.71428171510528
328500,0.7143906874030033
328600,0.7144996181389425
328700,0.714608507328949
328800,0.7147173549888686
328900,0.7148261611345406
329000,0.7149349257817985
329100,0.7150436489464698
329200,0.7151523306443757
329300,0.7152609708913317
329400,0.7153695697031468
329500,0.7154781270956246
329600,0.7155866430845622
329700,0.7156951176857509
329800,0.7158035509149756
329900,0.7159119427880158
330000,0.7160202933206445
330100,0.7161286025286291
330200,0.7162368704277302
330300,0.7163450970337034
330400,0.7164532823622975
330500,0.7165614264292558
330600,0.7166695292503154
330700,0.7167775908412071
330800,0.7168856112176563
330900,0.7169935903953819
331000,0.7171015283900972
331100,0.7172094252175091
331200,0.7173172808933188
331300,0.7174250954332215
331400,0.7175328688529061
331500,0.7176406011680562
331600,0.7177482923943486
331700,0.7178559425474544
331800,0.7179635516430393
331900,0.7180711196967622
332000,0.7181786467242763
332100,0.7182861327412291
332200,0.7183935777632618
332300,0.71850098180601
332400,0.7186083448851028
332500,0.7187156670161639
332600,0.7188229482148106
332700,0.7189301884966546
332800,0.7190373878773013
332900,0.7191445463723504
333000,0.7192516639973955
333100,0.7193587407680244
333200,0.719465776699819
333300,0.719572771808355
333400,0.7196797261092023
333500,0.7197866396179248
333600,0.7198935123500807
333700,0.7200003443212218
333800,0.7201071355468946
333900,0.7202138860426391
334000,0.7203205958239898
334100,0.7204272649064748
334200,0.7205338933056167
334300,0.7206404810369321
334400,0.7207470281159316
334500,0.7208535345581197
334600,0.7209600003789954
334700,0.7210664255940515
334800,0.7211728102187751
334900,0.721279154268647
335000,0.7213854577591425
335100,0.7214917207057309
335200,0.7215979431238755
335300,0.7217041250290337
335400,0.721810266436657
335500,0.7219163673621913
335600,0.7220224278210764
335700,0.722128447828746
335800,0.722234427400628
335900,0.7223403665521446
336000,0.7224462652987123
336100,0.7225521236557412
336200,0.7226579416386357
336300,0.7227637192627947
336400,0.7228694565436107
336500,0.7229751534964706
336600,0.7230808101367554
336700,0.7231864264798402
336800,0.7232920025410943
336900,0.723397538335881
337000,0.723503033879558
337100,0.723608489187477
337200,0.7237139042749837
337300,0.7238192791574181
337400,0.7239246138501143
337500,0.7240299083684005
337600,0.7241351627275994
337700,0.7242403769430273
337800,0.7243455510299952
337900,0.7244506850038077
338000,0.7245557788797641
338100,0.7246608326731575
338200,0.7247658463992754
338300,0.7248708200733993
338400,0.7249757537108049
338500,0.7250806473267623
338600,0.7251855009365353
338700,0.7252903145553824
338800,0.725395088198556
338900,0.7254998218813027
339000,0.7256045156188632
339100,0.7257091694264728
339200,0.7258137833193603
339300,0.7259183573127495
339400,0.7260228914218576
339500,0.7261273856618966
339600,0.7262318400480725
339700,0.7263362545955853
339800,0.7264406293196295
339900,0.7265449642353935
340000,0.7266492593580604
340100,0.7267535147028069
340200,0.7268577302848045
340300,0.7269619061192183
340400,0.7270660422212081
340500,0.7271701386059277
340600,0.7272741952885253
340700,0.7273782122841432
340800,0.7274821896079178
340900,0.7275861272749797
341000,0.7276900253004543
341100,0.7277938836994605
341200,0.7278977024871118
341300,0.7280014816785159
341400,0.7281052212887748
341500,0.7282089213329845
341600,0.7283125818262355
341700,0.7284162027836124
341800,0.7285197842201941
341900,0.7286233261510539
342000,0.7287268285912589
342100,0.7288302915558709
342200,0.7289337150599459
342300,0.7290370991185339
342400,0.7291404437466793
342500,0.7292437489594209
342600,0.7293470147717916
342700,0.7294502411988186
342800,0.7295534282555234
342900,0.7296565759569218
343000,0.7297596843180236
343100,0.7298627533538333
343200,0.7299657830793496
343300,0.730068773509565
343400,0.7301717246594669
343500,0.7302746365440367
343600,0.73037750917825
343700,0.7304803425770768
343800,0.7305831367554815
343900,0.7306858917284227
344000,0.730788607510853
344100,0.7308912841177199
344200,0.7309939215639647
344300,0.7310965198645232
344400,0.7311990790343255
344500,0.7313015990882958
344600,0.7314040800413532
344700,0.7315065219084103
344800,0.7316089247043746
344900,0.7317112884441477
345000,0.7318136131426254
345100,0.7319158988146982
345200,0.7320181454752506
345300,0.7321203531391614
345400,0.7322225218213039
345500,0.7323246515365456
345600,0.7324267422997485
345700,0.7325287941257688
345800,0.7326308070294569
345900,0.7327327810256579
346000,0.7328347161292108
346100,0.7329366123549494
346200,0.7330384697177016
346300,0.7331402882322895
346400,0.7332420679135296
346500,0.7333438087762332
346600,0.7334455108352053
346700,0.7335471741052456
346800,0.7336487986011483
346900,0.7337503843377016
347000,0.7338519313296883
347100,0.7339534395918854
347200,0.7340549091390643
347300,0.7341563399859911
347400,0.7342577321474257
347500,0.7343590856381228
347600,0.7344604004728313
347700,0.7345616766662946
347800,0.7346629142332501
347900,0.7347641131884303
348000,0.7348652735465613
348100,0.734966395322364
348200,0.7350674785305535
348300,0.7351685231858396
348400,0.7352695293029263
348500,0.7353704968965118
348600,0.735471425981289
348700,0.7355723165719451
348800,0.7356731686831616
348900,0.7357739823296144
349000,0.7358747575259741
349100,0.7359754942869052
349200,0.736076192627067
349300,0.7361768525611132
349400,0.7362774741036917
349500,0.7363780572694449
349600,0.7364786020730096
349700,0.7365791085290173
349800,0.7366795766520934
349900,0.7367800064568581
350000,0.7368803979579258
350100,0.7369807511699056
350200,0.7370810661074008
350300,0.7371813427850092
350400,0.737281581217323
350500,0.737381781418929
350600,0.7374819434044082
350700,0.7375820671883362
350800,0.7376821527852828
350900,0.7377822002098127
351000,0.7378822094764845
351100,0.7379821805998517
351200,0.738082113594462
351300,0.7381820084748577
351400,0.7382818652555754
351500,0.7383816839511463
351600,0.738481464576096
351700,0.7385812071449442
351800,0.738680911672206
351900,0.73878057817239
352000,0.7388802066599995
352100,0.7389797971495329
352200,0.739079349655482
352300,0.7391788641923343
352400,0.7392783407745704
352500,0.7393777794166667
352600,0.7394771801330933
352700,0.7395765429383148
352800,0.7396758678467906
352900,0.7397751548729745
353000,0.7398744040313145
353100,0.7399736153362535
353200,0.7400727888022285
353300,0.7401719244436715
353400,0.7402710222750084
353500,0.74037008231066
353600,0.7404691045650416
353700,0.7405680890525627
353800,0.7406670357876275
353900,0.7407659447846349
354000,0.7408648160579778
354100,0.7409636496220443
354200,0.7410624454912164
354300,0.7411612036798708
354400,0.7412599242023789
354500,0.7413586070731064
354600,0.7414572523064136
354700,0.7415558599166554
354800,0.7416544299181811
354900,0.7417529623253345
355000,0.7418514571524542
355100,0.7419499144138728
355200,0.7420483341239181
355300,0.7421467162969122
355400,0.7422450609471712
355500,0.7423433680890066
355600,0.7424416377367238
355700,0.7425398699046231
355800,0.742638064606999
355900,0.742736221858141
356000,0.7428343416723329
356100,0.7429324240638528
356200,0.743030469046974
356300,0.7431284766359636
356400,0.743226446845084
356500,0.7433243796885916
356600,0.7434222751807376
356700,0.7435201333357675
356800,0.743617954167922
356900,0.7437157376914357
357000,0.7438134839205381
357100,0.7439111928694533
357200,0.7440088645523996
357300,0.7441064989835904
357400,0.7442040961772334
357500,0.7443016561475306
357600,0.7443991789086795
357700,0.7444966644748712
357800,0.7445941128602916
357900,0.7446915240791219
358000,0.7447888981455368
358100,0.7448862350737064
358200,0.7449835348777952
358300,0.7450807975719622
358400,0.7451780231703609
358500,0.7452752116871397
358600,0.7453723631364414
358700,0.7454694775324033
358800,0.7455665548891578
358900,0.7456635952208313
359000,0.7457605985415452
359100,0.7458575648654152
359200,0.745954494206552
359300,0.7460513865790608
359400,0.7461482419970411
359500,0.7462450604745874
359600,0.7463418420257888
359700,0.7464385866647287
359800,0.7465352944054856
359900,0.7466319652621323
360000,0.746728599248736
360100,0.7468251963793594
360200,0.7469217566680589
360300,0.747018280128886
360400,0.747114766775887
360500,0.7472112166231022
360600,0.7473076296845672
360700,0.747404005974312
360800,0.7475003455063612
360900,0.7475966482947342
361000,0.7476929143534448
361100,0.7477891436965016
361200,0.747885336337908
361300,0.7479814922916619
361400,0.7480776115717558
361500,0.748173694192177
361600,0.7482697401669075
361700,0.7483657495099238
361800,0.748461722235197
361900,0.7485576583566933
362000,0.7486535578883733
362100,0.7487494208441919
362200,0.7488452472380995
362300,0.7489410370840404
362400,0.749036790395954
362500,0.7491325071877744
362600,0.7492281874734302
362700,0.7493238312668449
362800,0.7494194385819362
362900,0.7495150094326172
363000,0.7496105438327951
363100,0.7497060417963723
363200,0.7498015033372456
363300,0.7498969284693062
363400,0.7499923172064407
363500,0.7500876695625298
363600,0.7501829855514495
363700,0.7502782651870696
363800,0.7503735084832557
363900,0.7504687154538673
364000,0.7505638861127589
364100,0.7506590204737797
364200,0.7507541185507739
364300,0.7508491803575797
364400,0.7509442059080308
364500,0.7510391952159552
364600,0.7511341482951757
364700,0.7512290651595097
364800,0.7513239458227697
364900,0.7514187902987626
365000,0.7515135986012902
365100,0.751608370744149
365200,0.75170310674113
365300,0.7517978066060194
365400,0.7518924703525978
365500,0.7519870979946406
365600,0.752081689545918
365700,0.7521762450201951
365800,0.7522707644312314
365900,0.7523652477927814
366000,0.7524596951185942
366100,0.7525541064224139
366200,0.752648481717979
366300,0.7527428210190232
366400,0.7528371243392747
366500,0.7529313916924564
366600,0.753025623092286
366700,0.7531198185524761
366800,0.7532139780867341
366900,0.7533081017087618
367000,0.7534021894322563
367100,0.7534962412709092
367200,0.7535902572384068
367300,0.7536842373484303
367400,0.7537781816146555
367500,0.7538720900507534
367600,0.7539659626703894
367700,0.7540597994872239
367800,0.754153600514912
367900,0.7542473657671034
368000,0.7543410952574431
368100,0.7544347889995703
368200,0.7545284470071194
368300,0.7546220692937197
368400,0.7547156558729947
368500,0.7548092067585633
368600,0.7549027219640391
368700,0.7549962015030302
368800,0.7550896453891397
368900,0.7551830536359657
369000,0.7552764262571009
369100,0.7553697632661328
369200,0.7554630646766438
369300,0.7555563305022112
369400,0.7556495607564068
369500,0.7557427554527976
369600,0.7558359146049451
369700,0.755929038226406
369800,0.7560221263307315
369900,0.7561151789314677
370000,0.7562081960421558
370100,0.7563011776763315
370200,0.7563941238475254
370300,0.756487034569263
370400,0.7565799098550647
370500,0.7566727497184458
370600,0.7567655541729161
370700,0.7568583232319807
370800,0.7569510569091391
370900,0.757043755217886
371000,0.7571364181717108
371100,0.7572290457840979
371200,0.7573216380685263
371300,0.7574141950384701
371400,0.757506716707398
371500,0.7575992030887739
371600,0.7576916541960563
371700,0.7577840700426988
371800,0.7578764506421495
371900,0.7579687960078517
372000,0.7580611061532436
372100,0.758153381091758
372200,0.7582456208368227
372300,0.7583378254018605
372400,0.7584299948002889
372500,0.7585221290455204
372600,0.7586142281509625
372700,0.7587062921300172
372800,0.7587983209960816
372900,0.7588903147625479
373000,0.7589822734428029
373100,0.7590741970502284
373200,0.7591660855982012
373300,0.7592579391000929
373400,0.7593497575692697
373500,0.7594415410190933
373600,0.75953328946292
373700,0.7596250029141008
373800,0.759716681385982
373900,0.7598083248919045
374000,0.7598999334452045
374100,0.7599915070592124
374200,0.7600830457472543
374300,0.7601745495226508
374400,0.7602660183987175
374500,0.7603574523887648
374600,0.7604488515060985
374700,0.7605402157640186
374800,0.7606315451758205
374900,0.7607228397547946
375000,0.7608140995142259
375100,0.7609053244673945
375200,0.7609965146275754
375300,0.7610876700080387
375400,0.7611787906220492
375500,0.7612698764828667
375600,0.7613609276037462
375700,0.7614519439979371
375800,0.7615429256786844
375900,0.7616338726592277
376000,0.7617247849528013
376100,0.7618156625726349
376200,0.761906505531953
376300,0.7619973138439752
376400,0.7620880875219156
376500,0.7621788265789837
376600,0.7622695310283838
376700,0.7623602008833152
376800,0.7624508361569722
376900,0.7625414368625438
377000,0.7626320030132145
377100,0.7627225346221633
377200,0.7628130317025643
377300,0.7629034942675867
377400,0.7629939223303946
377500,0.7630843159041469
377600,0.7631746750019979
377700,0.7632649996370964
377800,0.7633552898225864
377900,0.7634455455716072
378000,0.7635357668972924
378100,0.7636259538127712
378200,0.7637161063311676
378300,0.7638062244656005
378400,0.7638963082291839
378500,0.7639863576350268
378600,0.764076372696233
378700,0.7641663534259016
378800,0.7642562998371265
378900,0.7643462119429967
379000,0.7644360897565963
379100,0.7645259332910042
379200,0.7646157425592943
379300,0.7647055175745358
379400,0.7647952583497926
379500,0.7648849648981237
379600,0.7649746372325834
379700,0.7650642753662207
379800,0.7651538793120796
379900,0.7652434490831994
380000,0.7653329846926141
380100,0.765422486153353
380200,0.7655119534784404
380300,0.7656013866808953
380400,0.7656907857737323
380500,0.7657801507699605
380600,0.7658694816825844
380700,0.7659587785246034
380800,0.7660480413090119
380900,0.7661372700487994
381000,0.7662264647569504
381100,0.7663156254464447
381200,0.7664047521302566
381300,0.7664938448213561
381400,0.7665829035327077
381500,0.7666719282772715
381600,0.766760919068002
381700,0.7668498759178493
381800,0.7669387988397584
381900,0.7670276878466692
382000,0.767116542951517
382100,0.7672053641672318
382200,0.7672941515067389
382300,0.7673829049829586
382400,0.7674716246088062
382500,0.7675603103971924
382600,0.7676489623610225
382700,0.7677375805131973
382800,0.7678261648666123
382900,0.7679147154341582
383000,0.7680032322287211
383100,0.7680917152631819
383200,0.7681801645504164
383300,0.7682685801032959
383400,0.7683569619346866
383500,0.7684453100574498
383600,0.7685336244844418
383700,0.7686219052285143
383800,0.7687101523025136
383900,0.7687983657192816
384000,0.7688865454916549
384100,0.7689746916324657
384200,0.7690628041545406
384300,0.7691508830707021
384400,0.7692389283937673
384500,0.7693269401365483
384600,0.7694149183118528
384700,0.7695028629324833
384800,0.7695907740112374
384900,0.769678651560908
385000,0.7697664955942829
385100,0.7698543061241452
385200,0.7699420831632731
385300,0.7700298267244399
385400,0.7701175368204138
385500,0.7702052134639586
385600,0.770292856667833
385700,0.7703804664447906
385800,0.7704680428075805
385900,0.7705555857689468
386000,0.7706430953416286
386100,0.7707305715383603
386200,0.7708180143718715
386300,0.7709054238548868
386400,0.770992800000126
386500,0.771080142820304
386600,0.7711674523281311
386700,0.7712547285363123
386800,0.7713419714575482
386900,0.7714291811045343
387000,0.7715163574899613
387100,0.7716035006265151
387200,0.7716906105268766
387300,0.7717776872037223
387400,0.7718647306697234
387500,0.7719517409375464
387600,0.7720387180198531
387700,0.7721256619293003
387800,0.7722125726785402
387900,0.7722994502802198
388000,0.7723862947469817
388100,0.7724731060914634
388200,0.7725598843262977
388300,0.7726466294641124
388400,0.7727333415175309
388500,0.7728200204991713
388600,0.7729066664216471
388700,0.7729932792975671
388800,0.7730798591395351
388900,0.7731664059601502
389000,0.7732529197720067
389100,0.773339400587694
389200,0.7734258484197969
389300,0.7735122632808951
389400,0.7735986451835636
389500,0.7736849941403728
389600,0.7737713101638883
389700,0.7738575932666706
389800,0.7739438434612756
389900,0.7740300607602546
390000,0.7741162451761536
390100,0.7742023967215144
390200,0.7742885154088736
390300,0.7743746012507632
390400,0.7744606542597103
390500,0.7745466744482375
390600,0.7746326618288624
390700,0.7747186164140977
390800,0.7748045382164516
390900,0.7748904272484274
391000,0.7749762835225237
391100,0.7750621070512341
391200,0.7751478978470479
391300,0.7752336559224491
391400,0.7753193812899172
391500,0.7754050739619271
391600,0.7754907339509487
391700,0.7755763612694472
391800,0.775661955929883
391900,0.7757475179447119
392000,0.7758330473263848
392100,0.7759185440873481
392200,0.7760040082400429
392300,0.7760894397969063
392400,0.77617483877037
392500,0.7762602051728613
392600,0.7763455390168028
392700,0.7764308403146122
392800,0.7765161090787025
392900,0.776601345321482
393000,0.7766865490553541
393100,0.7767717202927179
393200,0.7768568590459674
393300,0.7769419653274918
393400,0.7770270391496759
393500,0.7771120805248997
393600,0.7771970894655381
393700,0.7772820659839619
393800,0.7773670100925367
393900,0.7774519218036235
394000,0.7775368011295787
394100,0.7776216480827539
394200,0.777706462675496
394300,0.7777912449201473
394400,0.7778759948290451
394500,0.7779607124145222
394600,0.7780453976889069
394700,0.7781300506645223
394800,0.7782146713536873
394900,0.7782992597687157
395000,0.778383815921917
395100,0.7784683398255955
395200,0.7785528314920513
395300,0.7786372909335795
395400,0.7787217181624707
395500,0.7788061131910107
395600,0.7788904760314805
395700,0.7789748066961568
395800,0.7790591051973113
395900,0.7791433715472109
396000,0.7792276057581182
396100,0.779311807842291
396200,0.7793959778119822
396300,0.7794801156794402
396400,0.7795642214569088
396500,0.7796482951566271
396600,0.7797323367908293
396700,0.7798163463717452
396800,0.7799003239116
396900,0.7799842694226138
397000,0.7800681829170025
397100,0.7801520644069773
397200,0.7802359139047442
397300,0.7803197314225054
397400,0.7804035169724577
397500,0.7804872705667938
397600,0.7805709922177012
397700,0.7806546819373632
397800,0.7807383397379584
397900,0.7808219656316605
398000,0.7809055596306389
398100,0.7809891217470579
398200,0.7810726519930777
398300,0.7811561503808535
398400,0.7812396169225359
398500,0.7813230516302709
398600,0.7814064545162002
398700,0.7814898255924602
398800,0.7815731648711831
398900,0.7816564723644965
399000,0.7817397480845234
399100,0.7818229920433818
399200,0.7819062042531855
399300,0.7819893847260435
399400,0.7820725334740601
399500,0.7821556505093352
399600,0.7822387358439639
399700,0.7823217894900367
399800,0.7824048114596398
399900,0.7824878017648542
400000,0.7825707604177568
400100,0.7826536874304197
400200,0.7827365828149104
400300,0.7828194465832918
400400,0.7829022787476223
400500,0.7829850793199555
400600,0.7830678483123406
400700,0.7831505857368221
400800,0.7832332916054399
400900,0.7833159659302292
401000,0.783398608723221
401100,0.7834812199964413
401200,0.7835637997619117
401300,0.7836463480316492
401400,0.7837288648176662
401500,0.7838113501319706
401600,0.7838938039865654
401700,0.7839762263934494
401800,0.7840586173646168
401900,0.7841409769120569
402000,0.7842233050477548
402100,0.7843056017836908
402200,0.7843878671318407
402300,0.7844701011041757
402400,0.7845523037126626
402500,0.7846344749692633
402600,0.7847166148859355
402700,0.7847987234746321
402800,0.7848808007473015
402900,0.7849628467158876
403000,0.7850448613923297
403100,0.7851268447885624
403200,0.7852087969165162
403300,0.7852907177881167
403400,0.7853726074152847
403500,0.785454465809937
403600,0.7855362929839856
403700,0.785618088949338
403800,0.785699853717897
403900,0.785781587301561
404000,0.7858632897122239
404100,0.785944960961775
404200,0.7860266010620991
404300,0.7861082100250764
404400,0.7861897878625825
404500,0.7862713345864889
404600,0.7863528502086621
404700,0.786434334740964
404800,0.7865157881952526
404900,0.7865972105833807
405000,0.786678601917197
405100,0.7867599622085454
405200,0.7868412914692655
405300,0.7869225897111924
405400,0.7870038569461566
405500,0.7870850931859839
405600,0.7871662984424959
405700,0.7872474727275095
405800,0.7873286160528373
405900,0.7874097284302871
406000,0.7874908098716624
406100,0.7875718603887623
406200,0.787652879993381
406300,0.7877338686973085
406400,0.7878148265123304
406500,0.7878957534502276
406600,0.7879766495227765
406700,0.788057514741749
406800,0.7881383491189127
406900,0.7882191526660307
407000,0.7882999253948613
407100,0.7883806673171586
407200,0.7884613784446722
407300,0.7885420587891472
407400,0.788622708362324
407500,0.7887033271759387
407600,0.7887839152417232
407700,0.7888644725714044
407800,0.788944999176705
407900,0.7890254950693434
408000,0.7891059602610331
408100,0.7891863947634834
408200,0.7892667985883993
408300,0.789347171747481
408400,0.7894275142524244
408500,0.7895078261149209
408600,0.7895881073466575
408700,0.7896683579593167
408800,0.7897485779645764
408900,0.7898287673741105
409000,0.7899089261995877
409100,0.7899890544526732
409200,0.7900691521450269
409300,0.7901492192883046
409400,0.7902292558941578
409500,0.7903092619742333
409600,0.7903892375401735
409700,0.7904691826036168
409800,0.7905490971761961
409900,0.7906289812695413
410000,0.7907088348952764
410100,0.7907886580650223
410200,0.7908684507903945
410300,0.7909482130830044
410400,0.7910279449544592
410500,0.7911076464163612
410600,0.7911873174803087
410700,0.7912669581578954
410800,0.7913465684607105
410900,0.791426148400339
411000,0.7915056979883612
411100,0.7915852172363533
411200,0.7916647061558868
411300,0.7917441647585288
411400,0.7918235930558424
411500,0.7919029910593858
411600,0.7919823587807129
411700,0.7920616962313733
411800,0.7921410034229124
411900,0.7922202803668705
412000,0.7922995270747845
412100,0.7923787435581859
412200,0.7924579298286025
412300,0.7925370858975574
412400,0.7926162117765695
412500,0.792695307477153
412600,0.7927743730108179
412700,0.7928534083890697
412800,0.7929324136234099
412900,0.7930113887253352
413000,0.7930903337063379
413100,0.793169248577906
413200,0.7932481333515236
413300,0.7933269880386695
413400,0.7934058126508188
413500,0.7934846071994421
413600,0.7935633716960055
413700,0.7936421061519708
413800,0.7937208105787954
413900,0.7937994849879323
414000,0.7938781293908304
414100,0.7939567437989337
414200,0.7940353282236822
414300,0.7941138826765116
414400,0.7941924071688532
414500,0.7942709017121337
414600,0.7943493663177756
414700,0.7944278009971971
414800,0.7945062057618121
414900,0.7945845806230298
415000,0.7946629255922555
415100,0.7947412406808898
415200,0.7948195259003291
415300,0.7948977812619655
415400,0.7949760067771868
415500,0.7950542024573761
415600,0.7951323683139127
415700,0.795210504358171
415800,0.7952886106015215
415900,0.7953666870553301
416000,0.7954447337309586
416100,0.7955227506397642
416200,0.7956007377930999
416300,0.7956786952023145
416400,0.7957566228787522
416500,0.795834520833753
416600,0.7959123890786527
416700,0.7959902276247827
416800,0.7960680364834698
416900,0.796145815666037
417000,0.7962235651838026
417100,0.7963012850480805
417200,0.7963789752701809
417300,0.7964566358614088
417400,0.7965342668330656
417500,0.796611868196448
417600,0.7966894399628488
417700,0.7967669821435559
417800,0.7968444947498534
417900,0.7969219777930209
418000,0.7969994312843336
418100,0.7970768552350627
418200,0.7971542496564746
418300,0.797231614559832
418400,0.797308949956393
418500,0.7973862558574113
418600,0.7974635322741364
418700,0.7975407792178137
418800,0.797617996699684
418900,0.7976951847309841
419000,0.7977723433229463
419100,0.7978494724867988
419200,0.7979265722337653
419300,0.7980036425750653
419400,0.7980806835219141
419500,0.7981576950855227
419600,0.7982346772770978
419700,0.7983116301078419
419800,0.798388553588953
419900,0.7984654477316251
420000,0.7985423125470477
420100,0.7986191480464062
420200,0.7986959542408818
420300,0.7987727311416511
420400,0.7988494787598869
420500,0.7989261971067573
420600,0.7990028861934263
420700,0.7990795460310538
420800,0.7991561766307953
420900,0.799232778003802
421000,0.799309350161221
421100,0.7993858931141948
421200,0.7994624068738624
421300,0.7995388914513576
421400,0.7996153468578107
421500,0.7996917731043472
421600,0.7997681702020889
421700,0.799844538162153
421800,0.7999208769956524
421900,0.799997186713696
422000,0.8000734673273884
422100,0.8001497188478299
422200,0.8002259412861167
422300,0.8003021346533405
422400,0.8003782989605891
422500,0.8004544342189457
422600,0.8005305404394897
422700,0.800606617633296
422800,0.8006826658114351
422900,0.8007586849849738
423000,0.8008346751649743
423100,0.8009106363624947
423200,0.8009865685885887
423300,0.8010624718543061
423400,0.8011383461706924
423500,0.8012141915487885
423600,0.8012900079996316
423700,0.8013657955342544
423800,0.8014415541636856
423900,0.8015172838989495
424000,0.8015929847510663
424100,0.8016686567310519
424200,0.8017442998499181
424300,0.8018199141186726
424400,0.8018954995483185
424500,0.8019710561498552
424600,0.8020465839342775
424700,0.8021220829125764
424800,0.8021975530957383
424900,0.8022729944947455
425000,0.8023484071205765
425100,0.8024237909842052
425200,0.8024991460966014
425300,0.8025744724687308
425400,0.8026497701115549
425500,0.8027250390360309
425600,0.8028002792531119
425700,0.802875490773747
425800,0.8029506736088807
425900,0.8030258277694539
426000,0.8031009532664026
426100,0.8031760501106595
426200,0.8032511183131524
426300,0.8033261578848053
426400,0.8034011688365379
426500,0.8034761511792656
426600,0.8035511049239001
426700,0.8036260300813486
426800,0.803700926662514
426900,0.8037757946782954
427000,0.8038506341395875
427100,0.8039254450572809
427200,0.8040002274422621
427300,0.8040749813054133
427400,0.804149706657613
427500,0.8042244035097348
427600,0.8042990718726488
427700,0.8043737117572206
427800,0.8044483231743118
427900,0.8045229061347801
428000,0.8045974606494782
428100,0.8046719867292559
428200,0.8047464843849578
428300,0.8048209536274249
428400,0.8048953944674939
428500,0.8049698069159974
428600,0.805044190983764
428700,0.805118546681618
428800,0.8051928740203795
428900,0.8052671730108648
429000,0.8053414436638857
429100,0.8054156859902502
429200,0.8054899000007618
429300,0.8055640857062202
429400,0.8056382431174209
429500,0.8057123722451554
429600,0.8057864731002107
429700,0.8058605456933701
429800,0.8059345900354125
429900,0.8060086061371129
430000,0.8060825940092421
430100,0.8061565536625668
430200,0.8062304851078496
430300,0.8063043883558489
430400,0.8063782634173191
430500,0.8064521103030106
430600,0.8065259290236694
430700,0.8065997195900376
430800,0.8066734820128534
430900,0.8067472163028504
431000,0.8068209224707587
431100,0.8068946005273037
431200,0.8069682504832071
431300,0.8070418723491865
431400,0.8071154661359552
431500,0.8071890318542227
431600,0.8072625695146942
431700,0.8073360791280708
431800,0.8074095607050498
431900,0.807483014256324
432000,0.8075564397925824
432100,0.8076298373245099
432200,0.8077032068627873
432300,0.8077765484180913
432400,0.8078498620010945
432500,0.8079231476224655
432600,0.8079964052928689
432700,0.808069635022965
432800,0.8081428368234101
432900,0.8082160107048568
433000,0.808289156677953
433100,0.8083622747533431
433200,0.8084353649416671
433300,0.8085084272535612
433400,0.8085814616996573
433500,0.8086544682905834
433600,0.8087274470369633
433700,0.8088003979494169
433800,0.8088733210385601
433900,0.8089462163150046
434000,0.809019083789358
434100,0.8090919234722241
434200,0.8091647353742024
434300,0.8092375195058884
434400,0.8093102758778739
434500,0.809383004500746
434600,0.8094557053850884
434700,0.8095283785414805
434800,0.8096010239804976
434900,0.8096736417127112
435000,0.8097462317486884
435100,0.8098187940989926
435200,0.809891328774183
435300,0.8099638357848149
435400,0.8100363151414395
435500,0.8101087668546039
435600,0.8101811909348512
435700,0.8102535873927206
435800,0.8103259562387473
435900,0.8103982974834623
436000,0.8104706111373927
436100,0.8105428972110615
436200,0.8106151557149879
436300,0.8106873866596868
436400,0.8107595900556692
436500,0.8108317659134423
436600,0.8109039142435088
436700,0.8109760350563682
436800,0.8110481283625149
436900,0.8111201941724404
437000,0.8111922324966314
437100,0.811264243345571
437200,0.8113362267297382
437300,0.8114081826596079
437400,0.8114801111456512
437500,0.8115520121983352
437600,0.8116238858281227
437700,0.811695732045473
437800,0.8117675508608408
437900,0.8118393422846776
438000,0.81191110632743
438100,0.8119828429995415
438200,0.8120545523114509
438300,0.8121262342735933
438400,0.8121978888964001
438500,0.8122695161902982
438600,0.8123411161657109
438700,0.8124126888330575
438800,0.8124842342027531
438900,0.8125557522852089
439000,0.8126272430908325
439100,0.8126987066300269
439200,0.8127701429131915
439300,0.8128415519507217
439400,0.8129129337530091
439500,0.812984288330441
439600,0.813055615693401
439700,0.8131269158522685
439800,0.8131981888174191
439900,0.8132694345992245
440000,0.8133406532080524
440100,0.8134118446542663
440200,0.8134830089482262
440300,0.8135541461002878
440400,0.8136252561208029
440500,0.8136963390201196
440600,0.8137673948085816
440700,0.8138384234965292
440800,0.8139094250942982
440900,0.813980399612221
441000,0.8140513470606255
441100,0.8141222674498362
441200,0.8141931607901733
441300,0.8142640270919532
441400,0.8143348663654884
441500,0.8144056786210873
441600,0.8144764638690545
441700,0.8145472221196907
441800,0.8146179533832926
441900,0.814688657670153
442000,0.8147593349905606
442100,0.8148299853548008
442200,0.8149006087731541
442300,0.814971205255898
442400,0.8150417748133053
442500,0.8151123174556456
442600,0.8151828331931841
442700,0.8152533220361822
442800,0.8153237839948975
442900,0.8153942190795834
443000,0.81546462730049
443100,0.8155350086678627
443200,0.8156053631919434
443300,0.8156756908829703
443400,0.8157459917511773
443500,0.8158162658067948
443600,0.8158865130600487
443700,0.8159567335211615
443800,0.8160269272003517
443900,0.8160970941078339
444000,0.8161672342538188
444100,0.816237347648513
444200,0.8163074343021195
444300,0.8163774942248372
444400,0.8164475274268613
444500,0.816517533918383
444600,0.8165875137095896
444700,0.8166574668106645
444800,0.8167273932317873
444900,0.8167972929831337
445000,0.8168671660748754
445100,0.8169370125171804
445200,0.8170068323202128
445300,0.8170766254941326
445400,0.8171463920490961
445500,0.8172161319952558
445600,0.81728584534276
445700,0.8173555321017538
445800,0.8174251922823776
445900,0.8174948258947686
446000,0.8175644329490597
446100,0.8176340134553801
446200,0.8177035674238552
446300,0.8177730948646065
446400,0.8178425957877515
446500,0.8179120702034041
446600,0.817981518121674
446700,0.8180509395526674
446800,0.8181203345064865
446900,0.8181897029932295
447000,0.818259045022991
447100,0.8183283606058616
447200,0.818397649751928
447300,0.8184669124712732
447400,0.8185361487739764
447500,0.8186053586701126
447600,0.8186745421697534
447700,0.8187436992829664
447800,0.8188128300198152
447900,0.8188819343903597
448000,0.8189510124046561
