x,y
0,0.0
100,0.00039331406103793043
200,0.000786473426125367
300,0.001179478156106195
400,0.0015723283118006526
500,0.0019650239540051073
600,0.0023575651434917244
700,0.00274995194100891
800,0.003142184407281312
900,0.003534262603009597
1000,0.003926186588870451
1100,0.0043179564255168
1200,0.004709572173577592
1300,0.005101033893658347
1400,0.005492341646340049
1500,0.00588349549218059
1600,0.006274495491713439
1700,0.006665341705448635
1800,0.00705603419387224
1900,0.007446573017446556
2000,0.007836958236610236
2100,0.008227189911778066
2200,0.008617268103340958
2300,0.00900719287166607
2400,0.009396964277097242
2500,0.00978658237995389
2600,0.010176047240532449
2700,0.010565358919104928
2800,0.010954517475920134
2900,0.01134352297120289
3000,0.011732375465154599
3100,0.012121075017952787
3200,0.012509621689751338
3300,0.012898015540680485
3400,0.013286256630846816
3500,0.013674345020333378
3600,0.014062280769199353
3700,0.014450063937480606
3800,0.01483769458518902
3900,0.015225172772313278
4000,0.015612498558818189
4100,0.015999672004645138
4200,0.01638669316971164
4300,0.01677356211391212
4400,0.01716027889711702
4500,0.017546843579173355
4600,0.017933256219904825
4700,0.018319516879111375
4800,0.01870562561656941
4900,0.01909158249203191
5000,0.01947738756522832
5100,0.019863040895864548
5200,0.020248542543623294
5300,0.02063389256816328
5400,0.021019091029120363
5500,0.021404137986106297
5600,0.021789033498709975
5700,0.022173777626496527
5800,0.022558370429007657
5900,0.022942811965761867
6000,0.0233271022962539
6100,0.023711241479955514
6200,0.024095229576314825
6300,0.02447906664475652
6400,0.02486275274468197
6500,0.025246287935469458
6600,0.025629672276473392
6700,0.0260129058270252
6800,0.026395988646433
6900,0.026778920793981364
7000,0.02716170232893167
7100,0.027544333310521973
7200,0.02792681379796702
7300,0.02830914385045824
7400,0.02869132352716397
7500,0.029073352887228898
7600,0.029455231989774844
7700,0.02983696089390009
7800,0.03021853965867982
7900,0.03059996834316603
8000,0.03098124700638738
8100,0.03136237570734923
8200,0.03174335450503396
8300,0.032124183458400624
8400,0.03250486262638508
8500,0.03288539206789998
8600,0.03326577184183499
8700,0.03364600200705625
8800,0.03402608262240714
8900,0.03440601374670771
9000,0.03478579543875493
9100,0.035165427757322454
9200,0.035544910761161064
9300,0.03592424450899834
9400,0.03630342905953876
9500,0.03668246447146373
9600,0.037061350803431536
9700,0.03744008811407751
9800,0.037818676462013756
9900,0.038197115905829415
10000,0.038575406504090526
10100,0.03895354831534026
10200,0.03933154139809847
10300,0.03970938581086225
10400,0.040087081612105724
10500,0.04046462886027968
10600,0.04084202761381217
10700,0.041219277931108356
10800,0.041596379870550204
10900,0.04197333349049681
11000,0.0423501388492844
11100,0.04272679600522611
11200,0.04310330501661219
11300,0.04347966594170993
11400,0.04385587883876385
11500,0.044231943765995374
11600,0.04460786078160306
11700,0.044983629943762926
11800,0.04535925131062746
11900,0.04573472494032682
12000,0.04611005089096809
12100,0.04648522922063547
12200,0.04686025998739041
12300,0.04723514324927147
12400,0.04760987906429437
12500,0.04798446749045204
12600,0.04835890858571468
12700,0.048733202408029475
12800,0.04910734901532099
12900,0.049481348465490904
13000,0.049855200816418366
13100,0.050228906125959316
13200,0.05060246445194738
13300,0.05097587585219332
13400,0.051349140384484904
13500,0.05172225810658748
13600,0.05209522907624353
13700,0.05246805335117277
13800,0.05284073098907249
13900,0.053213262047617005
14000,0.05358564658445786
14100,0.0539578846572244
14200,0.05432997632352288
14300,0.0547019216409369
14400,0.05507372066702776
14500,0.05544537345933376
14600,0.05581688007537067
14700,0.05618824057263172
14800,0.0565594550085875
14900,0.056930523440686054
15000,0.05730144592635256
15100,0.05767222252298987
15200,0.05804285328797831
15300,0.05841333827867534
15400,0.0587836775524162
15500,0.05915387116651327
15600,0.05952391917825661
15700,0.05989382164491375
15800,0.06026357862372944
15900,0.060633190171926254
16000,0.0610026563467041
16100,0.061371977205240236
16200,0.061741152804689725
16300,0.062110183202184865
16400,0.06247906845483586
16500,0.06284780861973005
16600,0.06321640375393245
16700,0.06358485391448576
16800,0.06395315915841016
16900,0.06432131954270326
17000,0.06468933512434061
17100,0.06505720596027509
17200,0.06542493210743705
17300,0.06579251362273464
17400,0.0661599505630538
17500,0.0665272429852578
17600,0.06689439094618754
17700,0.06726139450266189
17800,0.06762825371147696
17900,0.0679949686294068
18000,0.06836153931320299
18100,0.06872796581959484
18200,0.06909424820528953
18300,0.06946038652697151
18400,0.06982638084130333
18500,0.07019223120492502
18600,0.07055793767445451
18700,0.07092350030648731
18800,0.07128891915759672
18900,0.07165419428433384
19000,0.07201932574322745
19100,0.07238431359078412
19200,0.07274915788348824
19300,0.07311385867780196
19400,0.07347841603016525
19500,0.07384282999699576
19600,0.07420710063468916
19700,0.07457122799961868
19800,0.07493521214813548
19900,0.07529905313656882
20000,0.07566275102122533
20100,0.07602630585838988
20200,0.07638971770432501
20300,0.07675298661527108
20400,0.07711611264744667
20500,0.07747909585704782
20600,0.07784193630024872
20700,0.07820463403320144
20800,0.07856718911203586
20900,0.07892960159285978
21000,0.0792918715317592
21100,0.07965399898479775
21200,0.08001598400801713
21300,0.08037782665743698
21400,0.08073952698905495
21500,0.08110108505884661
21600,0.08146250092276552
21700,0.08182377463674317
21800,0.0821849062566894
21900,0.08254589583849148
22000,0.0829067434380153
22100,0.08326744911110417
22200,0.08362801291358002
22300,0.08398843490124241
22400,0.08434871512986919
22500,0.08470885365521619
22600,0.08506885053301716
22700,0.0854287058189841
22800,0.08578841956880723
22900,0.08614799183815458
23000,0.08650742268267242
23100,0.08686671215798525
23200,0.08722586031969537
23300,0.08758486722338343
23400,0.08794373292460833
23500,0.08830245747890697
23600,0.08866104094179428
23700,0.08901948336876353
23800,0.08937778481528624
23900,0.08973594533681195
24000,0.09009396498876854
24100,0.09045184382656168
24200,0.09080958190557598
24300,0.09116717928117346
24400,0.09152463600869498
24500,0.0918819521434594
24600,0.0922391277407637
24700,0.09259616285588346
24800,0.09295305754407202
24900,0.09330981186056142
25000,0.09366642586056184
25100,0.0940228995992618
25200,0.09437923313182783
25300,0.09473542651340505
25400,0.09509147979911692
25500,0.09544739304406502
25600,0.0958031663033293
25700,0.09615879963196827
25800,0.09651429308501847
25900,0.09686964671749498
26000,0.09722486058439117
26100,0.09757993474067883
26200,0.09793486924130823
26300,0.09828966414120766
26400,0.09864431949528418
26500,0.09899883535842313
26600,0.09935321178548828
26700,0.09970744883132177
26800,0.10006154655074417
26900,0.10041550499855456
27000,0.10076932422953044
27100,0.10112300429842769
27200,0.10147654525998062
27300,0.10182994716890237
27400,0.10218321007988407
27500,0.10253633404759566
27600,0.10288931912668542
27700,0.10324216537178021
27800,0.10359487283748547
27900,0.10394744157838509
28000,0.10429987164904142
28100,0.10465216310399539
28200,0.1050043159977665
28300,0.10535633038485293
28400,0.10570820631973121
28500,0.10605994385685646
28600,0.1064115430506627
28700,0.10676300395556215
28800,0.10711432662594567
28900,0.10746551111618308
29000,0.10781655748062247
29100,0.1081674657735906
29200,0.10851823604939304
29300,0.1088688683623138
29400,0.10921936276661559
29500,0.1095697193165398
29600,0.10991993806630662
29700,0.11027001907011469
29800,0.11061996238214156
29900,0.11096976805654313
30000,0.11131943614745432
30100,0.11166896670898874
30200,0.11201835979523844
30300,0.11236761546027463
30400,0.11271673375814673
30500,0.1130657147428834
30600,0.11341455846849169
30700,0.11376326498895761
30800,0.1141118343582459
30900,0.11446026663029996
31000,0.11480856185904209
31100,0.1151567200983733
31200,0.1155047414021736
31300,0.11585262582430156
31400,0.11620037341859468
31500,0.11654798423886925
31600,0.11689545833892045
31700,0.11724279577252228
31800,0.11758999659342761
31900,0.11793706085536793
32000,0.11828398861205403
32100,0.1186307799171753
32200,0.11897743482439993
32300,0.11932395338737523
32400,0.1196703356597274
32500,0.12001658169506124
32600,0.12036269154696089
32700,0.12070866526898905
32800,0.12105450291468756
32900,0.12140020453757727
33000,0.12174577019115773
33100,0.12209119992890771
33200,0.12243649380428467
33300,0.1227816518707252
33400,0.12312667418164502
33500,0.12347156079043853
33600,0.12381631175047936
33700,0.12416092711511995
33800,0.12450540693769208
33900,0.12484975127150622
34000,0.12519396016985207
34100,0.12553803368599814
34200,0.1258819718731924
34300,0.12622577478466146
34400,0.12656944247361124
34500,0.12691297499322662
34600,0.12725637239667165
34700,0.12759963473708935
34800,0.1279427620676019
34900,0.12828575444131074
35000,0.12862861191129604
35100,0.1289713345306175
35200,0.12931392235231376
35300,0.12965637542940267
35400,0.12999869381488105
35500,0.13034087756172508
35600,0.13068292672288995
35700,0.13102484135131032
35800,0.13136662149989953
35900,0.1317082672215506
36000,0.13204977856913536
36100,0.13239115559550518
36200,0.13273239835349038
36300,0.1330735068959007
36400,0.1334144812755248
36500,0.13375532154513103
36600,0.13409602775746676
36700,0.13443659996525836
36800,0.1347770382212119
36900,0.13511734257801244
37000,0.13545751308832432
37100,0.13579754980479153
37200,0.13613745278003675
37300,0.13647722206666246
37400,0.13681685771725027
37500,0.13715635978436103
37600,0.13749572832053503
37700,0.13783496337829193
37800,0.13817406501013052
37900,0.13851303326852926
38000,0.13885186820594575
38100,0.13919056987481693
38200,0.1395291383275593
38300,0.13986757361656854
38400,0.14020587579421984
38500,0.14054404491286787
38600,0.14088208102484645
38700,0.14121998418246906
38800,0.14155775443802854
38900,0.14189539184379707
39000,0.1422328964520264
39100,0.14257026831494768
39200,0.14290750748477143
39300,0.1432446140136877
39400,0.14358158795386622
39500,0.1439184293574558
39600,0.14425513827658498
39700,0.14459171476336186
39800,0.14492815886987376
39900,0.14526447064818793
40000,0.14560065015035073
40100,0.14593669742838833
40200,0.14627261253430623
40300,0.14660839552008975
40400,0.14694404643770353
40500,0.1472795653390917
40600,0.14761495227617827
40700,0.1479502073008666
40800,0.14828533046503967
40900,0.14862032182056006
41000,0.1489551814192701
41100,0.14928990931299135
41200,0.14962450555352547
41300,0.14995897019265347
41400,0.15029330328213586
41500,0.15062750487371313
41600,0.15096157501910523
41700,0.15129551377001182
41800,0.15162932117811212
41900,0.15196299729506502
42000,0.15229654217250943
42100,0.15262995586206352
42200,0.15296323841532533
42300,0.15329638988387273
42400,0.15362941031926303
42500,0.15396229977303344
42600,0.15429505829670098
42700,0.15462768594176213
42800,0.15496018275969348
42900,0.1552925488019511
43000,0.15562478411997083
43100,0.15595688876516844
43200,0.1562888627889394
43300,0.1566207062426589
43400,0.15695241917768188
43500,0.1572840016453434
43600,0.15761545369695795
43700,0.15794677538382007
43800,0.15827796675720396
43900,0.15860902786836384
44000,0.15893995876853362
44100,0.1592707595089271
44200,0.15960143014073802
44300,0.15993197071513998
44400,0.16026238128328618
44500,0.16059266189630994
44600,0.1609228126053246
44700,0.16125283346142316
44800,0.16158272451567857
44900,0.16191248581914375
45000,0.16224211742285144
45100,0.1625716193778144
45200,0.16290099173502548
45300,0.16323023454545704
45400,0.16355934786006177
45500,0.16388833172977213
45600,0.16421718620550074
45700,0.16454591133814
45800,0.16487450717856245
45900,0.1652029737776204
46000,0.1655313111861464
46100,0.1658595194549528
46200,0.16618759863483212
46300,0.16651554877655694
46400,0.16684336993087967
46500,0.16717106214853283
46600,0.1674986254802292
46700,0.16782605997666122
46800,0.1681533656885018
46900,0.16848054266640367
47000,0.16880759096099962
47100,0.16913451062290275
47200,0.1694613017027059
47300,0.16978796425098241
47400,0.1701144983182855
47500,0.17044090395514855
47600,0.1707671812120849
47700,0.17109333013958838
47800,0.17141935078813264
47900,0.17174524320817164
48000,0.17207100745013948
48100,0.1723966435644504
48200,0.17272215160149873
48300,0.1730475316116591
48400,0.1733727836452863
48500,0.17369790775271532
48600,0.17402290398426123
48700,0.1743477723902196
48800,0.17467251302086584
48900,0.1749971259264559
49000,0.17532161115722578
49100,0.17564596876339178
49200,0.17597019879515052
49300,0.17629430130267876
49400,0.17661827633613347
49500,0.17694212394565223
49600,0.1772658441813525
49700,0.1775894370933322
49800,0.1779129027316695
49900,0.1782362411464231
50000,0.1785594523876316
50100,0.17888253650531427
50200,0.17920549354947057
50300,0.1795283235700803
50400,0.17985102661710362
50500,0.180173602740481
50600,0.1804960519901333
50700,0.1808183744159617
50800,0.1811405700678479
50900,0.18146263899565374
51000,0.1817845812492217
51100,0.1821063968783745
51200,0.18242808593291526
51300,0.18274964846262753
51400,0.1830710845172755
51500,0.18339239414660335
51600,0.183713577400336
51700,0.1840346343281789
51800,0.18435556497981764
51900,0.1846763694049185
52000,0.18499704765312808
52100,0.18531759977407358
52200,0.18563802581736255
52300,0.18595832583258332
52400,0.18627849986930423
52500,0.18659854797707454
52600,0.18691847020542396
52700,0.18723826660386245
52800,0.18755793722188074
52900,0.18787748210895006
53000,0.18819690131452216
53100,0.1885161948880294
53200,0.18883536287888458
53300,0.1891544053364811
53400,0.18947332231019298
53500,0.18979211384937478
53600,0.19011078000336168
53700,0.19042932082146946
53800,0.19074773635299447
53900,0.19106602664721362
54000,0.1913841917533846
54100,0.19170223172074563
54200,0.1920201465985154
54300,0.1923379364358937
54400,0.19265560128206038
54500,0.19297314118617648
54600,0.19329055619738322
54700,0.193607846364803
54800,0.1939250117375384
54900,0.19424205236467307
55000,0.19455896829527108
55100,0.19487575957837755
55200,0.19519242626301792
55300,0.19550896839819853
55400,0.19582538603290645
55500,0.1961416792161096
55600,0.19645784799675625
55700,0.19677389242377585
55800,0.19708981254607838
55900,0.19740560841255472
56000,0.19772128007207623
56100,0.1980368275734955
56200,0.19835225096564546
56300,0.19866755029734007
56400,0.19898272561737418
56500,0.19929777697452322
56600,0.19961270441754353
56700,0.19992750799517223
56800,0.20024218775612745
56900,0.20055674374910792
57000,0.20087117602279347
57100,0.2011854846258444
57200,0.20149966960690235
57300,0.20181373101458944
57400,0.20212766889750888
57500,0.2024414833042446
57600,0.20275517428336165
57700,0.20306874188340585
57800,0.2033821861529037
57900,0.2036955071403631
58000,0.20400870489427259
58100,0.20432177946310148
58200,0.20463473089530038
58300,0.20494755923930053
58400,0.2052602645435142
58500,0.20557284685633492
58600,0.20588530622613666
58700,0.20619764270127483
58800,0.20650985633008556
58900,0.20682194716088598
59000,0.20713391524197433
59100,0.20744576062162978
59200,0.20775748334811261
59300,0.2080690834696639
59400,0.20838056103450597
59500,0.20869191609084214
59600,0.20900314868685665
59700,0.20931425887071486
59800,0.20962524669056326
59900,0.20993611219452923
60000,0.21024685543072152
60100,0.21055747644722955
60200,0.2108679752921242
60300,0.21117835201345725
60400,0.2114886066592615
60500,0.211798739277551
60600,0.212108749916321
60700,0.21241863862354782
60800,0.21272840544718852
60900,0.21303805043518198
61000,0.21334757363544765
61100,0.21365697509588655
61200,0.21396625486438048
61300,0.2142754129887927
61400,0.21458444951696742
61500,0.21489336449673035
61600,0.21520215797588793
61700,0.21551083000222837
61800,0.21581938062352046
61900,0.2161278098875148
62000,0.2164361178419426
62100,0.21674430453451687
62200,0.21705237001293154
62300,0.21736031432486191
62400,0.2176681375179642
62500,0.21797583963987643
62600,0.2182834207382175
62700,0.21859088086058776
62800,0.2188982200545686
62900,0.21920543836772288
63000,0.2195125358475949
63100,0.21981951254170995
63200,0.22012636849757472
63300,0.22043310376267733
63400,0.22073971838448725
63500,0.22104621241045508
63600,0.22135258588801288
63700,0.22165883886457394
63800,0.22196497138753313
63900,0.22227098350426655
64000,0.22257687526213155
64100,0.22288264670846702
64200,0.22318829789059325
64300,0.2234938288558117
64400,0.22379923965140547
64500,0.22410453032463895
64600,0.22440970092275803
64700,0.2247147514929897
64800,0.22501968208254286
64900,0.22532449273860755
65000,0.22562918350835515
65100,0.22593375443893882
65200,0.22623820557749286
65300,0.22654253697113325
65400,0.2268467486669572
65500,0.22715084071204372
65600,0.22745481315345306
65700,0.22775866603822703
65800,0.22806239941338902
65900,0.22836601332594364
66000,0.22866950782287732
66100,0.22897288295115792
66200,0.22927613875773478
66300,0.22957927528953892
66400,0.22988229259348258
66500,0.23018519071645993
66600,0.23048796970534635
66700,0.23079062960699914
66800,0.23109317046825695
66900,0.23139559233593987
67000,0.23169789525684992
67100,0.23200007927777055
67200,0.2323021444454666
67300,0.23260409080668498
67400,0.23290591840815378
67500,0.23320762729658284
67600,0.23350921751866371
67700,0.23381068912106973
67800,0.23411204215045534
67900,0.23441327665345724
68000,0.23471439267669347
68100,0.23501539026676377
68200,0.23531626947024953
68300,0.23561703033371384
68400,0.23591767290370158
68500,0.2362181972267392
68600,0.23651860334933483
68700,0.2368188913179784
68800,0.2371190611791416
68900,0.23741911297927776
69000,0.2377190467648218
69100,0.23801886258219063
69200,0.23831856047778277
69300,0.23861814049797858
69400,0.23891760268913997
69500,0.23921694709761088
69600,0.2395161737697168
69700,0.2398152827517651
69800,0.24011427409004504
69900,0.24041314783082746
70000,0.24071190402036513
70100,0.24101054270489275
70200,0.24130906393062646
70300,0.24160746774376463
70400,0.2419057541904872
70500,0.24220392331695617
70600,0.24250197516931493
70700,0.24279990979368937
70800,0.24309772723618672
70900,0.24339542754289645
71000,0.24369301075988947
71100,0.24399047693321885
71200,0.24428782610891964
71300,0.2445850583330086
71400,0.24488217365148446
71500,0.2451791721103278
71600,0.24547605375550108
71700,0.24577281863294898
71800,0.24606946678859765
71900,0.2463659982683556
72000,0.246662413118113
72100,0.24695871138374204
72200,0.24725489311109694
72300,0.24755095834601393
72400,0.247846907134311
72500,0.24814273952178834
72600,0.24843845555422783
72700,0.24873405527739378
72800,0.24902953873703226
72900,0.24932490597887114
73000,0.24962015704862062
73100,0.24991529199197293
73200,0.2502103108546021
73300,0.2505052136821643
73400,0.2508000005202977
73500,0.2510946714146227
73600,0.2513892264107417
73700,0.2516836655542388
73800,0.2519779888906808
73900,0.25227219646561594
74000,0.25256628832457506
74100,0.25286026451307086
74200,0.25315412507659807
74300,0.25344787006063363
74400,0.25374149951063674
74500,0.25403501347204827
74600,0.25432841199029177
74700,0.2546216951107725
74800,0.2549148628788781
74900,0.2552079153399782
75000,0.2555008525394248
75100,0.25579367452255186
75200,0.25608638133467554
75300,0.25637897302109425
75400,0.25667144962708865
75500,0.2569638111979212
75600,0.2572560577788372
75700,0.2575481894150635
75800,0.2578402061518098
75900,0.25813210803426734
76000,0.25842389510761
76100,0.258715567416994
76200,0.2590071250075575
76300,0.25929856792442096
76400,0.25958989621268724
76500,0.2598811099174414
76600,0.2601722090837507
76700,0.2604631937566647
76800,0.26075406398121537
76900,0.2610448198024168
77000,0.2613354612652653
77100,0.26162598841473983
77200,0.2619164012958013
77300,0.2622066999533932
77400,0.2624968844324411
77500,0.2627869547778532
77600,0.2630769110345197
77700,0.2633667532473134
77800,0.26365648146108933
77900,0.26394609572068484
78000,0.26423559607091984
78100,0.2645249825565964
78200,0.264814255222499
78300,0.26510341411339466
78400,0.26539245927403277
78500,0.26568139074914476
78600,0.265970208583445
78700,0.26625891282162995
78800,0.2665475035083785
78900,0.266835980688352
79000,0.2671243444061945
79100,0.2674125947065319
79200,0.26770073163397323
79300,0.2679887552331094
79400,0.26827666554851415
79500,0.26856446262474354
79600,0.26885214650633604
79700,0.2691397172378128
79800,0.2694271748636774
79900,0.26971451942841584
80000,0.2700017509764965
80100,0.2702888695523705
80200,0.27057587520047155
80300,0.2708627679652156
80400,0.2711495478910011
80500,0.2714362150222095
80600,0.2717227694032043
80700,0.27200921107833187
80800,0.2722955400919209
80900,0.27258175648828276
81000,0.2728678603117115
81100,0.27315385160648353
81200,0.273439730416858
81300,0.2737254967870766
81400,0.2740111507613636
81500,0.27429669238392596
81600,0.27458212169895324
81700,0.27486743875061737
81800,0.27515264358307323
81900,0.2754377362404582
82000,0.2757227167668923
82100,0.2760075852064783
82200,0.2762923416033015
82300,0.27657698600142977
82400,0.2768615184449139
82500,0.27714593897778717
82600,0.27743024764406565
82700,0.27771444448774796
82800,0.27799852955281557
82900,0.27828250288323253
83000,0.2785663645229457
83100,0.2788501145158846
83200,0.27913375290596143
83300,0.2794172797370712
83400,0.2797006950530917
83500,0.27998399889788317
83600,0.280267191315289
83700,0.280550272349135
83800,0.2808332420432301
83900,0.2811161004413656
84000,0.2813988475873158
84100,0.2816814835248378
84200,0.28196400829767143
84300,0.2822464219495393
84400,0.2825287245241469
84500,0.2828109160651824
84600,0.2830929966163169
84700,0.2833749662212044
84800,0.28365682492348143
84900,0.2839385727667676
85000,0.28422020979466533
85100,0.2845017360507599
85200,0.28478315157861944
85300,0.2850644564217949
85400,0.28534565062382
85500,0.2856267342282116
85600,0.28590770727846926
85700,0.2861885698180755
85800,0.2864693218904957
85900,0.28674996353917814
86000,0.28703049480755405
86100,0.28731091573903755
86200,0.2875912263770257
86300,0.2878714267648984
86400,0.2881515169460187
86500,0.2884314969637324
86600,0.28871136686136833
86700,0.28899112668223825
86800,0.28927077646963695
86900,0.289550316266842
87000,0.2898297461171142
87100,0.29010906606369735
87200,0.2903882761498179
87300,0.29066737641868556
87400,0.29094636691349307
87500,0.2912252476774161
87600,0.2915040187536132
87700,0.29178268018522635
87800,0.29206123201538015
87900,0.29233967428718244
88000,0.292618007043724
88100,0.2928962303280789
88200,0.2931743441833038
88300,0.29345234865243885
88400,0.2937302437785072
88500,0.294008029604515
88600,0.2942857061734515
88700,0.2945632735282889
88800,0.2948407317119829
88900,0.2951180807674718
89000,0.2953953207376775
89100,0.2956724516655045
89200,0.29594947359384083
89300,0.29622638656555766
89400,0.29650319062350894
89500,0.29677988581053205
89600,0.2970564721694475
89700,0.2973329497430589
89800,0.29760931857415307
89900,0.2978855787054999
90000,0.2981617301798526
90100,0.29843777303994745
90200,0.2987137073285039
90300,0.29898953308822485
90400,0.2992652503617961
90500,0.29954085919188667
90600,0.29981635962114916
90700,0.3000917516922189
90800,0.3003670354477148
90900,0.3006422109302389
91000,0.30091727818237646
91100,0.3011922372466961
91200,0.3014670881657494
91300,0.30174183098207163
91400,0.3020164657381811
91500,0.3022909924765792
91600,0.302565411239751
91700,0.30283972207016474
91800,0.3031139250102717
91900,0.30338802010250676
92000,0.30366200738928795
92100,0.30393588691301665
92200,0.30420965871607775
92300,0.3044833228408391
92400,0.30475687932965223
92500,0.30503032822485177
92600,0.305303669568756
92700,0.30557690340366606
92800,0.3058500297718669
92900,0.3061230487156268
93000,0.30639596027719707
93100,0.30666876449881286
93200,0.3069414614226923
93300,0.30721405109103717
93400,0.3074865335460326
93500,0.30775890882984713
93600,0.30803117698463267
93700,0.3083033380525245
93800,0.30857539207564144
93900,0.30884733909608575
94000,0.3091191791559431
94100,0.30939091229728255
94200,0.30966253856215664
94300,0.30993405799260143
94400,0.3102054706306364
94500,0.31047677651826444
94600,0.31074797569747203
94700,0.3110190682102292
94800,0.3112900540984891
94900,0.3115609334041889
95000,0.31183170616924893
95100,0.31210237243557304
95200,0.3123729322450488
95300,0.3126433856395472
95400,0.3129137326609226
95500,0.3131839733510131
95600,0.3134541077516405
95700,0.31372413590460957
95800,0.3139940578517093
95900,0.31426387363471187
96000,0.31453358329537306
96100,0.3148031868754323
96200,0.3150726844166126
96300,0.3153420759606206
96400,0.3156113615491464
96500,0.31588054122386366
96600,0.31614961502643
96700,0.31641858299848646
96800,0.31668744518165737
96900,0.3169562016175512
97000,0.3172248523477599
97100,0.31749339741385874
97200,0.3177618368574072
97300,0.3180301707199479
97400,0.3182983990430074
97500,0.31856652186809586
97600,0.31883453923670724
97700,0.3191024511903189
97800,0.31937025777039196
97900,0.31963795901837155
98000,0.3199055549756862
98100,0.32017304568374805
98200,0.32044043118395327
98300,0.3207077115176815
98400,0.32097488672629626
98500,0.32124195685114476
98600,0.32150892193355785
98700,0.32177578201485024
98800,0.32204253713632025
98900,0.3223091873392502
99000,0.3225757326649059
99100,0.3228421731545371
99200,0.32310850884937736
99300,0.3233747397906439
99400,0.3236408660195378
99500,0.32390688757724373
99600,0.3241728045049306
99700,0.32443861684375064
99800,0.3247043246348402
99900,0.32496992791931956
100000,0.3252354267382923
100100,0.3255008211328465
100200,0.3257661111440535
100300,0.32603129681296883
100400,0.32629637818063184
100500,0.3265613552880656
100600,0.32682622817627727
100700,0.32709099688625753
100800,0.3273556614589812
100900,0.32762022193540696
101000,0.3278846783564774
101100,0.32814903076311885
101200,0.32841327919624175
101300,0.32867742369674025
101400,0.32894146430549254
101500,0.3292054010633607
101600,0.3294692340111909
101700,0.3297329631898128
101800,0.32999658864004056
101900,0.3302601104026719
102000,0.33052352851848854
102100,0.33078684302825634
102200,0.3310500539727249
102300,0.331313161392628
102400,0.3315761653286834
102500,0.3318390658215925
102600,0.33210186291204113
102700,0.33236455664069897
102800,0.3326271470482195
102900,0.3328896341752404
103000,0.3331520180623836
103100,0.3334142987502544
103200,0.33367647627944286
103300,0.3339385506905225
103400,0.33420052202405126
103500,0.334462390320571
103600,0.33472415562060753
103700,0.33498581796467086
103800,0.33524737739325505
103900,0.33550883394683817
104000,0.3357701876658824
104100,0.33603143859083395
104200,0.33629258676212337
104300,0.336553632220165
104400,0.3368145750053574
104500,0.33707541515808326
104600,0.3373361527187093
104700,0.3375967877275866
104800,0.3378573202250501
104900,0.338117750251419
105000,0.3383780778469966
105100,0.3386383030520703
105200,0.3388984259069119
105300,0.33915844645177706
105400,0.3394183647269058
105500,0.3396781807725221
105600,0.3399378946288345
105700,0.3401975063360353
105800,0.3404570159343012
105900,0.34071642346379327
106000,0.34097572896465633
106100,0.34123493247701986
106200,0.3414940340409973
106300,0.3417530336966864
106400,0.3420119314841691
106500,0.3422707274435116
106600,0.3425294216147643
106700,0.342788014037962
106800,0.3430465047531236
106900,0.3433048938002523
107000,0.3435631812193355
107100,0.34382136705034494
107200,0.3440794513332367
107300,0.34433743410795115
107400,0.3445953154144127
107500,0.3448530952925304
107600,0.34511077378219734
107700,0.3453683509232911
107800,0.34562582675567344
107900,0.3458832013191906
108000,0.3461404746536729
108100,0.34639764679893525
108200,0.34665471779477675
108300,0.3469116876809809
108400,0.3471685564973155
108500,0.3474253242835329
108600,0.3476819910793695
108700,0.3479385569245462
108800,0.3481950218587686
108900,0.3484513859217261
109000,0.3487076491530928
109100,0.34896381159252743
109200,0.34921987327967263
109300,0.34947583425415585
109400,0.3497316945555887
109500,0.34998745422356736
109600,0.3502431132976723
109700,0.35049867181746863
109800,0.35075412982250564
109900,0.3510094873523173
110000,0.35126474444642186
110100,0.3515199011443222
110200,0.35177495748550547
110300,0.35202991350944335
110400,0.35228476925559216
110500,0.35253952476339234
110600,0.35279418007226926
110700,0.3530487352216325
110800,0.3533031902508761
110900,0.3535575451993789
111000,0.3538118001065038
111100,0.35406595501159877
111200,0.3543200099539958
111300,0.35457396497301186
111400,0.354827820107948
111500,0.35508157539809004
111600,0.35533523088270846
111700,0.3555887866010581
111800,0.3558422425923784
111900,0.3560955988958936
112000,0.3563488555508121
112100,0.35660201259632707
112200,0.35685507007161654
112300,0.3571080280158426
112400,0.35736088646815245
112500,0.3576136454676775
112600,0.357866305053534
112700,0.3581188652648227
112800,0.35837132614062917
112900,0.3586236877200232
113000,0.3588759500420595
113100,0.35912811314577764
113200,0.3593801770702013
113300,0.35963214185433934
113400,0.35988400753718475
113500,0.3601357741577157
113600,0.3603874417548947
113700,0.360639010367669
113800,0.3608904800349705
113900,0.36114185079571604
114000,0.36139312268880674
114100,0.36164429575312884
114200,0.3618953700275529
114300,0.3621463455509345
114400,0.3623972223621138
114500,0.36264800049991563
114600,0.36289868000314973
114700,0.3631492609106104
114800,0.3633997432610766
114900,0.36365012709331246
115000,0.3639004124460664
115100,0.3641505993580718
115200,0.3644006878680469
115300,0.3646506780146944
115400,0.36490056983670227
115500,0.36515036337274265
115600,0.36540005866147307
115700,0.3656496557415354
115800,0.36589915465155654
115900,0.3661485554301481
116000,0.36639785811590675
116100,0.36664706274741354
116200,0.36689616936323466
116300,0.36714517800192115
116400,0.3673940887020086
116500,0.36764290150201795
116600,0.3678916164404543
116700,0.3681402335558084
116800,0.36838875288655504
116900,0.3686371744711545
117000,0.3688854983480516
117100,0.3691337245556764
117200,0.3693818531324433
117300,0.369629884116752
117400,0.369877817546987
117500,0.3701256534615177
117600,0.37037339189869845
117700,0.3706210328968683
117800,0.37086857649435157
117900,0.3711160227294572
118000,0.37136337164047917
118100,0.3716106232656965
118200,0.371857777643373
118300,0.3721048348117575
118400,0.37235179480908387
118500,0.3725986576735707
118600,0.37284542344342175
118700,0.3730920921568258
118800,0.37333866385195646
118900,0.3735851385669723
119000,0.3738315163400171
119100,0.3740777972092194
119200,0.37432398121269284
119300,0.37457006838853624
119400,0.37481605877483304
119500,0.375061952409652
119600,0.37530774933104694
119700,0.3755534495770565
119800,0.3757990531857045
119900,0.3760445601949999
120000,0.37628997064293623
120100,0.37653528456749286
120200,0.3767805020066335
120300,0.37702562299830733
120400,0.3772706475804485
120500,0.37751557579097617
120600,0.37776040766779473
120700,0.37800514324879353
120800,0.37824978257184705
120900,0.378494325674815
121000,0.378738772595542
121100,0.3789831233718579
121200,0.3792273780415776
121300,0.37947153664250133
121400,0.37971559921241405
121500,0.3799595657890864
121600,0.38020343641027365
121700,0.3804472111137165
121800,0.38069088993714073
121900,0.38093447291825744
122000,0.38117796009476257
122100,0.38142135150433754
122200,0.38166464718464876
122300,0.3819078471733479
122400,0.3821509515080719
122500,0.3823939602264427
122600,0.38263687336606766
122700,0.3828796909645391
122800,0.38312241305943484
122900,0.3833650396883178
123000,0.383607570888736
123100,0.3838500066982228
123200,0.38409234715429685
123300,0.384334592294462
123400,0.3845767421562073
123500,0.38481879677700703
123600,0.3850607561943209
123700,0.3853026204455937
123800,0.38554438956825576
123900,0.38578606359972223
124000,0.38602764257739397
124100,0.38626912653865686
124200,0.38651051552088234
124300,0.38675180956142696
124400,0.38699300869763253
124500,0.3872341129668263
124600,0.38747512240632087
124700,0.38771603705341406
124800,0.38795685694538906
124900,0.3881975821195143
125000,0.3884382126130438
125100,0.3886787484632166
125200,0.38891918970725736
125300,0.389159536382376
125400,0.38939978852576773
125500,0.3896399461746133
125600,0.3898800093660787
125700,0.39011997813731547
125800,0.39035985252546024
125900,0.3905996325676352
126000,0.3908393183009481
126100,0.3910789097624918
126200,0.39131840698934484
126300,0.39155781001857093
126400,0.39179711888721935
126500,0.3920363336323248
126600,0.3922754542909074
126700,0.39251448089997276
126800,0.3927534134965117
126900,0.3929922521175009
127000,0.39323099679990214
127100,0.3934696475806627
127200,0.3937082044967155
127300,0.393946667584979
127400,0.39418503688235673
127500,0.39442331242573814
127600,0.3946614942519979
127700,0.3948995823979963
127800,0.39513757690057916
127900,0.39537547779657767
128000,0.3956132851228086
128100,0.39585099891607434
128200,0.39608861921316274
128300,0.39632614605084704
128400,0.3965635794658863
128500,0.39680091949502483
128600,0.39703816617499255
128700,0.39727531954250517
128800,0.3975123796342638
128900,0.3977493464869549
129000,0.39798622013725093
129100,0.3982230006218096
129200,0.39845968797727427
129300,0.398696282240274
129400,0.39893278344742333
129500,0.3991691916353224
129600,0.3994055068405571
129700,0.39964172909969864
129800,0.39987785844930424
129900,0.4001138949259163
130000,0.4003498385660633
130100,0.40058568940625894
130200,0.40082144748300286
130300,0.4010571128327802
130400,0.40129268549206176
130500,0.40152816549730397
130600,0.40176355288494914
130700,0.4019988476914249
130800,0.4022340499531447
130900,0.402469159706508
131000,0.4027041769878992
131100,0.4029391018336891
131200,0.40317393428023396
131300,0.4034086743638755
131400,0.40364332212094145
131500,0.4038778775877452
131600,0.4041123408005858
131700,0.4043467117957479
131800,0.40458099060950214
131900,0.4048151772781048
132000,0.4050492718377977
132100,0.4052832743248087
132200,0.40551718477535126
132300,0.4057510032256245
132400,0.40598472971181365
132500,0.40621836427008917
132600,0.40645190693660793
132700,0.406685357747512
132800,0.40691871673892965
132900,0.4071519839469747
133000,0.4073851594077469
133100,0.40761824315733153
133200,0.4078512352318002
133300,0.4080841356672098
133400,0.4083169444996033
133500,0.4085496617650096
133600,0.4087822874994431
133700,0.40901482173890424
133800,0.40924726451937943
133900,0.40947961587684056
134000,0.4097118758472458
134100,0.40994404446653876
134200,0.4101761217706493
134300,0.41040810779549286
134400,0.41064000257697086
134500,0.41087180615097074
134600,0.41110351855336547
134700,0.41133513982001424
134800,0.41156666998676195
134900,0.4117981090894396
135000,0.41202945716386385
135100,0.41226071424583743
135200,0.4124918803711489
135300,0.4127229555755729
135400,0.41295393989486995
135500,0.4131848333647863
135600,0.41341563602105424
135700,0.41364634789939214
135800,0.4138769690355043
135900,0.41410749946508085
136000,0.4143379392237979
136100,0.41456828834731774
136200,0.41479854687128825
136300,0.4150287148313436
136400,0.4152587922631039
136500,0.4154887792021752
136600,0.41571867568414944
136700,0.41594848174460475
136800,0.4161781974191052
136900,0.4164078227432009
137000,0.4166373577524277
137100,0.416866802482308
137200,0.4170961569683497
137300,0.4173254212460471
137400,0.41755459535088046
137500,0.41778367931831595
137600,0.41801267318380586
137700,0.4182415769827885
137800,0.4184703907506885
137900,0.4186991145229162
138000,0.41892774833486823
138100,0.4191562922219271
138200,0.41938474621946165
138300,0.41961311036282667
138400,0.4198413846873631
138500,0.4200695692283979
138600,0.42029766402124413
138700,0.42052566910120115
138800,0.42075358450355427
138900,0.42098141026357483
139000,0.42120914641652063
139100,0.42143679299763515
139200,0.4216643500421484
139300,0.4218918175852764
139400,0.4221191956622212
139500,0.42234648430817123
139600,0.4225736835583008
139700,0.4228007934477708
139800,0.42302781401172773
139900,0.4232547452853047
140000,0.42348158730362095
140100,0.4237083401017817
140200,0.4239350037148786
140300,0.4241615781779894
140400,0.42438806352617786
140500,0.4246144597944943
140600,0.42484076701797513
140700,0.42506698523164277
140800,0.4252931144705061
140900,0.42551915476956026
141000,0.42574510616378636
141100,0.425970968688152
141200,0.42619674237761096
141300,0.4264224272671032
141400,0.42664802339155516
141500,0.4268735307858792
141600,0.4270989494849742
141700,0.4273242795237252
141800,0.4275495209370035
141900,0.42777467375966693
142000,0.42799973802655933
142100,0.4282247137725109
142200,0.4284496010323382
142300,0.4286743998408441
142400,0.42889911023281757
142500,0.42912373224303435
142600,0.4293482659062561
142700,0.42957271125723084
142800,0.4297970683306932
142900,0.4300213371613638
143000,0.4302455177839498
143100,0.4304696102331449
143200,0.43069361454362853
143300,0.4309175307500672
143400,0.43114135888711347
143500,0.4313650989894061
143600,0.4315887510915706
143700,0.4318123152282184
143800,0.43203579143394777
143900,0.43225917974334305
144000,0.43248248019097524
144100,0.4327056928114016
144200,0.4329288176391657
144300,0.4331518547087976
144400,0.433374804054814
144500,0.43359766571171765
144600,0.433820439713998
144700,0.4340431260961307
144800,0.4342657248925782
144900,0.4344882361377891
145000,0.4347106598661985
145100,0.434932996112228
145200,0.4351552449102857
145300,0.43537740629476607
145400,0.43559948030005
145500,0.43582146696050517
145600,0.43604336631048546
145700,0.4362651783843312
145800,0.4364869032163693
145900,0.4367085408409134
146000,0.43693009129226323
146100,0.43715155460470545
146200,0.4373729308125127
146300,0.43759421994994474
146400,0.43781542205124757
146500,0.4380365371506535
146600,0.4382575652823817
146700,0.4384785064806379
146800,0.43869936077961413
146900,0.43892012821348914
147000,0.43914080881642814
147100,0.43936140262258305
147200,0.4395819096660921
147300,0.4398023299810806
147400,0.44002266360165976
147500,0.44024291056192777
147600,0.4404630708959695
147700,0.4406831446378561
147800,0.44090313182164564
147900,0.4411230324813824
148000,0.4413428466510978
148100,0.4415625743648094
148200,0.44178221565652154
148300,0.44200177056022527
148400,0.4422212391098983
148500,0.4424406213395047
148600,0.4426599172829955
148700,0.4428791269743082
148800,0.44309825044736695
148900,0.4433172877360827
149000,0.4435362388743528
149100,0.44375510389606165
149200,0.4439738828350799
149300,0.44419257572526527
149400,0.44441118260046175
149500,0.4446297034945005
149600,0.44484813844119897
149700,0.4450664874743615
149800,0.44528475062777895
149900,0.4455029279352293
150000,0.4457210194304767
150100,0.44593902514727257
150200,0.44615694511935455
150300,0.44637477938044734
150400,0.4465925279642623
150500,0.4468101909044975
150600,0.4470277682348376
150700,0.44724525998895437
150800,0.4474626662005061
150900,0.4476799869031379
151000,0.44789722213048166
151100,0.4481143719161559
151200,0.44833143629376604
151300,0.44854841529690426
151400,0.4487653089591497
151500,0.448982117314068
151600,0.44919884039521174
151700,0.4494154782361204
151800,0.44963203087032
151900,0.44984849833132357
152000,0.45006488065263106
152100,0.4502811778677289
152200,0.4504973900100908
152300,0.450713517113177
152400,0.4509295592104344
152500,0.4511455163352973
152600,0.45136138852118635
152700,0.45157717580150936
152800,0.45179287820966074
152900,0.45200849577902213
153000,0.4522240285429616
153100,0.4524394765348344
153200,0.4526548397879826
153300,0.452870118335735
153400,0.4530853122114077
153500,0.45330042144830307
153600,0.45351544607971106
153700,0.4537303861389079
153800,0.4539452416591573
153900,0.4541600126737094
154000,0.45437469921580165
154100,0.45458930131865816
154200,0.45480381901549016
154300,0.45501825233949555
154400,0.45523260132385956
154500,0.455446866001754
154600,0.45566104640633776
154700,0.4558751425707569
154800,0.45608915452814414
154900,0.4563030823116192
155000,0.45651692595428905
155100,0.45673068548924745
155200,0.4569443609495749
155300,0.45715795236833945
155400,0.4573714597785956
155500,0.4575848832133853
155600,0.457798222705737
155700,0.4580114782886666
155800,0.45822464999517687
155900,0.4584377378582576
156000,0.4586507419108855
156100,0.45886366218602437
156200,0.45907649871662526
156300,0.45928925153562594
156400,0.4595019206759513
156500,0.45971450617051346
156600,0.45992700805221143
156700,0.46013942635393135
156800,0.4603517611085465
156900,0.46056401234891686
157000,0.4607761801078899
157100,0.4609882644183001
157200,0.46120026531296887
157300,0.46141218282470486
157400,0.4616240169863036
157500,0.461835767830548
157600,0.462047435390208
157700,0.4622590196980405
157800,0.46247052078678963
157900,0.4626819386891866
158000,0.46289327343794984
158100,0.4631045250657848
158200,0.46331569360538405
158300,0.4635267790894275
158400,0.463737781550582
158500,0.46394870102150154
158600,0.4641595375348274
158700,0.46437029112318806
158800,0.46458096181919906
158900,0.464791549655463
159000,0.4650020546645699
159100,0.4652124768790967
159200,0.46542281633160787
159300,0.46563307305465473
159400,0.46584324708077596
159500,0.4660533384424975
159600,0.4662633471723324
159700,0.4664732733027809
159800,0.46668311686633046
159900,0.46689287789545586
160000,0.4671025564226191
160100,0.46731215248026925
160200,0.4675216661008429
160300,0.46773109731676343
160400,0.46794044616044206
160500,0.46814971266427674
160600,0.468358896860653
160700,0.46856799878194344
160800,0.468777018460508
160900,0.4689859559286941
161000,0.469194811218836
161100,0.4694035843632556
161200,0.46961227539426176
161300,0.46982088434415115
161400,0.47002941124520736
161500,0.47023785612970115
161600,0.47044621902989103
161700,0.47065449997802233
161800,0.47086269900632816
161900,0.4710708161470287
162000,0.4712788514323314
162100,0.4714868048944313
162200,0.47169467656551034
162300,0.47190246647773837
162400,0.4721101746632722
162500,0.47231780115425603
162600,0.4725253459828215
162700,0.4727328091810876
162800,0.4729401907811607
162900,0.4731474908151344
163000,0.47335470931509005
163100,0.47356184631309584
163200,0.4737689018412078
163300,0.47397587593146906
163400,0.47418276861591047
163500,0.47438957992654984
163600,0.4745963098953928
163700,0.4748029585544322
163800,0.47500952593564827
163900,0.47521601207100883
164000,0.4754224169924689
164100,0.47562874073197103
164200,0.47583498332144536
164300,0.47604114479280923
164400,0.4762472251779676
164500,0.4764532245088128
164600,0.47665914281722455
164700,0.4768649801350703
164800,0.4770707364942045
164900,0.47727641192646963
165000,0.4774820064636951
165100,0.47768752013769833
165200,0.4778929529802838
165300,0.4780983050232437
165400,0.4783035762983575
165500,0.47850876683739263
165600,0.4787138766721035
165700,0.47891890583423236
165800,0.47912385435550886
165900,0.4793287222676501
166000,0.47953350960236085
166100,0.4797382163913333
166200,0.4799428426662473
166300,0.48014738845877014
166400,0.48035185380055667
166500,0.48055623872324915
166600,0.48076054325847783
166700,0.48096476743786
166800,0.48116891129300077
166900,0.4813729748554929
167000,0.4815769581569166
167100,0.48178086122883956
167200,0.48198468410281725
167300,0.48218842681039265
167400,0.4823920893830963
167500,0.48259567185244645
167600,0.4827991742499488
167700,0.48300259660709677
167800,0.48320593895537123
167900,0.4834092013262411
168000,0.48361238375116233
168100,0.4838154862615789
168200,0.48401850888892217
168300,0.4842214516646116
168400,0.48442431462005364
168500,0.4846270977866428
168600,0.48482980119576136
168700,0.48503242487877873
168800,0.48523496886705264
168900,0.4854374331919279
169000,0.4856398178847373
169100,0.4858421229768013
169200,0.4860443484994279
169300,0.486246494483913
169400,0.4864485609615401
169500,0.4866505479635802
169600,0.4868524555212923
169700,0.48705428366592285
169800,0.4872560324287063
169900,0.48745770184086445
170000,0.48765929193360713
170100,0.4878608027381318
170200,0.4880622342856237
170300,0.48826358660725544
170400,0.48846485973418796
170500,0.48866605369756955
170600,0.4888671685285364
170700,0.4890682042582123
170800,0.4892691609177089
170900,0.48947003853812576
171000,0.4896708371505498
171100,0.4898715567860563
171200,0.49007219747570774
171300,0.4902727592505548
171400,0.4904732421416357
171500,0.49067364617997644
171600,0.49087397139659106
171700,0.4910742178224812
171800,0.49127438548863633
171900,0.49147447442603387
172000,0.4916744846656389
172100,0.4918744162384042
172200,0.49207426917527086
172300,0.4922740435071672
172400,0.4924737392650098
172500,0.4926733564797029
172600,0.4928728951821386
172700,0.49307235540319694
172800,0.49327173717374573
172900,0.49347104052464075
173000,0.4936702654867253
173100,0.493869412090831
173200,0.49406848036777706
173300,0.4942674703483708
173400,0.4944663820634071
173500,0.49466521554366893
173600,0.4948639708199273
173700,0.49506264792294064
173800,0.49526124688345585
173900,0.49545976773220735
174000,0.49565821049991765
174100,0.4958565752172971
174200,0.496054861915044
174300,0.4962530706238445
174400,0.49645120137437293
174500,0.4966492541972911
174600,0.4968472291232493
174700,0.4970451261828853
174800,0.49724294540682523
174900,0.49744068682568277
175000,0.4976383504700598
175100,0.49783593637054624
175200,0.4980334445577196
175300,0.4982308750621459
175400,0.4984282279143787
175500,0.4986255031449597
175600,0.4988227007844186
175700,0.4990198208632731
175800,0.499216863412029
175900,0.49941382846117977
176000,0.4996107160412071
176100,0.49980752618258084
176200,0.5000042589157586
176300,0.5002009142711861
176400,0.5003974922792972
176500,0.5005939929705137
176600,0.5007904163752451
176700,0.5009867625238897
176800,0.5011830314468331
176900,0.5013792231744494
177000,0.5015753377371006
177100,0.5017713751651367
177200,0.5019673354888958
177300,0.5021632187387044
177400,0.5023590249448763
177500,0.5025547541377141
177600,0.5027504063475083
177700,0.5029459816045372
177800,0.5031414799390677
177900,0.503336901381354
178000,0.5035322459616395
178100,0.5037275137101547
178200,0.5039227046571189
178300,0.5041178188327389
178400,0.5043128562672101
178500,0.504507816990716
178600,0.504702701033428
178700,0.5048975084255056
178800,0.5050922391970969
178900,0.5052868933783374
179000,0.5054814709993516
179100,0.5056759720902513
179200,0.5058703966811372
179300,0.5060647448020976
179400,0.5062590164832093
179500,0.5064532117545373
179600,0.5066473306461343
179700,0.5068413731880418
179800,0.5070353394102891
179900,0.5072292293428939
180000,0.5074230430158618
180100,0.507616780459187
180200,0.5078104417028515
180300,0.508004026776826
180400,0.5081975357110686
180500,0.5083909685355266
180600,0.5085843252801349
180700,0.5087776059748167
180800,0.5089708106494835
180900,0.5091639393340353
181000,0.5093569920583596
181100,0.5095499688523331
181200,0.50974286974582
181300,0.5099356947686731
181400,0.5101284439507333
181500,0.51032111732183
181600,0.5105137149117808
181700,0.5107062367503912
181800,0.5108986828674555
181900,0.511091053292756
182000,0.5112833480560631
182100,0.511475567187136
182200,0.511667710715722
182300,0.5118597786715564
182400,0.5120517710843631
182500,0.5122436879838541
182600,0.5124355293997301
182700,0.5126272953616797
182800,0.5128189858993801
182900,0.5130106010424966
183000,0.513202140820683
183100,0.5133936052635815
183200,0.5135849944008224
183300,0.5137763082620244
183400,0.5139675468767948
183500,0.5141587102747289
183600,0.5143497984854106
183700,0.5145408115384122
183800,0.5147317494632944
183900,0.5149226122896058
184000,0.5151134000468838
184100,0.5153041127646543
184200,0.5154947504724312
184300,0.5156853131997171
184400,0.5158758009760029
184500,0.5160662138307678
184600,0.5162565517934795
184700,0.5164468148935941
184800,0.5166370031605562
184900,0.5168271166237985
185000,0.5170171553127427
185100,0.5172071192567984
185200,0.5173970084853636
185300,0.5175868230278253
185400,0.5177765629135586
185500,0.5179662281719267
185600,0.5181558188322819
185700,0.5183453349239645
185800,0.5185347764763034
185900,0.5187241435186161
186000,0.5189134360802083
186100,0.5191026541903745
186200,0.5192917978783973
186300,0.519480867173548
186400,0.5196698621050864
186500,0.5198587827022607
186600,0.5200476289943079
186700,0.520236401010453
186800,0.5204250987799097
186900,0.5206137223318805
187000,0.520802271695556
187100,0.5209907469001156
187200,0.5211791479747271
187300,0.5213674749485468
187400,0.5215557278507197
187500,0.5217439067103791
187600,0.521932011556647
187700,0.5221200424186339
187800,0.5223079993254389
187900,0.5224958823061496
188000,0.5226836913898422
188100,0.5228714266055813
188200,0.5230590879824203
188300,0.5232466755494011
188400,0.5234341893355541
188500,0.5236216293698984
188600,0.5238089956814416
188700,0.5239962882991799
188800,0.5241835072520982
188900,0.5243706525691696
189000,0.5245577242793564
189100,0.5247447224116093
189200,0.5249316469948674
189300,0.5251184980580584
189400,0.5253052756300991
189500,0.5254919797398943
189600,0.5256786104163379
189700,0.5258651676883122
189800,0.5260516515846883
189900,0.5262380621343258
190000,0.5264243993660729
190100,0.5266106633087668
190200,0.5267968539912329
190300,0.5269829714422856
190400,0.5271690156907277
190500,0.527354986765351
190600,0.5275408846949357
190700,0.5277267095082507
190800,0.5279124612340538
190900,0.5280981399010913
191000,0.5282837455380982
191100,0.5284692781737982
191200,0.5286547378369038
191300,0.5288401245561163
191400,0.5290254383601252
191500,0.5292106792776095
191600,0.529395847337236
191700,0.5295809425676612
191800,0.5297659649975295
191900,0.5299509146554746
192000,0.5301357915701187
192100,0.5303205957700726
192200,0.5305053272839362
192300,0.5306899861402978
192400,0.5308745723677348
192500,0.531059085994813
192600,0.5312435270500873
192700,0.531427895562101
192800,0.5316121915593867
192900,0.5317964150704652
193000,0.5319805661238464
193100,0.5321646447480288
193200,0.5323486509715001
193300,0.5325325848227365
193400,0.5327164463302028
193500,0.5329002355223529
193600,0.5330839524276295
193700,0.533267597074464
193800,0.5334511694912767
193900,0.5336346697064765
194000,0.5338180977484617
194100,0.5340014536456186
194200,0.5341847374263231
194300,0.5343679491189394
194400,0.5345510887518208
194500,0.5347341563533096
194600,0.5349171519517366
194700,0.5351000755754215
194800,0.5352829272526731
194900,0.5354657070117892
195000,0.5356484148810557
195100,0.5358310508887483
195200,0.5360136150631309
195300,0.5361961074324568
195400,0.5363785280249678
195500,0.5365608768688948
195600,0.5367431539924573
195700,0.5369253594238642
195800,0.5371074931913129
195900,0.5372895553229899
196000,0.5374715458470705
196100,0.537653464791719
196200,0.5378353121850886
196300,0.5380170880553214
196400,0.5381987924305486
196500,0.53838042533889
196600,0.5385619868084546
196700,0.5387434768673403
196800,0.5389248955436339
196900,0.539106242865411
197000,0.5392875188607367
197100,0.5394687235576645
197200,0.539649856984237
197300,0.539830919168486
197400,0.540011910138432
197500,0.5401928299220845
197600,0.5403736785474422
197700,0.5405544560424926
197800,0.5407351624352124
197900,0.540915797753567
198000,0.5410963620255109
198100,0.5412768552789877
198200,0.5414572775419302
198300,0.5416376288422595
198400,0.5418179092078865
198500,0.5419981186667109
198600,0.5421782572466212
198700,0.542358324975495
198800,0.5425383218811991
198900,0.5427182479915893
199000,0.5428981033345102
199100,0.543077887937796
199200,0.5432576018292692
199300,0.543437245036742
199400,0.5436168175880152
199500,0.543796319510879
199600,0.5439757508331128
199700,0.5441551115824844
199800,0.5443344017867513
199900,0.5445136214736599
200000,0.5446927706709456
200100,0.5448718494063329
200200,0.5450508577075357
200300,0.5452297956022565
200400,0.5454086631181871
200500,0.5455874602830089
200600,0.5457661871243915
200700,0.5459448436699944
200800,0.5461234299474658
200900,0.5463019459844431
201000,0.546480391808553
201100,0.5466587674474113
201200,0.5468370729286225
201300,0.5470153082797807
201400,0.5471934735284693
201500,0.5473715687022602
201600,0.5475495938287152
201700,0.5477275489353848
201800,0.5479054340498086
201900,0.5480832491995157
202000,0.548260994412024
202100,0.5484386697148411
202200,0.5486162751354633
202300,0.5487938107013763
202400,0.5489712764400547
202500,0.5491486723789629
202600,0.5493259985455539
202700,0.5495032549672703
202800,0.5496804416715435
202900,0.5498575586857944
203000,0.5500346060374333
203100,0.5502115837538593
203200,0.5503884918624609
203300,0.550565330390616
203400,0.5507420993656912
203500,0.550918798815043
203600,0.551095428766017
203700,0.5512719892459474
203800,0.5514484802821586
203900,0.5516249019019637
204000,0.5518012541326649
204100,0.5519775370015542
204200,0.5521537505359123
204300,0.5523298947630098
204400,0.5525059697101058
204500,0.5526819754044493
204600,0.5528579118732785
204700,0.5530337791438207
204800,0.5532095772432923
204900,0.5533853061988997
205000,0.5535609660378378
205100,0.5537365567872914
205200,0.5539120784744341
205300,0.5540875311264294
205400,0.5542629147704294
205500,0.5544382294335763
205600,0.5546134751430012
205700,0.5547886519258243
205800,0.5549637598091555
205900,0.555138798820094
206000,0.5553137689857284
206100,0.5554886703331363
206200,0.5556635028893849
206300,0.5558382666815309
206400,0.5560129617366201
206500,0.5561875880816877
206600,0.5563621457437583
206700,0.556536634749846
206800,0.5567110551269541
206900,0.5568854069020754
207000,0.557059690102192
207100,0.5572339047542753
207200,0.5574080508852863
207300,0.5575821285221754
207400,0.557756137691882
207500,0.5579300784213357
207600,0.5581039507374544
207700,0.5582777546671466
207800,0.5584514902373092
207900,0.5586251574748293
208000,0.5587987564065828
208100,0.5589722870594356
208200,0.5591457494602425
208300,0.5593191436358482
208400,0.5594924696130865
208500,0.5596657274187808
208600,0.559838917079744
208700,0.5600120386227782
208800,0.5601850920746753
208900,0.5603580774622164
209000,0.5605309948121724
209100,0.560703844151303
209200,0.5608766255063583
209300,0.5610493389040772
209400,0.5612219843711881
209500,0.5613945619344092
209600,0.5615670716204482
209700,0.5617395134560019
209800,0.561911887467757
209900,0.5620841936823895
210000,0.5622564321265651
210100,0.5624286028269385
210200,0.5626007058101548
210300,0.5627727411028478
210400,0.562944708731641
210500,0.5631166087231481
210600,0.5632884411039711
210700,0.5634602059007028
210800,0.5636319031399246
210900,0.563803532848208
211000,0.5639750950521141
211100,0.5641465897781928
211200,0.5643180170529843
211300,0.5644893769030184
211400,0.5646606693548137
211500,0.5648318944348794
211600,0.5650030521697135
211700,0.5651741425858037
211800,0.5653451657096276
211900,0.5655161215676522
212000,0.5656870101863339
212100,0.5658578315921191
212200,0.5660285858114434
212300,0.5661992728707324
212400,0.5663698927964007
212500,0.5665404456148533
212600,0.5667109313524843
212700,0.5668813500356774
212800,0.5670517016908062
212900,0.5672219863442336
213000,0.5673922040223125
213100,0.5675623547513853
213200,0.5677324385577838
213300,0.5679024554678296
213400,0.568072405507834
213500,0.5682422887040981
213600,0.5684121050829123
213700,0.568581854670557
213800,0.5687515374933021
213900,0.5689211535774069
214000,0.569090702949121
214100,0.5692601856346831
214200,0.5694296016603219
214300,0.5695989510522557
214400,0.5697682338366923
214500,0.5699374500398295
214600,0.5701065996878547
214700,0.5702756828069449
214800,0.5704446994232668
214900,0.570613649562977
215000,0.5707825332522217
215100,0.5709513505171367
215200,0.5711201013838477
215300,0.57128878587847
215400,0.5714574040271087
215500,0.5716259558558585
215600,0.5717944413908042
215700,0.5719628606580198
215800,0.5721312136835695
215900,0.572299500493507
216000,0.5724677211138758
216100,0.5726358755707094
216200,0.5728039638900306
216300,0.5729719860978524
216400,0.5731399422201772
216500,0.5733078322829974
216600,0.5734756563122954
216700,0.5736434143340428
216800,0.5738111063742013
216900,0.5739787324587226
217000,0.5741462926135478
217100,0.574313786864608
217200,0.5744812152378242
217300,0.5746485777591069
217400,0.5748158744543568
217500,0.5749831053494641
217600,0.5751502704703089
217700,0.5753173698427609
217800,0.5754844034926805
217900,0.5756513714459167
218000,0.5758182737283093
218100,0.5759851103656872
218200,0.57615188138387
218300,0.5763185868086661
218400,0.5764852266658747
218500,0.5766518009812843
218600,0.5768183097806735
218700,0.5769847530898107
218800,0.5771511309344539
218900,0.5773174433403514
219000,0.577483690333241
219100,0.5776498719388509
219200,0.5778159881828986
219300,0.5779820390910917
219400,0.5781480246891277
219500,0.5783139450026942
219600,0.5784798000574682
219700,0.5786455898791172
219800,0.578811314493298
219900,0.578976973925658
220000,0.5791425682018337
220100,0.5793080973474523
220200,0.5794735613881303
220300,0.5796389603494747
220400,0.5798042942570818
220500,0.5799695631365382
220600,0.5801347670134205
220700,0.5802999059132952
220800,0.5804649798617184
220900,0.5806299888842367
221000,0.5807949330063862
221100,0.5809598122536931
221200,0.5811246266516737
221300,0.5812893762258342
221400,0.5814540610016705
221500,0.581618681004669
221600,0.5817832362603055
221700,0.581947726794046
221800,0.5821121526313469
221900,0.5822765137976538
222000,0.582440810318403
222100,0.5826050422190204
222200,0.5827692095249221
222300,0.5829333122615139
222400,0.583097350454192
222500,0.5832613241283424
222600,0.583425233309341
222700,0.5835890780225541
222800,0.5837528582933376
222900,0.5839165741470377
223000,0.5840802256089905
223100,0.5842438127045222
223200,0.5844073354589492
223300,0.5845707938975774
223400,0.5847341880457033
223500,0.5848975179286133
223600,0.5850607835715838
223700,0.585223984999881
223800,0.5853871222387619
223900,0.5855501953134729
224000,0.5857132042492506
224100,0.5858761490713217
224200,0.5860390298049032
224300,0.5862018464752018
224400,0.5863645991074147
224500,0.5865272877267288
224600,0.5866899123583214
224700,0.5868524730273597
224800,0.5870149697590011
224900,0.5871774025783931
225000,0.5873397715106732
225100,0.5875020765809693
225200,0.587664317814399
225300,0.5878264952360702
225400,0.5879886088710812
225500,0.58815065874452
225600,0.5883126448814651
225700,0.5884745673069847
225800,0.5886364260461376
225900,0.5887982211239725
226000,0.5889599525655282
226100,0.589121620395834
226200,0.5892832246399088
226300,0.5894447653227621
226400,0.5896062424693934
226500,0.5897676561047924
226600,0.589929006253939
226700,0.5900902929418032
226800,0.590251516193345
226900,0.5904126760335152
227000,0.5905737724872542
227100,0.5907348055794928
227200,0.5908957753351517
227300,0.5910566817791425
227400,0.5912175249363663
227500,0.5913783048317147
227600,0.5915390214900695
227700,0.5916996749363028
227800,0.5918602651952768
227900,0.5920207922918438
228000,0.5921812562508466
228100,0.592341657097118
228200,0.592501994855481
228300,0.5926622695507493
228400,0.5928224812077263
228500,0.592982629851206
228600,0.5931427155059721
228700,0.5933027381967995
228800,0.5934626979484523
228900,0.5936225947856856
229000,0.5937824287332445
229100,0.5939421998158644
229200,0.594101908058271
229300,0.5942615534851802
229400,0.5944211361212981
229500,0.5945806559913214
229600,0.5947401131199368
229700,0.5948995075318215
229800,0.5950588392516426
229900,0.595218108304058
230000,0.5953773147137156
230100,0.5955364585052536
230200,0.5956955397033007
230300,0.5958545583324758
230400,0.596013514417388
230500,0.5961724079826369
230600,0.5963312390528126
230700,0.5964900076524948
230800,0.5966487138062544
230900,0.5968073575386522
231000,0.5969659388742393
231100,0.5971244578375574
231200,0.5972829144531382
231300,0.5974413087455039
231400,0.5975996407391674
231500,0.5977579104586315
231600,0.5979161179283894
231700,0.5980742631729248
231800,0.5982323462167121
231900,0.5983903670842152
232000,0.5985483257998894
232100,0.5987062223881794
232200,0.5988640568735213
232300,0.5990218292803406
232400,0.5991795396330539
232500,0.599337187956068
232600,0.59949477427378
232700,0.5996522986105772
232800,0.5998097609908379
232900,0.5999671614389304
233000,0.6001244999792134
233100,0.6002817766360362
233200,0.6004389914337382
233300,0.6005961443966499
233400,0.6007532355490915
233500,0.600910264915374
233600,0.6010672325197988
233700,0.6012241383866574
233800,0.6013809825402325
233900,0.6015377650047966
234000,0.6016944858046129
234100,0.6018511449639349
234200,0.6020077425070067
234300,0.602164278458063
234400,0.6023207528413286
234500,0.6024771656810191
234600,0.6026335170013404
234700,0.602789806826489
234800,0.6029460351806518
234900,0.6031022020880061
235000,0.6032583075727199
235100,0.6034143516589516
235200,0.6035703343708501
235300,0.6037262557325546
235400,0.6038821157681951
235500,0.6040379145018921
235600,0.6041936519577564
235700,0.6043493281598895
235800,0.6045049431323835
235900,0.6046604968993204
236000,0.6048159894847738
236100,0.6049714209128068
236200,0.6051267912074736
236300,0.6052821003928188
236400,0.6054373484928778
236500,0.605592535531676
236600,0.6057476615332297
236700,0.6059027265215458
236800,0.6060577305206216
236900,0.6062126735544451
237000,0.6063675556469946
237100,0.6065223768222394
237200,0.6066771371041391
237300,0.6068318365166436
237400,0.6069864750836942
237500,0.6071410528292218
237600,0.6072955697771487
237700,0.6074500259513873
237800,0.6076044213758407
237900,0.6077587560744027
238000,0.6079130300709576
238100,0.6080672433893806
238200,0.608221396053537
238300,0.6083754880872829
238400,0.6085295195144653
238500,0.6086834903589216
238600,0.6088374006444797
238700,0.6089912503949584
238800,0.6091450396341669
238900,0.6092987683859052
239000,0.609452436673964
239100,0.6096060445221243
239200,0.6097595919541579
239300,0.6099130789938276
239400,0.6100665056648863
239500,0.610219871991078
239600,0.610373177996137
239700,0.6105264237037887
239800,0.6106796091377488
239900,0.6108327343217237
240000,0.6109857992794108
240100,0.6111388040344976
240200,0.6112917486106628
240300,0.6114446330315757
240400,0.6115974573208962
240500,0.6117502215022748
240600,0.6119029255993529
240700,0.6120555696357624
240800,0.612208153635126
240900,0.6123606776210572
241000,0.6125131416171601
241100,0.6126655456470295
241200,0.6128178897342509
241300,0.6129701739024008
241400,0.6131223981750461
241500,0.6132745625757445
241600,0.6134266671280446
241700,0.6135787118554854
241800,0.6137306967815971
241900,0.6138826219299003
242000,0.6140344873239063
242100,0.6141862929871176
242200,0.6143380389430269
242300,0.614489725215118
242400,0.6146413518268656
242500,0.6147929188017347
242600,0.6149444261631813
242700,0.6150958739346524
242800,0.6152472621395855
242900,0.6153985908014088
243000,0.6155498599435416
243100,0.6157010695893939
243200,0.6158522197623663
243300,0.6160033104858502
243400,0.6161543417832283
243500,0.6163053136778732
243600,0.6164562261931492
243700,0.6166070793524111
243800,0.6167578731790042
243900,0.6169086076962651
244000,0.6170592829275208
244100,0.6172098988960892
244200,0.6173604556252796
244300,0.6175109531383913
244400,0.617661391458715
244500,0.6178117706095321
244600,0.6179620906141146
244700,0.6181123514957255
244800,0.618262553277619
244900,0.6184126959830396
245000,0.6185627796352231
245100,0.6187128042573958
245200,0.6188627698727751
245300,0.6190126765045693
245400,0.6191625241759773
245500,0.6193123129101891
245600,0.6194620427303855
245700,0.6196117136597383
245800,0.6197613257214101
245900,0.6199108789385543
246000,0.6200603733343153
246100,0.6202098089318284
246200,0.6203591857542199
246300,0.6205085038246066
246400,0.6206577631660968
246500,0.6208069638017892
246600,0.6209561057547737
246700,0.621105189048131
246800,0.6212542137049326
246900,0.6214031797482413
247000,0.6215520872011107
247100,0.6217009360865848
247200,0.6218497264276995
247300,0.6219984582474809
247400,0.6221471315689462
247500,0.6222957464151037
247600,0.6224443028089525
247700,0.6225928007734827
247800,0.6227412403316754
247900,0.6228896215065027
248000,0.6230379443209276
248100,0.623186208797904
248200,0.6233344149603768
248300,0.623482562831282
248400,0.6236306524335464
248500,0.623778683790088
248600,0.6239266569238155
248700,0.624074571857629
248800,0.6242224286144191
248900,0.6243702272170678
249000,0.6245179676884478
249100,0.6246656500514232
249200,0.6248132743288484
249300,0.6249608405435697
249400,0.6251083487184238
249500,0.6252557988762386
249600,0.625403191039833
249700,0.625550525232017
249800,0.6256978014755915
249900,0.6258450197933486
250000,0.6259921802080712
250100,0.6261392827425336
250200,0.6262863274195007
250300,0.6264333142617288
250400,0.6265802432919649
250500,0.6267271145329476
250600,0.626873928007406
250700,0.6270206837380606
250800,0.6271673817476229
250900,0.627314022058795
251000,0.627460604694271
251100,0.6276071296767354
251200,0.6277535970288638
251300,0.6279000067733231
251400,0.6280463589327714
251500,0.6281926535298574
251600,0.6283388905872214
251700,0.6284850701274943
251800,0.6286311921732988
251900,0.6287772567472478
252000,0.6289232638719463
252100,0.6290692135699896
252200,0.6292151058639643
252300,0.6293609407764486
252400,0.629506718330011
252500,0.629652438547212
252600,0.6297981014506024
252700,0.629943707062725
252800,0.6300892554061128
252900,0.6302347465032906
253000,0.6303801803767741
253100,0.6305255570490702
253200,0.630670876542677
253300,0.6308161388800836
253400,0.6309613440837704
253500,0.6311064921762088
253600,0.6312515831798615
253700,0.6313966171171823
253800,0.6315415940106164
253900,0.6316865138825996
254000,0.6318313767555594
254100,0.6319761826519146
254200,0.6321209315940745
254300,0.63226562360444
254400,0.6324102587054035
254500,0.6325548369193479
254600,0.632699358268648
254700,0.6328438227756692
254800,0.6329882304627685
254900,0.6331325813522939
255000,0.6332768754665847
255100,0.6334211128279715
255200,0.6335652934587759
255300,0.6337094173813109
255400,0.6338534846178807
255500,0.6339974951907805
255600,0.6341414491222971
255700,0.6342853464347082
255800,0.6344291871502832
255900,0.634572971291282
256000,0.6347166988799565
256100,0.6348603699385493
256200,0.6350039844892947
256300,0.635147542554418
256400,0.6352910441561356
256500,0.6354344893166555
256600,0.6355778780581767
256700,0.6357212104028898
256800,0.6358644863729762
256900,0.6360077059906091
257000,0.6361508692779523
257100,0.6362939762571618
257200,0.6364370269503841
257300,0.6365800213797572
257400,0.6367229595674107
257500,0.6368658415354651
257600,0.6370086673060325
257700,0.6371514369012159
257800,0.6372941503431101
257900,0.6374368076538008
258000,0.6375794088553655
258100,0.6377219539698724
258200,0.6378644430193814
258300,0.6380068760259436
258400,0.6381492530116017
258500,0.6382915739983894
258600,0.6384338390083317
258700,0.6385760480634453
258800,0.6387182011857377
258900,0.6388602983972086
259000,0.6390023397198481
259100,0.639144325175638
259200,0.6392862547865519
259300,0.639428128574554
259400,0.6395699465616003
259500,0.6397117087696383
259600,0.6398534152206066
259700,0.6399950659364351
259800,0.6401366609390453
259900,0.6402782002503502
260000,0.6404196838922536
260100,0.6405611118866512
260200,0.6407024842554301
260300,0.6408438010204685
260400,0.640985062203636
260500,0.641126267826794
260600,0.641267417911795
260700,0.6414085124804827
260800,0.6415495515546927
260900,0.6416905351562516
261000,0.6418314633069776
261100,0.6419723360286804
261200,0.6421131533431609
261300,0.6422539152722115
261400,0.6423946218376163
261500,0.6425352730611504
261600,0.6426758689645805
261700,0.6428164095696649
261800,0.6429568948981532
261900,0.6430973249717864
262000,0.6432376998122971
262100,0.6433780194414092
262200,0.6435182838808381
262300,0.6436584931522907
262400,0.6437986472774654
262500,0.6439387462780519
262600,0.6440787901757316
262700,0.6442187789921772
262800,0.6443587127490528
262900,0.6444985914680141
263000,0.6446384151707086
263100,0.6447781838787747
263200,0.6449178976138428
263300,0.645057556397534
263400,0.6451971602514621
263500,0.6453367091972315
263600,0.6454762032564382
263700,0.64561564245067
263800,0.645755026801506
263900,0.6458943563305171
264000,0.6460336310592651
264100,0.6461728510093041
264200,0.6463120162021792
264300,0.6464511266594271
264400,0.646590182402576
264500,0.646729183453146
264600,0.6468681298326482
264700,0.6470070215625857
264800,0.6471458586644527
264900,0.6472846411597355
265000,0.6474233690699115
265100,0.6475620424164497
265200,0.6477006612208108
265300,0.6478392255044471
265400,0.6479777352888022
265500,0.6481161905953116
265600,0.6482545914454021
265700,0.6483929378604921
265800,0.6485312298619919
265900,0.6486694674713028
266000,0.6488076507098184
266100,0.6489457795989231
266200,0.6490838541599937
266300,0.6492218744143978
266400,0.6493598403834951
266500,0.6494977520886369
266600,0.649635609551166
266700,0.6497734127924164
266800,0.6499111618337146
266900,0.6500488566963778
267000,0.6501864974017153
267100,0.6503240839710283
267200,0.6504616164256087
267300,0.650599094786741
267400,0.6507365190757008
267500,0.6508738893137554
267600,0.6510112055221638
267700,0.6511484677221766
267800,0.6512856759350363
267900,0.6514228301819763
268000,0.6515599304842226
268100,0.6516969768629921
268200,0.651833969339494
268300,0.6519709079349285
268400,0.6521077926704881
268500,0.6522446235673562
268600,0.6523814006467088
268700,0.6525181239297129
268800,0.6526547934375271
268900,0.6527914091913023
269000,0.6529279712121805
269100,0.6530644795212958
269200,0.6532009341397735
269300,0.6533373350887313
269400,0.6534736823892777
269500,0.6536099760625138
269600,0.6537462161295317
269700,0.6538824026114155
269800,0.6540185355292412
269900,0.654154614904076
270000,0.6542906407569793
270100,0.654426613109002
270200,0.6545625319811867
270300,0.6546983973945679
270400,0.6548342093701716
270500,0.6549699679290156
270600,0.6551056730921095
270700,0.6552413248804546
270800,0.6553769233150439
270900,0.6555124684168623
271000,0.6556479602068863
271100,0.655783398706084
271200,0.6559187839354157
271300,0.6560541159158328
271400,0.6561893946682793
271500,0.6563246202136903
271600,0.6564597925729928
271700,0.6565949117671057
271800,0.6567299778169398
271900,0.6568649907433972
272000,0.6569999505673723
272100,0.6571348573097507
272200,0.6572697109914106
272300,0.6574045116332213
272400,0.6575392592560442
272500,0.6576739538807322
272600,0.6578085955281305
272700,0.6579431842190756
272800,0.6580777199743961
272900,0.6582122028149124
273000,0.6583466327614365
273100,0.6584810098347724
273200,0.6586153340557159
273300,0.6587496054450546
273400,0.6588838240235677
273500,0.6590179898120267
273600,0.6591521028311946
273700,0.6592861631018264
273800,0.6594201706446687
273900,0.65955412548046
274000,0.659688027629931
274100,0.6598218771138037
274200,0.6599556739527923
274300,0.6600894181676029
274400,0.6602231097789332
274500,0.6603567488074729
274600,0.6604903352739036
274700,0.6606238691988986
274800,0.6607573506031234
274900,0.660890779507235
275000,0.6610241559318824
275100,0.6611574798977067
275200,0.6612907514253403
275300,0.6614239705354084
275400,0.6615571372485272
275500,0.6616902515853054
275600,0.661823313566343
275700,0.6619563232122326
275800,0.6620892805435583
275900,0.662222185580896
276000,0.6623550383448137
276100,0.6624878388558713
276200,0.6626205871346206
276300,0.6627532832016052
276400,0.662885927077361
276500,0.6630185187824152
276600,0.6631510583372875
276700,0.6632835457624893
276800,0.6634159810785237
276900,0.6635483643058862
277000,0.6636806954650639
277100,0.663812974576536
277200,0.6639452016607736
277300,0.6640773767382397
277400,0.6642094998293894
277500,0.6643415709546694
277600,0.6644735901345189
277700,0.6646055573893686
277800,0.6647374727396413
277900,0.6648693362057521
278000,0.6650011478081073
278100,0.665132907567106
278200,0.6652646155031388
278300,0.6653962716365882
278400,0.6655278759878294
278500,0.6656594285772286
278600,0.6657909294251446
278700,0.6659223785519282
278800,0.6660537759779217
278900,0.6661851217234602
279000,0.6663164158088701
279100,0.66644765825447
279200,0.6665788490805706
279300,0.6667099883074747
279400,0.6668410759554769
279500,0.666972112044864
279600,0.6671030965959144
279700,0.6672340296288992
279800,0.6673649111640811
279900,0.6674957412217151
280000,0.6676265198220475
280100,0.6677572469853177
280200,0.6678879227317562
280300,0.6680185470815865
280400,0.668149120055023
280500,0.6682796416722732
280600,0.6684101119535362
280700,0.6685405309190028
280800,0.6686708985888565
280900,0.6688012149832726
281000,0.6689314801224184
281100,0.6690616940264533
281200,0.6691918567155288
281300,0.6693219682097884
281400,0.6694520285293679
281500,0.6695820376943948
281600,0.6697119957249892
281700,0.6698419026412628
281800,0.6699717584633195
281900,0.6701015632112555
282000,0.670231316905159
282100,0.6703610195651102
282200,0.6704906712111813
282300,0.6706202718634373
282400,0.6707498215419343
282500,0.670879320266721
282600,0.6710087680578385
282700,0.6711381649353196
282800,0.6712675109191892
282900,0.6713968060294648
283000,0.6715260502861554
283100,0.6716552437092626
283200,0.6717843863187798
283300,0.6719134781346928
283400,0.6720425191769794
283500,0.6721715094656098
283600,0.6723004490205458
283700,0.6724293378617419
283800,0.6725581760091444
283900,0.672686963482692
284000,0.6728157003023152
284100,0.6729443864879372
284200,0.673073022059473
284300,0.6732016070368295
284400,0.6733301414399065
284500,0.6734586252885956
284600,0.6735870586027802
284700,0.6737154414023365
284800,0.6738437737071326
284900,0.6739720555370285
285000,0.6741002869118773
285100,0.674228467851523
285200,0.6743565983758029
285300,0.674484678504546
285400,0.6746127082575735
285500,0.6747406876546989
285600,0.6748686167157277
285700,0.6749964954604581
285800,0.6751243239086802
285900,0.6752521020801762
286000,0.6753798299947206
286100,0.6755075076720802
286200,0.675635135132014
286300,0.6757627123942733
286400,0.6758902394786015
286500,0.6760177164047341
286600,0.6761451431923994
286700,0.6762725198613173
286800,0.6763998464312002
286900,0.6765271229217529
287000,0.6766543493526722
287100,0.6767815257436471
287200,0.6769086521143595
287300,0.6770357284844826
287400,0.6771627548736825
287500,0.6772897313016175
287600,0.6774166577879379
287700,0.6775435343522866
287800,0.6776703610142985
287900,0.6777971377936007
288000,0.6779238647098133
288100,0.6780505417825478
288200,0.6781771690314082
288300,0.6783037464759911
288400,0.6784302741358854
288500,0.6785567520306719
288600,0.678683180179924
288700,0.6788095586032072
288800,0.6789358873200795
288900,0.6790621663500913
289000,0.6791883957127849
289100,0.6793145754276951
289200,0.6794407055143494
289300,0.6795667859922669
289400,0.6796928168809598
289500,0.679818798199932
289600,0.67994472996868
289700,0.6800706122066926
289800,0.680196444933451
289900,0.6803222281684287
290000,0.6804479619310912
290100,0.6805736462408971
290200,0.6806992811172967
290300,0.6808248665797328
290400,0.6809504026476407
290500,0.6810758893404478
290600,0.6812013266775743
290700,0.6813267146784323
290800,0.6814520533624264
290900,0.6815773427489538
291000,0.6817025828574037
291100,0.681827773707158
291200,0.6819529153175907
291300,0.6820780077080684
291400,0.68220305089795
291500,0.6823280449065869
291600,0.6824529897533225
291700,0.6825778854574931
291800,0.6827027320384271
291900,0.6828275295154453
292000,0.6829522779078611
292100,0.68307697723498
292200,0.6832016275161001
292300,0.683326228770512
292400,0.6834507810174985
292500,0.683575284276335
292600,0.683699738566289
292700,0.6838241439066208
292800,0.683948500316583
292900,0.6840728078154208
293000,0.6841970664223711
293100,0.6843212761566643
293200,0.6844454370375224
293300,0.6845695490841602
293400,0.684693612315785
293500,0.6848176267515963
293600,0.6849415924107862
293700,0.6850655093125393
293800,0.6851893774760325
293900,0.6853131969204354
294000,0.6854369676649096
294100,0.6855606897286097
294200,0.6856843631306826
294300,0.6858079878902674
294400,0.685931564026496
294500,0.6860550915584925
294600,0.6861785705053739
294700,0.6863020008862492
294800,0.68642538272022
294900,0.6865487160263808
295000,0.6866720008238181
295100,0.686795237131611
295200,0.6869184249688312
295300,0.6870415643545429
295400,0.6871646553078026
295500,0.6872876978476598
295600,0.6874106919931559
295700,0.687533637763325
295800,0.6876565351771942
295900,0.6877793842537823
296000,0.6879021850121012
296100,0.6880249374711551
296200,0.688147641649941
296300,0.688270297567448
296400,0.6883929052426578
296500,0.688515464694545
296600,0.6886379759420767
296700,0.6887604390042119
296800,0.6888828538999028
296900,0.6890052206480939
297000,0.6891275392677225
297100,0.689249809777718
297200,0.6893720321970026
297300,0.6894942065444911
297400,0.689616332839091
297500,0.6897384110997019
297600,0.6898604413452164
297700,0.6899824235945194
297800,0.6901043578664886
297900,0.6902262441799941
298000,0.6903480825538987
298100,0.6904698730070576
298200,0.6905916155583188
298300,0.6907133102265228
298400,0.6908349570305026
298500,0.6909565559890839
298600,0.691078107121085
298700,0.6911996104453167
298800,0.6913210659805826
298900,0.6914424737456787
299000,0.6915638337593937
299100,0.6916851460405087
299200,0.6918064106077979
299300,0.6919276274800276
299400,0.692048796675957
299500,0.6921699182143379
299600,0.6922909921139146
299700,0.6924120183934244
299800,0.6925329970715965
299900,0.6926539281671534
300000,0.6927748116988102
300100,0.692895647685274
300200,0.6930164361452453
300300,0.693137177097417
300400,0.6932578705604744
300500,0.6933785165530957
300600,0.6934991150939517
300700,0.6936196662017058
300800,0.6937401698950142
300900,0.6938606261925255
301000,0.6939810351128815
301100,0.6941013966747158
301200,0.6942217108966555
301300,0.6943419777973201
301400,0.6944621973953213
301500,0.6945823697092645
301600,0.6947024947577467
301700,0.6948225725593583
301800,0.6949426031326822
301900,0.6950625864962937
302000,0.6951825226687612
302100,0.6953024116686457
302200,0.6954222535145009
302300,0.6955420482248729
302400,0.6956617958183009
302500,0.6957814963133165
302600,0.6959011497284444
302700,0.6960207560822018
302800,0.6961403153930983
302900,0.6962598276796368
303000,0.6963792929603125
303100,0.6964987112536135
303200,0.6966180825780206
303300,0.6967374069520074
303400,0.69685668439404
303500,0.6969759149225775
303600,0.6970950985560715
303700,0.6972142353129669
303800,0.6973333252117004
303900,0.6974523682707022
304000,0.6975713645083951
304100,0.6976903139431945
304200,0.6978092165935086
304300,0.6979280724777385
304400,0.6980468816142777
304500,0.6981656440215132
304600,0.6982843597178239
304700,0.6984030287215819
304800,0.6985216510511523
304900,0.6986402267248923
305000,0.6987587557611527
305100,0.6988772381782764
305200,0.6989956739945995
305300,0.6991140632284506
305400,0.6992324058981514
305500,0.6993507020220162
305600,0.6994689516183522
305700,0.6995871547054593
305800,0.69970531130163
305900,0.6998234214251501
306000,0.6999414850942978
306100,0.7000595023273444
306200,0.7001774731425539
306300,0.7002953975581828
306400,0.700413275592481
306500,0.7005311072636908
306600,0.7006488925900474
306700,0.700766631589779
306800,0.7008843242811065
306900,0.7010019706822437
307000,0.701119570811397
307100,0.7012371246867659
307200,0.7013546323265427
307300,0.7014720937489126
307400,0.7015895089720534
307500,0.701706878014136
307600,0.701824200893324
307700,0.7019414776277738
307800,0.702058708235635
307900,0.7021758927350498
308000,0.7022930311441531
308100,0.7024101234810731
308200,0.7025271697639306
308300,0.7026441700108392
308400,0.7027611242399057
308500,0.7028780324692292
308600,0.7029948947169022
308700,0.7031117110010102
308800,0.703228481339631
308900,0.7033452057508358
309000,0.7034618842526883
309100,0.7035785168632454
309200,0.7036951036005568
309300,0.7038116444826652
309400,0.7039281395276058
309500,0.7040445887534073
309600,0.7041609921780909
309700,0.7042773498196707
309800,0.7043936616961541
309900,0.7045099278255409
310000,0.7046261482258243
310100,0.7047423229149901
310200,0.704858451911017
310300,0.7049745352318768
310400,0.7050905728955345
310500,0.7052065649199473
310600,0.705322511323066
310700,0.705438412122834
310800,0.7055542673371877
310900,0.7056700769840567
311000,0.7057858410813631
311100,0.7059015596470222
311200,0.7060172326989425
311300,0.7061328602550248
311400,0.7062484423331634
311500,0.7063639789512457
311600,0.7064794701271514
311700,0.7065949158787537
311800,0.7067103162239186
311900,0.7068256711805052
312000,0.7069409807663652
312100,0.7070562449993438
312200,0.7071714638972788
312300,0.7072866374780011
312400,0.7074017657593348
312500,0.7075168487590966
312600,0.7076318864950963
312700,0.7077468789851369
312800,0.7078618262470143
312900,0.7079767282985173
313000,0.7080915851574279
313100,0.7082063968415208
313200,0.708321163368564
313300,0.7084358847563182
313400,0.7085505610225378
313500,0.7086651921849692
313600,0.7087797782613526
313700,0.708894319269421
313800,0.7090088152269004
313900,0.7091232661515098
314000,0.7092376720609612
314100,0.7093520329729597
314200,0.7094663489052035
314300,0.7095806198753839
314400,0.7096948459011849
314500,0.7098090270002837
314600,0.7099231631903509
314700,0.7100372544890494
314800,0.7101513009140361
314900,0.7102653024829602
315000,0.7103792592134642
315100,0.7104931711231838
315200,0.7106070382297476
315300,0.7107208605507772
315400,0.7108346381038876
315500,0.7109483709066864
315600,0.7110620589767749
315700,0.7111757023317467
315800,0.711289300989189
315900,0.711402854966682
316000,0.711516364281799
316100,0.7116298289521064
316200,0.7117432489951634
316300,0.7118566244285227
316400,0.7119699552697301
316500,0.7120832415363239
316600,0.7121964832458361
316700,0.7123096804157916
316800,0.7124228330637086
316900,0.7125359412070982
317000,0.7126490048634644
317100,0.7127620240503049
317200,0.71287499878511
317300,0.7129879290853633
317400,0.7131008149685417
317500,0.713213656452115
317600,0.713326453553546
317700,0.713439206290291
317800,0.7135519146797993
317900,0.7136645787395131
318000,0.7137771984868682
318100,0.7138897739392929
318200,0.7140023051142093
318300,0.7141147920290323
318400,0.7142272347011701
318500,0.7143396331480238
318600,0.714451987386988
318700,0.7145642974354501
318800,0.714676563310791
318900,0.7147887850303847
319000,0.7149009626115979
319100,0.7150130960717911
319200,0.7151251854283178
319300,0.7152372306985244
319400,0.7153492318997507
319500,0.7154611890493299
319600,0.7155731021645878
319700,0.7156849712628439
319800,0.7157967963614107
319900,0.7159085774775937
320000,0.7160203146286921
320100,0.7161320078319977
320200,0.7162436571047961
320300,0.7163552624643654
320400,0.7164668239279777
320500,0.7165783415128975
320600,0.7166898152363832
320700,0.716801245115686
320800,0.7169126311680505
320900,0.7170239734107143
321000,0.7171352718609085
321100,0.7172465265358574
321200,0.7173577374527782
321300,0.7174689046288816
321400,0.7175800280813716
321500,0.717691107827445
321600,0.7178021438842925
321700,0.7179131362690976
321800,0.7180240849990371
321900,0.718134990091281
322000,0.7182458515629928
322100,0.7183566694313288
322200,0.7184674437134391
322300,0.7185781744264665
322400,0.7186888615875475
322500,0.7187995052138119
322600,0.7189101053223821
322700,0.7190206619303745
322800,0.7191311750548983
322900,0.7192416447130565
323000,0.7193520709219448
323100,0.7194624536986524
323200,0.7195727930602618
323300,0.7196830890238488
323400,0.7197933416064823
323500,0.7199035508252251
323600,0.7200137166971323
323700,0.720123839239253
323800,0.7202339184686296
323900,0.7203439544022974
324000,0.7204539470572853
324100,0.7205638964506154
324200,0.7206738025993029
324300,0.720783665520357
324400,0.7208934852307793
324500,0.7210032617475652
324600,0.7211129950877038
324700,0.7212226852681765
324800,0.721332332305959
324900,0.7214419362180197
325000,0.7215514970213206
325100,0.7216610147328171
325200,0.7217704893694578
325300,0.7218799209481845
325400,0.7219893094859325
325500,0.7220986549996307
325600,0.7222079575062006
325700,0.7223172170225579
325800,0.7224264335656111
325900,0.7225356071522622
326000,0.7226447377994065
326100,0.722753825523933
326200,0.7228628703427233
326300,0.7229718722726532
326400,0.7230808313305915
326500,0.7231897475334002
326600,0.7232986208979347
326700,0.7234074514410442
326800,0.7235162391795708
326900,0.7236249841303501
327000,0.7237336863102113
327100,0.7238423457359766
327200,0.7239509624244618
327300,0.7240595363924763
327400,0.7241680676568225
327500,0.7242765562342963
327600,0.7243850021416872
327700,0.7244934053957779
327800,0.7246017660133444
327900,0.7247100840111564
328000,0.7248183594059767
328100,0.7249265922145619
328200,0.7250347824536616
328300,0.7251429301400188
328400,0.7252510352903705
328500,0.7253590979214464
328600,0.7254671180499701
328700,0.7255750956926583
328800,0.7256830308662214
328900,0.725790923587363
329000,0.7258987738727805
329100,0.726006581739164
329200,0.7261143472031979
329300,0.7262220702815594
329400,0.7263297509909195
329500,0.7264373893479426
329600,0.7265449853692862
329700,0.7266525390716019
329800,0.726760050471534
329900,0.7268675195857208
330000,0.726974946430794
330100,0.7270823310233785
330200,0.7271896733800927
330300,0.7272969735175486
330400,0.7274042314523519
330500,0.7275114472011011
330600,0.7276186207803887
330700,0.7277257522068008
330800,0.7278328414969164
330900,0.7279398886673084
331000,0.7280468937345431
331100,0.7281538567151803
331200,0.7282607776257731
331300,0.7283676564828685
331400,0.7284744933030065
331500,0.7285812881027208
331600,0.7286880408985388
331700,0.7287947517069813
331800,0.7289014205445622
331900,0.7290080474277894
332000,0.7291146323731642
332100,0.7292211753971813
332200,0.7293276765163289
332300,0.7294341357470888
332400,0.7295405531059365
332500,0.7296469286093404
332600,0.7297532622737632
332700,0.7298595541156605
332800,0.7299658041514819
332900,0.7300720123976703
333000,0.7301781788706619
333100,0.730284303586887
333200,0.730390386562769
333300,0.7304964278147248
333400,0.7306024273591653
333500,0.7307083852124944
333600,0.7308143013911099
333700,0.7309201759114031
333800,0.7310260087897589
333900,0.7311318000425553
334000,0.7312375496861645
334100,0.7313432577369521
334200,0.7314489242112767
334300,0.7315545491254913
334400,0.731660132495942
334500,0.7317656743389683
334600,0.7318711746709039
334700,0.7319766335080754
334800,0.7320820508668034
334900,0.732187426763402
335000,0.7322927612141787
335100,0.7323980542354348
335200,0.7325033058434651
335300,0.7326085160545581
335400,0.7327136848849957
335500,0.7328188123510534
335600,0.7329238984690005
335700,0.7330289432550999
335800,0.7331339467256079
335900,0.7332389088967743
336000,0.7333438297848431
336100,0.7334487094060513
336200,0.7335535477766297
336300,0.7336583449128029
336400,0.7337631008307888
336500,0.7338678155467993
336600,0.7339724890770394
336700,0.7340771214377083
336800,0.7341817126449985
336900,0.7342862627150963
337000,0.7343907716641814
337100,0.7344952395084274
337200,0.7345996662640013
337300,0.7347040519470638
337400,0.7348083965737694
337500,0.7349127001602662
337600,0.7350169627226957
337700,0.7351211842771934
337800,0.7352253648398883
337900,0.735329504426903
338000,0.7354336030543538
338100,0.7355376607383506
338200,0.7356416774949972
338300,0.7357456533403909
338400,0.7358495882906225
338500,0.7359534823617768
338600,0.736057335569932
338700,0.7361611479311603
338800,0.736264919461527
338900,0.7363686501770919
339000,0.7364723400939075
339100,0.736575989228021
339200,0.7366795975954727
339300,0.7367831652122966
339400,0.7368866920945205
339500,0.7369901782581659
339600,0.737093623719248
339700,0.7371970284937759
339800,0.7373003925977518
339900,0.7374037160471723
340000,0.7375069988580273
340100,0.7376102410463005
340200,0.7377134426279693
340300,0.737816603619005
340400,0.7379197240353723
340500,0.7380228038930299
340600,0.7381258432079301
340700,0.7382288419960189
340800,0.7383318002732361
340900,0.7384347180555151
341000,0.7385375953587833
341100,0.7386404321989615
341200,0.7387432285919644
341300,0.7388459845537005
341400,0.7389487001000721
341500,0.739051375246975
341600,0.7391540100102989
341700,0.7392566044059272
341800,0.7393591584497372
341900,0.7394616721575997
342000,0.7395641455453794
342100,0.7396665786289348
342200,0.7397689714241182
342300,0.7398713239467755
342400,0.7399736362127465
342500,0.7400759082378645
342600,0.7401781400379571
342700,0.7402803316288452
342800,0.7403824830263437
342900,0.7404845942462612
343000,0.7405866653044002
343100,0.7406886962165566
343200,0.7407906869985208
343300,0.7408926376660763
343400,0.7409945482350007
343500,0.7410964187210654
343600,0.7411982491400355
343700,0.7413000395076699
343800,0.7414017898397216
343900,0.7415035001519368
344000,0.7416051704600561
344100,0.7417068007798138
344200,0.7418083911269375
344300,0.7419099415171493
344400,0.7420114519661647
344500,0.7421129224896932
344600,0.742214353103438
344700,0.7423157438230963
344800,0.7424170946643587
344900,0.7425184056429103
345000,0.7426196767744293
345100,0.7427209080745885
345200,0.7428220995590539
345300,0.7429232512434856
345400,0.7430243631435374
345500,0.7431254352748572
345600,0.7432264676530866
345700,0.7433274602938611
345800,0.7434284132128098
345900,0.743529326425556
346000,0.7436301999477168
346100,0.7437310337949028
346200,0.743831827982719
346300,0.7439325825267638
346400,0.7440332974426296
346500,0.744133972745903
346600,0.744234608452164
346700,0.7443352045769867
346800,0.7444357611359389
346900,0.7445362781445826
347000,0.7446367556184734
347100,0.744737193573161
347200,0.7448375920241886
347300,0.7449379509870939
347400,0.7450382704774078
347500,0.7451385505106556
347600,0.7452387911023564
347700,0.7453389922680227
347800,0.7454391540231619
347900,0.7455392763832742
348000,0.7456393593638546
348100,0.7457394029803914
348200,0.7458394072483672
348300,0.7459393721832581
348400,0.7460392978005346
348500,0.7461391841156608
348600,0.7462390311440947
348700,0.7463388389012884
348800,0.7464386074026876
348900,0.7465383366637326
349000,0.7466380266998568
349100,0.746737677526488
349200,0.746837289159048
349300,0.7469368616129523
349400,0.7470363949036103
349500,0.7471358890464256
349600,0.7472353440567955
349700,0.7473347599501114
349800,0.7474341367417585
349900,0.7475334744471163
350000,0.7476327730815575
350100,0.7477320326604497
350200,0.7478312531991539
350300,0.7479304347130249
350400,0.7480295772174121
350500,0.7481286807276581
350600,0.7482277452591002
350700,0.748326770827069
350800,0.7484257574468896
350900,0.7485247051338806
351000,0.7486236139033552
351100,0.7487224837706199
351200,0.7488213147509757
351300,0.7489201068597171
351400,0.749018860112133
351500,0.7491175745235064
351600,0.7492162501091135
351700,0.7493148868842254
351800,0.7494134848641067
351900,0.7495120440640163
352000,0.7496105644992066
352100,0.7497090461849244
352200,0.7498074891364104
352300,0.7499058933688996
352400,0.7500042588976202
352500,0.7501025857377954
352600,0.7502008739046417
352700,0.7502991234133701
352800,0.7503973342791851
352900,0.7504955065172857
353000,0.7505936401428646
353100,0.7506917351711087
353200,0.7507897916171988
353300,0.7508878094963101
353400,0.7509857888236111
353500,0.7510837296142651
353600,0.7511816318834289
353700,0.7512794956462537
353800,0.7513773209178845
353900,0.7514751077134605
354000,0.7515728560481147
354100,0.7516705659369745
354200,0.7517682373951611
354300,0.7518658704377899
354400,0.75196346507997
354500,0.7520610213368052
354600,0.7521585392233929
354700,0.7522560187548245
354800,0.7523534599461857
354900,0.7524508628125564
355000,0.75254822736901
355100,0.7526455536306145
355200,0.7527428416124319
355300,0.752840091329518
355400,0.752937302796923
355500,0.7530344760296909
355600,0.7531316110428601
355700,0.7532287078514627
355800,0.7533257664705252
355900,0.7534227869150681
356000,0.753519769200106
356100,0.7536167133406475
356200,0.7537136193516953
356300,0.7538104872482465
356400,0.7539073170452919
356500,0.7540041087578165
356600,0.7541008624007997
356700,0.7541975779892145
356800,0.7542942555380285
356900,0.7543908950622032
357000,0.7544874965766942
357100,0.7545840600964513
357200,0.7546805856364182
357300,0.754777073211533
357400,0.7548735228367278
357500,0.7549699345269287
357600,0.7550663082970565
357700,0.7551626441620252
357800,0.7552589421367436
357900,0.7553552022361145
358000,0.7554514244750348
358100,0.7555476088683957
358200,0.755643755431082
358300,0.7557398641779735
358400,0.7558359351239433
358500,0.7559319682838592
358600,0.7560279636725831
358700,0.7561239213049706
358800,0.7562198411958723
358900,0.756315723360132
359000,0.7564115678125883
359100,0.7565073745680738
359200,0.7566031436414152
359300,0.7566988750474335
359400,0.7567945688009438
359500,0.7568902249167552
359600,0.7569858434096712
359700,0.7570814242944894
359800,0.7571769675860017
359900,0.757272473298994
360000,0.7573679414482466
360100,0.7574633720485335
360200,0.7575587651146236
360300,0.7576541206612795
360400,0.757749438703258
360500,0.7578447192553103
360600,0.7579399623321819
360700,0.7580351679486119
360800,0.7581303361193344
360900,0.7582254668590772
361000,0.7583205601825624
361100,0.7584156161045065
361200,0.7585106346396198
361300,0.7586056158026071
361400,0.7587005596081675
361500,0.7587954660709942
361600,0.7588903352057746
361700,0.7589851670271903
361800,0.7590799615499173
361900,0.7591747187886255
362000,0.7592694387579795
362100,0.7593641214726374
362200,0.7594587669472526
362300,0.7595533751964716
362400,0.7596479462349359
362500,0.7597424800772811
362600,0.7598369767381368
362700,0.7599314362321271
362800,0.7600258585738702
362900,0.7601202437779786
363000,0.760214591859059
363100,0.7603089028317127
363200,0.7604031767105346
363300,0.7604974135101144
363400,0.7605916132450358
363500,0.760685775929877
363600,0.7607799015792102
363700,0.7608739902076019
363800,0.7609680418296132
363900,0.7610620564597991
364000,0.7611560341127089
364100,0.7612499748028865
364200,0.7613438785448696
364300,0.7614377453531908
364400,0.7615315752423762
364500,0.761625368226947
364600,0.7617191243214181
364700,0.761812843540299
364800,0.7619065258980933
364900,0.7620001714092989
365000,0.7620937800884082
365100,0.7621873519499078
365200,0.7622808870082787
365300,0.7623743852779957
365400,0.7624678467735287
365500,0.7625612715093413
365600,0.7626546594998916
365700,0.7627480107596323
365800,0.7628413253030097
365900,0.7629346031444652
366000,0.763027844298434
366100,0.7631210487793458
366200,0.7632142166016249
366300,0.7633073477796894
366400,0.763400442327952
366500,0.7634935002608199
366600,0.7635865215926941
366700,0.7636795063379707
366800,0.7637724545110394
366900,0.7638653661262846
367000,0.7639582411980852
367100,0.7640510797408141
367200,0.7641438817688389
367300,0.764236647296521
367400,0.7643293763382166
367500,0.7644220689082765
367600,0.7645147250210451
367700,0.7646073446908617
367800,0.7646999279320599
367900,0.7647924747589674
368000,0.7648849851859066
368100,0.7649774592271942
368200,0.765069896897141
368300,0.7651622982100525
368400,0.7652546631802284
368500,0.7653469918219626
368600,0.7654392841495439
368700,0.7655315401772551
368800,0.7656237599193733
368900,0.7657159433901701
369000,0.7658080906039119
369100,0.7659002015748586
369200,0.7659922763172654
369300,0.7660843148453813
369400,0.76617631717345
369500,0.7662682833157094
369600,0.7663602132863918
369700,0.7664521070997242
369800,0.7665439647699277
369900,0.7666357863112179
370000,0.7667275717378047
370100,0.7668193210638927
370200,0.7669110343036807
370300,0.7670027114713619
370400,0.7670943525811239
370500,0.7671859576471489
370600,0.7672775266836134
370700,0.7673690597046883
370800,0.767460556724539
370900,0.7675520177573251
371000,0.767643442817201
371100,0.7677348319183154
371200,0.7678261850748113
371300,0.7679175023008262
371400,0.7680087836104921
371500,0.7681000290179354
371600,0.7681912385372769
371700,0.768282412182632
371800,0.7683735499681104
371900,0.7684646519078162
372000,0.7685557180158482
372100,0.7686467483062994
372200,0.7687377427932575
372300,0.7688287014908042
372400,0.7689196244130163
372500,0.7690105115739646
372600,0.7691013629877146
372700,0.769192178668326
372800,0.7692829586298533
372900,0.7693737028863452
373000,0.7694644114518452
373100,0.7695550843403909
373200,0.7696457215660144
373300,0.7697363231427428
373400,0.7698268890845971
373500,0.769917419405593
373600,0.7700079141197407
373700,0.7700983732410448
373800,0.7701887967835046
373900,0.7702791847611137
374000,0.7703695371878603
374100,0.770459854077727
374200,0.7705501354446909
374300,0.7706403813027238
374400,0.7707305916657917
374500,0.7708207665478555
374600,0.77091090596287
374700,0.7710010099247854
374800,0.7710910784475454
374900,0.7711811115450891
375000,0.7712711092313494
375100,0.7713610715202543
375200,0.7714509984257261
375300,0.7715408899616815
375400,0.7716307461420318
375500,0.7717205669806828
375600,0.7718103524915352
375700,0.7719001026884835
375800,0.7719898175854174
375900,0.7720794971962209
376000,0.7721691415347726
376100,0.7722587506149453
376200,0.7723483244506067
376300,0.7724378630556192
376400,0.7725273664438392
376500,0.7726168346291182
376600,0.7727062676253019
376700,0.7727956654462307
376800,0.7728850281057396
376900,0.7729743556176578
377000,0.7730636479958095
377100,0.7731529052540135
377200,0.7732421274060827
377300,0.7733313144658249
377400,0.7734204664470425
377500,0.7735095833635324
377600,0.7735986652290858
377700,0.773687712057489
377800,0.7737767238625224
377900,0.7738657006579615
378000,0.7739546424575756
378100,0.7740435492751294
378200,0.7741324211243817
378300,0.7742212580190861
378400,0.7743100599729906
378500,0.7743988269998381
378600,0.7744875591133658
378700,0.7745762563273054
378800,0.7746649186553838
378900,0.7747535461113217
379000,0.7748421387088351
379100,0.7749306964616341
379200,0.7750192193834238
379300,0.7751077074879036
379400,0.7751961607887677
379500,0.7752845792997048
379600,0.7753729630343983
379700,0.7754613120065261
379800,0.775549626229761
379900,0.7756379057177701
380000,0.7757261504842152
380100,0.7758143605427529
380200,0.7759025359070342
380300,0.775990676590705
380400,0.7760787826074054
380500,0.7761668539707707
380600,0.7762548906944303
380700,0.7763428927920087
380800,0.7764308602771247
380900,0.7765187931633919
381000,0.7766066914644185
381100,0.7766945551938074
381200,0.7767823843651559
381300,0.7768701789920565
381400,0.7769579390880959
381500,0.7770456646668553
381600,0.7771333557419112
381700,0.7772210123268343
381800,0.7773086344351899
381900,0.7773962220805384
382000,0.7774837752764343
382100,0.7775712940364271
382200,0.777658778374061
382300,0.7777462283028749
382400,0.7778336438364022
382500,0.7779210249881708
382600,0.7780083717717039
382700,0.7780956842005189
382800,0.7781829622881278
382900,0.7782702060480376
383000,0.77835741549375
383100,0.7784445906387611
383200,0.778531731496562
383300,0.778618838080638
383400,0.7787059104044699
383500,0.7787929484815324
383600,0.7788799523252954
383700,0.7789669219492232
383800,0.7790538573667751
383900,0.7791407585914049
384000,0.779227625636561
384100,0.7793144585156869
384200,0.7794012572422204
384300,0.7794880218295944
384400,0.7795747522912362
384500,0.7796614486405677
384600,0.7797481108910063
384700,0.779834739055963
384800,0.7799213331488444
384900,0.7800078931830514
385000,0.7800944191719799
385100,0.7801809111290202
385200,0.7802673690675578
385300,0.7803537930009724
385400,0.7804401829426387
385500,0.7805265389059264
385600,0.7806128609041993
385700,0.7806991489508166
385800,0.7807854030591318
385900,0.7808716232424935
386000,0.7809578095142446
386100,0.7810439618877232
386200,0.781130080376262
386300,0.7812161649931882
386400,0.7813022157518242
386500,0.7813882326654868
386600,0.7814742157474879
386700,0.7815601650111338
386800,0.7816460804697257
386900,0.7817319621365597
387000,0.7818178100249266
387100,0.7819036241481119
387200,0.7819894045193958
387300,0.7820751511520536
387400,0.7821608640593551
387500,0.7822465432545649
387600,0.7823321887509426
387700,0.7824178005617421
387800,0.7825033787002128
387900,0.7825889231795983
388000,0.7826744340131371
388100,0.7827599112140629
388200,0.7828453547956035
388300,0.782930764770982
388400,0.7830161411534164
388500,0.783101483956119
388600,0.7831867931922973
388700,0.7832720688751535
388800,0.7833573110178846
388900,0.7834425196336824
389000,0.7835276947357335
389100,0.7836128363372192
389200,0.7836979444513159
389300,0.7837830190911946
389400,0.7838680602700212
389500,0.7839530680009564
389600,0.7840380422971558
389700,0.7841229831717695
389800,0.784207890637943
389900,0.7842927647088163
390000,0.7843776053975239
390100,0.7844624127171957
390200,0.7845471866809562
390300,0.7846319273019248
390400,0.7847166345932156
390500,0.7848013085679377
390600,0.7848859492391949
390700,0.784970556620086
390800,0.7850551307237045
390900,0.7851396715631388
391000,0.7852241791514722
391100,0.7853086535017829
391200,0.7853930946271439
391300,0.7854775025406229
391400,0.7855618772552826
391500,0.7856462187841807
391600,0.7857305271403696
391700,0.7858148023368965
391800,0.7858990443868036
391900,0.7859832533031279
392000,0.7860674290989014
392100,0.7861515717871508
392200,0.7862356813808977
392300,0.7863197578931589
392400,0.7864038013369455
392500,0.7864878117252639
392600,0.7865717890711154
392700,0.786655733387496
392800,0.7867396446873964
392900,0.7868235229838029
393000,0.7869073682896959
393100,0.7869911806180512
393200,0.7870749599818392
393300,0.7871587063940253
393400,0.78724241986757
393500,0.7873261004154286
393600,0.787409748050551
393700,0.7874933627858823
393800,0.7875769446343626
393900,0.7876604936089264
394000,0.7877440097225039
394100,0.7878274929880197
394200,0.7879109434183932
394300,0.787994361026539
394400,0.7880777458253666
394500,0.7881610978277803
394600,0.7882444170466796
394700,0.7883277034949583
394800,0.788410957185506
394900,0.7884941781312065
395000,0.7885773663449389
395100,0.7886605218395771
395200,0.7887436446279901
395300,0.7888267347230415
395400,0.7889097921375903
395500,0.78899281688449
395600,0.7890758089765892
395700,0.7891587684267318
395800,0.7892416952477562
395900,0.7893245894524958
396000,0.7894074510537791
396100,0.7894902800644295
396200,0.7895730764972653
396300,0.7896558403650998
396400,0.7897385716807415
396500,0.7898212704569934
396600,0.7899039367066538
396700,0.7899865704425157
396800,0.7900691716773676
396900,0.7901517404239922
397000,0.7902342766951678
397100,0.7903167805036674
397200,0.790399251862259
397300,0.7904816907837057
397400,0.7905640972807653
397500,0.7906464713661909
397600,0.7907288130527306
397700,0.790811122353127
397800,0.7908933992801184
397900,0.7909756438464373
398000,0.7910578560648119
398100,0.791140035947965
398200,0.7912221835086146
398300,0.7913042987594735
398400,0.7913863817132496
398500,0.7914684323826457
398600,0.7915504507803599
398700,0.791632436919085
398800,0.791714390811509
398900,0.7917963124703147
399000,0.79187820190818
399100,0.7919600591377781
399200,0.7920418841717767
399300,0.7921236770228389
399400,0.7922054377036227
399500,0.7922871662267812
399600,0.7923688626049622
399700,0.792450526850809
399800,0.7925321589769596
399900,0.7926137589960471
400000,0.7926953269206998
400100,0.7927768627635408
400200,0.7928583665371882
400300,0.7929398382542556
400400,0.793021277927351
400500,0.7931026855690778
400600,0.7931840611920346
400700,0.7932654048088145
400800,0.7933467164320062
400900,0.7934279960741931
401000,0.793509243747954
401100,0.7935904594658623
401200,0.7936716432404867
401300,0.7937527950843911
401400,0.7938339150101341
401500,0.7939150030302699
401600,0.793996059157347
401700,0.7940770834039097
401800,0.7941580757824969
401900,0.7942390363056427
402000,0.7943199649858764
402100,0.7944008618357223
402200,0.7944817268676996
402300,0.7945625600943228
402400,0.7946433615281013
402500,0.7947241311815398
402600,0.7948048690671379
402700,0.7948855751973903
402800,0.7949662495847869
402900,0.7950468922418126
403000,0.7951275031809473
403100,0.7952080824146662
403200,0.7952886299554395
403300,0.7953691458157324
403400,0.7954496300080052
403500,0.7955300825447136
403600,0.7956105034383081
403700,0.7956908927012343
403800,0.7957712503459329
403900,0.79585157638484
404000,0.7959318708303866
404100,0.7960121336949988
404200,0.7960923649910977
404300,0.7961725647310997
404400,0.7962527329274163
404500,0.796332869592454
404600,0.7964129747386145
404700,0.7964930483782947
404800,0.7965730905238865
404900,0.796653101187777
405000,0.7967330803823482
405100,0.7968130281199778
405200,0.7968929444130379
405300,0.7969728292738963
405400,0.7970526827149156
405500,0.7971325047484539
405600,0.7972122953868638
405700,0.7972920546424938
405800,0.797371782527687
405900,0.797451479054782
406000,0.7975311442361122
406100,0.7976107780840064
406200,0.7976903806107885
406300,0.7977699518287775
406400,0.7978494917502876
406500,0.7979290003876282
406600,0.7980084777531038
406700,0.798087923859014
406800,0.7981673387176536
406900,0.7982467223413126
407000,0.7983260747422762
407100,0.7984053959328248
407200,0.7984846859252339
407300,0.798563944731774
407400,0.7986431723647109
407500,0.7987223688363059
407600,0.798801534158815
407700,0.7988806683444897
407800,0.7989597714055763
407900,0.7990388433543167
408000,0.799117884202948
408100,0.7991968939637021
408200,0.7992758726488063
408300,0.799354820270483
408400,0.7994337368409501
408500,0.7995126223724205
408600,0.799591476877102
408700,0.7996703003671981
408800,0.7997490928549071
408900,0.799827854352423
409000,0.7999065848719343
409100,0.7999852844256253
409200,0.8000639530256752
409300,0.8001425906842585
409400,0.8002211974135451
409500,0.8002997732256997
409600,0.8003783181328825
409700,0.8004568321472488
409800,0.8005353152809493
409900,0.8006137675461299
410000,0.8006921889549314
410100,0.8007705795194902
410200,0.8008489392519376
410300,0.8009272681644004
410400,0.8010055662690005
410500,0.8010838335778553
410600,0.8011620701030769
410700,0.801240275856773
410800,0.8013184508510466
410900,0.8013965950979958
411000,0.8014747086097137
411100,0.8015527913982892
411200,0.8016308434758059
411300,0.8017088648543431
411400,0.8017868555459752
411500,0.8018648155627714
411600,0.801942744916797
411700,0.8020206436201118
411800,0.8020985116847712
411900,0.802176349122826
412000,0.8022541559463219
412100,0.8023319321672999
412200,0.8024096777977968
412300,0.8024873928498439
412400,0.8025650773354683
412500,0.8026427312666923
412600,0.8027203546555332
412700,0.8027979475140037
412800,0.802875509854112
412900,0.8029530416878613
413000,0.8030305430272503
413100,0.8031080138842727
413200,0.8031854542709177
413300,0.8032628641991697
413400,0.8033402436810085
413500,0.8034175927284091
413600,0.8034949113533417
413700,0.8035721995677719
413800,0.8036494573836608
413900,0.8037266848129642
414000,0.8038038818676337
414100,0.8038810485596163
414200,0.8039581849008538
414300,0.8040352909032837
414400,0.8041123665788387
414500,0.8041894119394467
414600,0.804266426997031
414700,0.8043434117635103
414800,0.8044203662507985
414900,0.8044972904708046
415000,0.8045741844354335
415100,0.8046510481565848
415200,0.8047278816461539
415300,0.8048046849160312
415400,0.8048814579781024
415500,0.8049582008442489
415600,0.805034913526347
415700,0.8051115960362686
415800,0.8051882483858808
415900,0.805264870587046
416000,0.8053414626516222
416100,0.8054180245914624
416200,0.805494556418415
416300,0.8055710581443242
416400,0.8056475297810288
416500,0.8057239713403633
416600,0.8058003828341578
416700,0.8058767642742373
416800,0.8059531156724224
416900,0.8060294370405291
417000,0.8061057283903685
417100,0.8061819897337473
417200,0.8062582210824675
417300,0.8063344224483262
417400,0.8064105938431163
417500,0.8064867352786258
417600,0.8065628467666381
417700,0.8066389283189319
417800,0.8067149799472815
417900,0.8067910016634563
418000,0.8068669934792211
418100,0.8069429554063362
418200,0.8070188874565574
418300,0.8070947896416355
418400,0.8071706619733169
418500,0.8072465044633435
418600,0.8073223171234523
418700,0.8073980999653758
418800,0.8074738530008421
418900,0.8075495762415743
419000,0.8076252696992912
419100,0.8077009333857068
419200,0.8077765673125308
419300,0.8078521714914677
419400,0.807927745934218
419500,0.8080032906524773
419600,0.8080788056579368
419700,0.8081542909622828
419800,0.808229746577197
419900,0.8083051725143571
420000,0.8083805687854354
420100,0.8084559354021001
420200,0.808531272376015
420300,0.8086065797188384
420400,0.8086818574422252
420500,0.8087571055578249
420600,0.8088323240772826
420700,0.808907513012239
420800,0.80898267237433
420900,0.8090578021751871
421000,0.809132902426437
421100,0.8092079731397022
421200,0.8092830143266003
421300,0.8093580259987444
421400,0.8094330081677432
421500,0.8095079608452005
421600,0.809582884042716
421700,0.8096577777718842
421800,0.8097326420442957
421900,0.8098074768715362
422000,0.809882282265187
422100,0.8099570582368245
422200,0.8100318047980211
422300,0.8101065219603439
422400,0.8101812097353563
422500,0.8102558681346167
422600,0.8103304971696788
422700,0.8104050968520919
422800,0.8104796671934013
422900,0.8105542082051467
423000,0.810628719898864
423100,0.8107032022860846
423200,0.8107776553783349
423300,0.8108520791871372
423400,0.810926473724009
423500,0.8110008390004634
423600,0.811075175028009
423700,0.8111494818181495
423800,0.8112237593823848
423900,0.8112980077322096
424000,0.8113722268791144
424100,0.8114464168345851
424200,0.8115205776101031
424300,0.8115947092171454
424400,0.8116688116671843
424500,0.8117428849716876
424600,0.8118169291421187
424700,0.8118909441899363
424800,0.811964930126595
424900,0.8120388869635444
425000,0.8121128147122301
425100,0.8121867133840927
425200,0.8122605829905685
425300,0.8123344235430893
425400,0.8124082350530826
425500,0.8124820175319711
425600,0.8125557709911733
425700,0.812629495442103
425800,0.8127031908961693
425900,0.8127768573647773
426000,0.8128504948593276
426100,0.8129241033912157
426200,0.8129976829718332
426300,0.8130712336125671
426400,0.8131447553247997
426500,0.8132182481199092
426600,0.8132917120092689
426700,0.813365147004248
426800,0.8134385531162109
426900,0.8135119303565179
427000,0.8135852787365245
427100,0.813658598267582
427200,0.8137318889610369
427300,0.8138051508282315
427400,0.8138783838805036
427500,0.8139515881291866
427600,0.814024763585609
427700,0.8140979102610957
427800,0.8141710281669664
427900,0.8142441173145366
428000,0.8143171777151172
428100,0.8143902093800152
428200,0.8144632123205323
428300,0.8145361865479664
428400,0.8146091320736109
428500,0.8146820489087544
428600,0.8147549370646813
428700,0.8148277965526716
428800,0.8149006273840008
428900,0.81497342956994
429000,0.8150462031217558
429100,0.8151189480507104
429200,0.8151916643680616
429300,0.8152643520850626
429400,0.8153370112129625
429500,0.8154096417630058
429600,0.8154822437464324
429700,0.8155548171744781
429800,0.815627362058374
429900,0.8156998784093472
430000,0.8157723662386198
430100,0.81584482555741
430200,0.8159172563769311
430300,0.8159896587083926
430400,0.8160620325629989
430500,0.8161343779519507
430600,0.8162066948864436
430700,0.8162789833776695
430800,0.8163512434368152
430900,0.8164234750750636
431000,0.816495678303593
431100,0.8165678531335776
431200,0.8166399995761865
431300,0.8167121176425851
431400,0.8167842073439342
431500,0.81685626869139
431600,0.8169283016961046
431700,0.8170003063692257
431800,0.8170722827218964
431900,0.8171442307652553
432000,0.8172161505104373
432100,0.8172880419685722
432200,0.8173599051507858
432300,0.8174317400681993
432400,0.8175035467319297
432500,0.8175753251530896
432600,0.8176470753427871
432700,0.8177187973121263
432800,0.8177904910722062
432900,0.8178621566341224
433000,0.8179337940089654
433100,0.8180054032078214
433200,0.8180769842417728
433300,0.818148537121897
433400,0.8182200618592672
433500,0.8182915584649526
433600,0.8183630269500176
433700,0.8184344673255226
433800,0.8185058796025233
433900,0.8185772637920713
434000,0.8186486199052139
434100,0.8187199479529939
434200,0.8187912479464496
434300,0.8188625198966154
434400,0.8189337638145211
434500,0.819004979711192
434600,0.8190761675976495
434700,0.8191473274849101
434800,0.8192184593839866
434900,0.8192895633058871
435000,0.8193606392616152
435100,0.8194316872621705
435200,0.8195027073185482
435300,0.8195736994417391
435400,0.8196446636427297
435500,0.8197155999325023
435600,0.8197865083220346
435700,0.8198573888223003
435800,0.8199282414442686
435900,0.8199990661989044
436000,0.8200698630971683
436100,0.8201406321500168
436200,0.8202113733684016
436300,0.8202820867632705
436400,0.8203527723455668
436500,0.8204234301262299
436600,0.8204940601161942
436700,0.8205646623263904
436800,0.8206352367677444
436900,0.8207057834511784
437000,0.8207763023876099
437100,0.8208467935879521
437200,0.820917257063114
437300,0.8209876928240003
437400,0.8210581008815114
437500,0.8211284812465436
437600,0.8211988339299886
437700,0.8212691589427339
437800,0.8213394562956629
437900,0.8214097259996544
438000,0.8214799680655834
438100,0.8215501825043202
438200,0.8216203693267309
438300,0.8216905285436775
438400,0.8217606601660175
438500,0.8218307642046043
438600,0.821900840670287
438700,0.8219708895739104
438800,0.8220409109263151
438900,0.8221109047383374
439000,0.8221808710208091
439100,0.8222508097845581
439200,0.822320721040408
439300,0.8223906047991778
439400,0.8224604610716828
439500,0.8225302898687334
439600,0.8226000912011364
439700,0.822669865079694
439800,0.8227396115152038
439900,0.82280933051846
440000,0.8228790221002518
440100,0.8229486862713646
440200,0.8230183230425793
440300,0.8230879324246727
440400,0.8231575144284174
440500,0.8232270690645817
440600,0.8232965963439294
440700,0.8233660962772207
440800,0.8234355688752109
440900,0.8235050141486514
441000,0.8235744321082894
441100,0.8236438227648679
441200,0.8237131861291254
441300,0.8237825222117964
441400,0.8238518310236111
441500,0.8239211125752957
441600,0.8239903668775717
441700,0.8240595939411568
441800,0.8241287937767645
441900,0.8241979663951038
442000,0.8242671118068797
442100,0.8243362300227929
442200,0.8244053210535399
442300,0.824474384909813
442400,0.8245434216023003
442500,0.8246124311416857
442600,0.824681413538649
442700,0.8247503688038655
442800,0.8248192969480067
442900,0.8248881979817395
443000,0.8249570719157271
443100,0.8250259187606278
443200,0.8250947385270965
443300,0.8251635312257833
443400,0.8252322968673345
443500,0.8253010354623919
443600,0.8253697470215933
443700,0.8254384315555723
443800,0.8255070890749583
443900,0.8255757195903766
444000,0.8256443231124482
444100,0.8257128996517897
444200,0.8257814492190143
444300,0.8258499718247301
444400,0.8259184674795416
444500,0.825986936194049
444600,0.8260553779788481
444700,0.826123792844531
444800,0.8261921808016852
444900,0.8262605418608943
445000,0.8263288760327374
445100,0.8263971833277901
445200,0.826465463756623
445300,0.8265337173298033
445400,0.8266019440578934
445500,0.8266701439514521
445600,0.8267383170210337
445700,0.8268064632771884
445800,0.8268745827304624
445900,0.8269426753913975
446000,0.8270107412705318
446100,0.8270787803783987
446200,0.8271467927255276
446300,0.8272147783224442
446400,0.8272827371796696
446500,0.8273506693077208
446600,0.8274185747171109
446700,0.8274864534183486
446800,0.8275543054219388
446900,0.8276221307383818
447000,0.8276899293781741
447100,0.827757701351808
447200,0.8278254466697719
447300,0.8278931653425496
447400,0.8279608573806212
447500,0.8280285227944623
447600,0.8280961615945447
447700,0.828163773791336
447800,0.8282313593952995
447900,0.8282989184168947
448000,0.8283664508665768
