x,y
0,0.0
100,0.0007864749724824094
200,0.0015723314020825718
300,0.0023575697752689084
400,0.0031421905781272574
500,0.003926194296361318
600,0.004709581415292652
700,0.005492352419861124
800,0.00627450779462535
900,0.0070560480237628065
1000,0.00783697359106994
1100,0.008617284979963058
1200,0.009396982673478105
1300,0.010176067154270996
1400,0.010954538904618394
1500,0.011732398406417377
1600,0.012509646141185993
1700,0.013286282590063814
1800,0.014062308233811938
1900,0.014837723552813209
2000,0.015612529027072775
2100,0.016386725136218416
2200,0.01716031235950033
2300,0.01793329117579201
2400,0.01870566206359059
2500,0.019477425501016388
2600,0.020248581965813917
2700,0.021019131935351987
2800,0.021789075886624043
2900,0.022558414296248164
3000,0.023327147640467838
3100,0.024095276395151743
3200,0.024862801035794413
3300,0.025629722037516456
3400,0.02639603987506478
3500,0.027161755022812817
3600,0.02792686795476118
3700,0.028691379144537454
3800,0.02945528906539674
3900,0.0302185981902221
4000,0.03098130699152446
4100,0.031743415941443365
4200,0.032504925511746774
4300,0.03326583617383194
4400,0.034026148398724976
4500,0.034785862657081945
4600,0.03554497941918844
4700,0.03630349915496034
4800,0.03706142233394394
4900,0.037818749425316156
5000,0.038575480897885095
5100,0.03933161722008993
5200,0.04008715886000158
5300,0.0408421062853227
5400,0.041596459963388344
5500,0.04235022036116576
5600,0.043103387945255145
5700,0.04385596318188956
5800,0.04460794653693534
5900,0.045359338475892685
6000,0.04611013946389553
6100,0.04686034996571209
6200,0.047609970445744776
6300,0.04835900136803106
6400,0.04910744319624338
6500,0.04985529639368946
6600,0.05060256142331254
6700,0.05134923874769215
6800,0.05209532882904355
6900,0.05284083212921875
7000,0.05358574910970648
7100,0.05433008023163244
7200,0.055073825955759825
7300,0.05581698674248925
7400,0.056559563051859385
7500,0.057301555343547084
7600,0.0580429640768676
7700,0.058783789710774914
7800,0.059524032703862195
7900,0.060263693514361893
8000,0.06100277260014597
8100,0.06174127041872646
8200,0.062479187427255334
8300,0.06321652408252532
8400,0.06395328084096952
8500,0.06468945815866245
8600,0.06542505649131969
8700,0.06616007629429854
8800,0.06689451802259805
8900,0.06762838213085953
9000,0.0683616690733666
9100,0.06909437930404583
9200,0.06982651327646638
9300,0.0705580714438413
9400,0.07128905425902654
9500,0.07201946217452238
9600,0.07274929564247301
9700,0.07347855511466694
9800,0.07420724104253762
9900,0.07493535387716321
10000,0.07566289406926718
10100,0.0763898620692186
10200,0.07711625832703228
10300,0.07784208329236908
10400,0.07856733741453625
10500,0.07929202114248757
10600,0.08001613492482396
10700,0.0807396792097933
10800,0.0814626544452911
10900,0.08218506107886037
11000,0.08290689955769237
11100,0.08362817032862668
11200,0.08434887383815115
11300,0.0850690105324029
11400,0.08578858085716778
11500,0.08650758525788138
11600,0.08722602417962866
11700,0.08794389806714475
11800,0.08866120736481486
11900,0.0893779525166748
12000,0.0900941339664113
12100,0.09080975215736165
12200,0.09152480753251513
12300,0.09223930053451201
12400,0.09295323160564484
12500,0.09366660118785808
12600,0.09437940972274883
12700,0.09509165765156669
12800,0.0958033454152144
12900,0.09651447345424768
13000,0.09722504220887618
13100,0.0979350521189628
13200,0.09864450362402499
13300,0.09935339716323421
13400,0.10006173317541678
13500,0.1007695120990536
13600,0.10147673437228089
13700,0.10218340043289031
13800,0.10288951071832919
13900,0.10359506566570076
14000,0.10430006571176453
14100,0.10500451129293642
14200,0.10570840284528926
14300,0.10641174080455285
14400,0.10711452560611434
14500,0.1078167576850183
14600,0.10851843747596734
14700,0.109219565413322
14800,0.10992014193110156
14900,0.11062016746298353
15000,0.11131964244230452
15100,0.1120185673020605
15200,0.1127169424749066
15300,0.11341476839315778
15400,0.11411204548878917
15500,0.11480877419343594
15600,0.11550495493839397
15700,0.11620058815461964
15800,0.11689567427273084
15900,0.11759021372300638
16000,0.11828420693538688
16100,0.11897765433947471
16200,0.11967055636453461
16300,0.12036291343949335
16400,0.12105472599294054
16500,0.12174599445312895
16600,0.12243671924797406
16700,0.12312690080505517
16800,0.12381653955161509
16900,0.12450563591456087
17000,0.12519419032046364
17100,0.12588220319555887
17200,0.12656967496574711
17300,0.12725660605659384
17400,0.12794299689332966
17500,0.12862884790085116
17600,0.12931415950372038
17700,0.12999893212616564
17800,0.13068316619208142
17900,0.13136686212502913
18000,0.13205002034823676
18100,0.1327326412845995
18200,0.1334147253566802
18300,0.134096272986709
18400,0.13477728459658433
18500,0.1354577606078724
18600,0.13613770144180837
18700,0.13681710751929554
18800,0.13749597926090673
18900,0.13817431708688355
19000,0.13885212141713732
19100,0.1395293926712492
19200,0.14020613126847004
19300,0.1408823376277213
19400,0.14155801216759478
19500,0.14223315530635305
19600,0.1429077674619299
19700,0.14358184905193028
19800,0.14425540049363061
19900,0.1449284222039795
20000,0.14560091459959723
20100,0.14627287809677658
20200,0.14694431311148293
20300,0.14761522005935468
20400,0.14828559935570296
20500,0.14895545141551259
20600,0.14962477665344198
20700,0.15029357548382327
20800,0.15096184832066284
20900,0.15162959557764144
21000,0.15229681766811454
21100,0.1529635150051123
21200,0.15362968800134036
21300,0.15429533706917953
21400,0.1549604626206863
21500,0.15562506506759333
21600,0.15628914482130918
21700,0.15695270229291902
21800,0.15761573789318473
21900,0.15827825203254486
22000,0.1589402451211155
22100,0.1596017175686899
22200,0.16026266978473946
22300,0.160923102178413
22400,0.161583015158538
22500,0.16224240913361998
22600,0.1629012845118437
22700,0.1635596417010724
22800,0.16421748110884882
22900,0.164874803142395
23000,0.16553160820861312
23100,0.16618789671408474
23200,0.1668436690650721
23300,0.16749892566751778
23400,0.16815366692704503
23500,0.16880789324895829
23600,0.16946160503824292
23700,0.17011480269956614
23800,0.1707674866372767
23900,0.1714196572554052
24000,0.1720713149576648
24100,0.17272246014745096
24200,0.1733730932278419
24300,0.17402321460159886
24400,0.17467282467116618
24500,0.17532192383867207
24600,0.17597051250592788
24700,0.17661859107442957
24800,0.17726615994535688
24900,0.1779132195195744
25000,0.17855977019763092
25100,0.17920581237976074
25200,0.1798513464658832
25300,0.18049637285560294
25400,0.1811408919482107
25500,0.18178490414268278
25600,0.18242840983768194
25700,0.1830714094315573
25800,0.18371390332234483
25900,0.18435589190776724
26000,0.18499737558523455
26100,0.18563835475184431
26200,0.1862788298043817
26300,0.1869188011393197
26400,0.1875582691528197
26500,0.18819723424073131
26600,0.18883569679859313
26700,0.18947365722163223
26800,0.19011111590476515
26900,0.1907480732425979
27000,0.19138452962942576
27100,0.19202048545923445
27200,0.19265594112569928
27300,0.19329089702218638
27400,0.19392535354175222
27500,0.1945593110771443
27600,0.19519277002080127
27700,0.19582573076485288
27800,0.19645819370112072
27900,0.19709015922111817
28000,0.19772162771605062
28100,0.19835259957681595
28200,0.1989830751940045
28300,0.19961305495789927
28400,0.20024253925847668
28500,0.20087152848540601
28600,0.20150002302805048
28700,0.20212802327546675
28800,0.20275552961640575
28900,0.20338254243931253
29000,0.2040090621323266
29100,0.20463508908328243
29200,0.2052606236797092
29300,0.20588566630883143
29400,0.20651021735756914
29500,0.20713427721253796
29600,0.20775784626004956
29700,0.2083809248861117
29800,0.20900351347642854
29900,0.20962561241640087
30000,0.21024722209112656
30100,0.21086834288540046
30200,0.21148897518371468
30300,0.21210911937025922
30400,0.2127287758289218
30500,0.21334794494328801
30600,0.21396662709664205
30700,0.21458482267196655
30800,0.21520253205194295
30900,0.21581975561895173
31000,0.21643649375507257
31100,0.21705274684208486
31200,0.21766851526146747
31300,0.21828379939439946
31400,0.21889859962175984
31500,0.2195129163241284
31600,0.22012674988178527
31700,0.22074010067471184
31800,0.2213529690825904
31900,0.22196535548480478
32000,0.22257726026044033
32100,0.22318868378828427
32200,0.22379962644682594
32300,0.22441008861425704
32400,0.22502007066847185
32500,0.22562957298706743
32600,0.22623859594734363
32700,0.226847139926304
32800,0.22745520530065522
32900,0.22806279244680794
33000,0.22866990174087654
33100,0.22927653355867972
33200,0.22988268827574077
33300,0.23048836626728741
33400,0.2310935679082523
33500,0.23169829357327332
33600,0.23230254363669356
33700,0.2329063184725617
33800,0.23350961845463247
33900,0.23411244395636654
34000,0.23471479535093065
34100,0.2353166730111983
34200,0.23591807730974967
34300,0.23651900861887176
34400,0.23711946731055922
34500,0.2377194537565136
34600,0.23831896832814436
34700,0.23891801139656887
34800,0.23951658333261272
34900,0.24011468450680962
35000,0.24071231528940196
35100,0.24130947605034103
35200,0.24190616715928714
35300,0.2425023889856096
35400,0.24309814189838774
35500,0.24369342626641022
35600,0.2442882424581756
35700,0.244882590841893
35800,0.2454764717854817
35900,0.24606988565657162
36000,0.24666283282250367
36100,0.2472553136503296
36200,0.2478473285068128
36300,0.2484388777584281
36400,0.24902996177136194
36500,0.24962058091151296
36600,0.250210735544492
36700,0.25080042603562236
36800,0.25138965274993985
36900,0.2519784160521935
37000,0.25256671630684513
37100,0.2531545538780702
37200,0.2537419291297577
37300,0.2543288424255101
37400,0.25491529412864455
37500,0.2555012846021919
37600,0.25608681420889756
37700,0.25667188331122204
37800,0.2572564922713403
37900,0.2578406414511428
38000,0.2584243312122352
38100,0.25900756191593866
38200,0.25959033392329056
38300,0.260172647595044
38400,0.2607545032916685
38500,0.26133590137335005
38600,0.26191684219999123
38700,0.2624973261312118
38800,0.26307735352634853
38900,0.26365692474445557
39000,0.2642360401443049
39100,0.264814700084386
39200,0.2653929049229067
39300,0.26597065501779293
39400,0.26654795072668913
39500,0.26712479240695863
39600,0.26770118041568347
39700,0.268277115109665
39800,0.26885259684542395
39900,0.26942762597920056
40000,0.2700022028669551
40100,0.2705763278643676
40200,0.27115000132683853
40300,0.27172322360948886
40400,0.2722959950671602
40500,0.2728683160544152
40600,0.2734401869255374
40700,0.27401160803453206
40800,0.2745825797351257
40900,0.27515310238076685
41000,0.27572317632462595
41100,0.2762928019195958
41200,0.2768619795182915
41300,0.2774307094730508
41400,0.2779989921359347
41500,0.278566827858727
41600,0.2791342169929347
41700,0.27970115988978883
41800,0.2802676569002437
41900,0.2808337083749778
42000,0.28139931466439394
42100,0.2819644761186192
42200,0.28252919308750524
42300,0.2830934659206288
42400,0.2836572949672913
42500,0.28422068057651995
42600,0.2847836230970672
42700,0.2853461228774109
42800,0.2859081802657554
42900,0.28646979561003083
43000,0.28703096925789384
43100,0.28759170155672764
43200,0.2881519928536421
43300,0.2887118434954743
43400,0.2892712538287884
43500,0.2898302241998759
43600,0.29038875495475613
43700,0.29094684643917645
43800,0.29150449899861175
43900,0.2920617129782659
44000,0.2926184887230705
44100,0.2931748265776868
44200,0.29373072688650403
44300,0.2942861899936412
44400,0.29484121624294646
44500,0.29539580597799764
44600,0.2959499595421021
44700,0.2965036772782975
44800,0.2970569595293516
44900,0.2976098066377626
45000,0.2981622189457591
45100,0.298714196795301
45200,0.29926574052807875
45300,0.29981685048551443
45400,0.30036752700876157
45500,0.30091777043870527
45600,0.3014675811159624
45700,0.30201695938088235
45800,0.30256590557354657
45900,0.303114420033769
46000,0.3036625031010963
46100,0.3042101551148084
46200,0.3047573764139182
46300,0.3053041673371717
46400,0.3058505282230489
46500,0.30639645940976346
46600,0.30694196123526285
46700,0.3074870340372292
46800,0.3080316781530785
46900,0.3085758939199619
47000,0.3091196816747649
47100,0.3096630417541084
47200,0.3102059744943485
47300,0.31074848023157664
47400,0.3112905593016201
47500,0.31183221204004175
47600,0.31237343878214086
47700,0.31291423986295297
47800,0.31345461561724985
47900,0.31399456637954026
48000,0.3145340924840697
48100,0.31507319426482105
48200,0.3156118720555141
48300,0.3161501261896067
48400,0.31668795700029384
48500,0.317225364820509
48600,0.3177623499829235
48700,0.31829891281994727
48800,0.31883505366372844
48900,0.31937077284615434
49000,0.3199060706988509
49100,0.32044094755318353
49200,0.3209754037402569
49300,0.32150943959091527
49400,0.32204305543574263
49500,0.3225762516050631
49600,0.32310902842894096
49700,0.323641386237181
49800,0.3241733253593284
49900,0.3247048461246693
50000,0.32523594886223106
50100,0.32576663390078175
50200,0.3262969015688315
50300,0.32682675219463153
50400,0.32735618610617523
50500,0.3278852036311979
50600,0.3284138050971771
50700,0.3289419908313329
50800,0.329469761160628
50900,0.3299971164117679
51000,0.3305240569112011
51100,0.3310505829851196
51200,0.3315766949594585
51300,0.332102393159897
51400,0.33262767791185766
51500,0.33315254954050755
51600,0.33367700837075775
51700,0.3342010547272638
51800,0.334724688934426
51900,0.33524791131638965
52000,0.33577072219704474
52100,0.3362931219000269
52200,0.33681511074871706
52300,0.3373366890662417
52400,0.33785785717547356
52500,0.3383786153990309
52600,0.3388989640592789
52700,0.3394189034783285
52800,0.3399384339780378
52900,0.3404575558800117
53000,0.340976269505602
53100,0.34149457517590787
53200,0.34201247321177597
53300,0.34252996393380064
53400,0.34304704766232386
53500,0.3435637247174359
53600,0.34407999541897527
53700,0.34459586008652887
53800,0.34511131903943226
53900,0.34562637259676976
54000,0.346141021077375
54100,0.34665526479983066
54200,0.3471691040824688
54300,0.3476825392433712
54400,0.34819557060036965
54500,0.3487081984710457
54600,0.3492204231727313
54700,0.34973224502250866
54800,0.3502436643372109
54900,0.3507546814334216
55000,0.35126529662747563
55100,0.35177551023545894
55200,0.352285322573209
55300,0.3527947339563148
55400,0.35330374470011705
55500,0.35381235511970854
55600,0.3543205655299343
55700,0.35482837624539165
55800,0.3553357875804306
55900,0.3558427998491537
56000,0.3563494133654167
56100,0.3568556284428285
56200,0.35736144539475123
56300,0.3578668645343006
56400,0.3583718861743461
56500,0.35887651062751114
56600,0.3593807382061732
56700,0.35988456922246426
56800,0.36038800398827064
56900,0.36089104281523343
57000,0.36139368601474864
57100,0.36189593389796737
57200,0.3623977867757959
57300,0.36289924495889625
57400,0.3634003087576858
57500,0.36390097848233793
57600,0.36440125444278215
57700,0.3649011369487042
57800,0.3654006263095462
57900,0.3658997228345068
58000,0.36639842683254165
58100,0.3668967386123634
58200,0.3673946584824418
58300,0.3678921867510041
58400,0.36838932372603506
58500,0.3688860697152774
58600,0.3693824250262313
58700,0.36987838996615585
58800,0.37037396484206775
58900,0.37086914996074294
59000,0.37136394562871544
59100,0.3718583521522786
59200,0.37235236983748476
59300,0.3728459989901455
59400,0.37333923991583207
59500,0.37383209291987507
59600,0.37432455830736533
59700,0.37481663638315355
59800,0.3753083274518506
59900,0.37579963181782794
60000,0.3762905497852176
60100,0.37678108165791235
60200,0.377271227739566
60300,0.3777609883335936
60400,0.37825036374317156
60500,0.3787393542712376
60600,0.37922796022049154
60700,0.37971618189339507
60800,0.38020401959217176
60900,0.38069147361880784
61000,0.3811785442750516
61100,0.3816652318624145
61200,0.3821515366821705
61300,0.38263745903535673
61400,0.3831229992227736
61500,0.383608157544985
61600,0.3840929343023183
61700,0.3845773297948646
61800,0.3850613443224793
61900,0.38554497818478173
62000,0.3860282316811555
62100,0.38651110511074915
62200,0.3869935987724755
62300,0.3874757129650125
62400,0.3879574479868032
62500,0.3884388041360559
62600,0.38891978171074437
62700,0.3894003810086081
62800,0.38988060232715216
62900,0.39036044596364794
63000,0.3908399122151329
63100,0.3913190013784109
63200,0.39179771375005246
63300,0.39227604962639473
63400,0.39275400930354176
63500,0.3932315930773649
63600,0.3937088012435026
63700,0.39418563409736096
63800,0.3946620919341137
63900,0.3951381750487025
64000,0.39561388373583684
64100,0.39608921828999444
64200,0.39656417900542174
64300,0.39703876617613343
64400,0.39751298009591307
64500,0.3979868210583132
64600,0.39846028935665545
64700,0.3989333852840308
64800,0.39940610913329966
64900,0.39987846119709225
65000,0.40035044176780843
65100,0.40082205113761815
65200,0.4012932895984619
65300,0.40176415744204996
65400,0.40223465495986377
65500,0.4027047824431552
65600,0.4031745401829472
65700,0.4036439284700337
65800,0.40411294759497995
65900,0.40458159784812286
66000,0.40504987951957083
66100,0.4055177928992042
66200,0.40598533827667516
66300,0.4064525159414082
66400,0.4069193261826002
66500,0.40738576928922066
66600,0.40785184555001164
66700,0.40831755525348823
66800,0.4087828986879387
66900,0.4092478761414242
67000,0.40971248790177994
67100,0.41017673425661416
67200,0.4106406154933092
67300,0.4111041318990214
67400,0.4115672837606812
67500,0.41203007136499326
67600,0.4124924949984371
67700,0.4129545549472664
67800,0.41341625149751027
67900,0.4138775849349724
68000,0.41433855554523213
68100,0.41479916361364366
68200,0.41525940942533746
68300,0.41571929326521906
68400,0.4161788154179703
68500,0.4166379761680492
68600,0.41709677579968973
68700,0.4175552145969026
68800,0.4180132928434751
68900,0.4184710108229712
69000,0.41892836881873197
69100,0.41938536711387564
69200,0.41984200599129773
69300,0.42029828573367123
69400,0.42075420662344687
69500,0.42120976894285334
69600,0.42166497297389716
69700,0.42211981899836315
69800,0.42257430729781464
69900,0.42302843815359326
70000,0.42348221184681956
70100,0.42393562865839296
70200,0.42438868886899206
70300,0.4248413927590744
70400,0.42529374060887726
70500,0.4257457326984174
70600,0.4261973693074914
70700,0.4266486507156757
70800,0.42709957720232694
70900,0.42755014904658195
71000,0.4280003665273582
71100,0.4284502299233536
71200,0.42889973951304694
71300,0.42934889557469813
71400,0.4297976983863482
71500,0.4302461482258192
71600,0.4306942453707151
71700,0.43114199009842125
71800,0.431589382686105
71900,0.4320364234107158
72000,0.43248311254898486
72100,0.43292945037742625
72200,0.4333754371723363
72300,0.43382107320979413
72400,0.43426635876566166
72500,0.43471129411558385
72600,0.4351558795349889
72700,0.4356001152990886
72800,0.4360440016828778
72900,0.4364875389611357
73000,0.43693072740842476
73100,0.43737356729909194
73200,0.43781605890726827
73300,0.4382582025068693
73400,0.438699998371595
73500,0.43914144677493017
73600,0.4395825479901444
73700,0.4400233022902925
73800,0.4404637099482146
73900,0.4409037712365361
74000,0.44134348642766785
74100,0.44178285579380683
74200,0.4422218796069357
74300,0.4426605581388232
74400,0.44309889166102434
74500,0.4435368804448807
74600,0.44397452476152033
74700,0.44441182488185815
74800,0.44484878107659576
74900,0.4452853936162222
75000,0.44572166277101355
75100,0.4461575888110333
75200,0.4465931720061328
75300,0.44702841262595094
75400,0.44746331093991454
75500,0.44789786721723857
75600,0.4483320817269265
75700,0.4487659547377698
75800,0.44919948651834885
75900,0.4496326773370326
76000,0.45006552746197925
76100,0.4504980371611358
76200,0.4509302067022386
76300,0.45136203635281336
76400,0.45179352638017567
76500,0.45222467705143055
76600,0.45265548863347316
76700,0.4530859613929885
76800,0.45351609559645234
76900,0.4539458915101302
77000,0.45437534940007873
77100,0.45480446953214515
77200,0.4552332521719674
77300,0.4556616975849749
77400,0.45608980603638793
77500,0.4565175777912184
77600,0.4569450131142697
77700,0.4573721122701372
77800,0.45779887552320775
77900,0.45822530313766063
78000,0.45865139537746713
78100,0.45907715250639114
78200,0.45950257478798884
78300,0.45992766248560935
78400,0.4603524158623945
78500,0.4607768351812793
78600,0.4612009207049921
78700,0.46162467269605423
78800,0.4620480914167808
78900,0.46247117712928076
79000,0.46289393009545654
79100,0.46331635057700493
79200,0.46373843883541666
79300,0.46416019513197704
79400,0.46458161972776557
79500,0.4650027128836568
79600,0.4654234748603199
79700,0.4658439059182189
79800,0.4662640063176132
79900,0.4666837763185575
80000,0.4671032161809019
80100,0.467522326164292
80200,0.46794110652816945
80300,0.46835955753177183
80400,0.4687776794341326
80500,0.4691954724940818
80600,0.46961293697024553
80700,0.47003007312104694
80800,0.47044688120470557
80900,0.47086336147923813
81000,0.4712795142024583
81100,0.47169533963197685
81200,0.47211083802520215
81300,0.4725260096393401
81400,0.47294085473139424
81500,0.47335537355816604
81600,0.4737695663762549
81700,0.4741834334420586
81800,0.4745969750117731
81900,0.4750101913413929
82000,0.4754230826867113
82100,0.47583564930332023
82200,0.4762478914466107
82300,0.4766598093717729
82400,0.47707140333379616
82500,0.47748267358746954
82600,0.4778936203873815
82700,0.47830424398792026
82800,0.478714544643274
82900,0.4791245226074313
83000,0.4795341781341804
83100,0.47994351147711045
83200,0.48035252288961083
83300,0.4807612126248718
83400,0.48116958093588447
83500,0.481577628075441
83600,0.48198535429613476
83700,0.48239275985036023
83800,0.4827998449903136
83900,0.4832066099679928
84000,0.48361305503519736
84100,0.4840191804435289
84200,0.484424986444391
84300,0.48483047328898987
84400,0.48523564122833374
84500,0.48564049051323366
84600,0.4860450213943034
84700,0.4864492341219595
84800,0.48685312894642185
84900,0.4872567061177132
85000,0.48765996588565985
85100,0.48806290849989165
85200,0.48846553420984196
85300,0.4888678432647481
85400,0.48926983591365136
85500,0.4896715124053972
85600,0.4900728729886352
85700,0.4904739179118195
85800,0.49087464742320897
85900,0.4912750617708669
86000,0.49167516120266186
86100,0.4920749459662671
86200,0.49247441630916144
86300,0.49287357247862895
86400,0.493272414721759
86500,0.4936709432854468
86600,0.49406915841639343
86700,0.494467060361106
86800,0.49486464936589747
86900,0.4952619256768873
87000,0.4956588895400015
87100,0.4960555412009723
87200,0.496451880905339
87300,0.49684790889844754
87400,0.4972436254254512
87500,0.4976390307313101
87600,0.4980341250607919
87700,0.4984289086584719
87800,0.49882338176873275
87900,0.49921754463576506
88000,0.4996113975035674
88100,0.5000049406159464
88200,0.5003981742165168
88300,0.5007910985487021
88400,0.501183713855734
88500,0.5015760203806532
88600,0.5019680183663089
88700,0.5023597080553597
88800,0.5027510896902729
88900,0.5031421635133257
89000,0.5035329297666044
89100,0.5039233886920047
89200,0.5043135405312322
89300,0.504703385525803
89400,0.5050929239170422
89500,0.505482155946086
89600,0.5058710818538803
89700,0.5062597018811821
89800,0.5066480162685587
89900,0.507036025256388
90000,0.5074237290848593
90100,0.5078111279939729
90200,0.5081982222235399
90300,0.5085850120131836
90400,0.5089714976023381
90500,0.5093576792302493
90600,0.5097435571359754
90700,0.5101291315583864
90800,0.5105144027361639
90900,0.5108993709078026
91000,0.5112840363116091
91100,0.5116683991857027
91200,0.5120524597680154
91300,0.5124362182962923
91400,0.5128196750080911
91500,0.5132028301407832
91600,0.5135856839315527
91700,0.5139682366173978
91800,0.5143504884351298
91900,0.5147324396213739
92000,0.5151140904125693
92100,0.5154954410449692
92200,0.515876491754641
92300,0.5162572427774664
92400,0.5166376943491416
92500,0.5170178467051775
92600,0.5173977000808996
92700,0.5177772547114484
92800,0.5181565108317796
92900,0.5185354686766641
93000,0.518914128480688
93100,0.5192924904782528
93200,0.519670554903576
93300,0.5200483219906908
93400,0.5204257919734461
93500,0.520802965085507
93600,0.5211798415603552
93700,0.5215564216312881
93800,0.52193270553142
93900,0.522308693493682
94000,0.5226843857508217
94100,0.5230597825354038
94200,0.5234348840798101
94300,0.5238096906162395
94400,0.5241842023767085
94500,0.524558419593051
94600,0.5249323424969187
94700,0.5253059713197807
94800,0.5256793062929246
94900,0.5260523476474558
95000,0.526425095614298
95100,0.5267975504241931
95200,0.5271697123077018
95300,0.5275415814952036
95400,0.5279131582168962
95500,0.5282844427027968
95600,0.5286554351827418
95700,0.5290261358863863
95800,0.529396545043205
95900,0.5297666628824923
96000,0.5301364896333621
96100,0.5305060255247482
96200,0.5308752707854043
96300,0.5312442256439043
96400,0.531612890328642
96500,0.5319812650678319
96600,0.5323493500895091
96700,0.5327171456215288
96800,0.5330846518915677
96900,0.5334518691271228
97000,0.5338187975555129
97100,0.5341854374038773
97200,0.5345517888991771
97300,0.5349178522681945
97400,0.5352836277375341
97500,0.5356491155336214
97600,0.5360143158827042
97700,0.5363792290108527
97800,0.5367438551439587
97900,0.5371081945077367
98000,0.5374722473277236
98100,0.5378360138292789
98200,0.538199494237585
98300,0.5385626887776469
98400,0.5389255976742928
98500,0.5392882211521743
98600,0.5396505594357661
98700,0.5400126127493662
98800,0.5403743813170965
98900,0.5407358653629023
99000,0.5410970651105532
99100,0.5414579807836425
99200,0.5418186126055877
99300,0.5421789607996308
99400,0.5425390255888378
99500,0.5428988071960996
99600,0.5432583058441318
99700,0.5436175217554746
99800,0.5439764551524935
99900,0.5443351062573789
100000,0.5446934752921463
100100,0.545051562478637
100200,0.5454093680385176
100300,0.5457668921932803
100400,0.5461241351642432
100500,0.5464810971725504
100600,0.5468377784391719
100700,0.5471941791849041
100800,0.5475502996303696
100900,0.5479061399960174
101000,0.5482617005021236
101100,0.5486169813687904
101200,0.5489719828159476
101300,0.5493267050633512
101400,0.5496811483305851
101500,0.5500353128370601
101600,0.5503891988020148
101700,0.5507428064445148
101800,0.5510961359834539
101900,0.5514491876375536
102000,0.5518019616253633
102100,0.5521544581652608
102200,0.5525066774754517
102300,0.5528586197739702
102400,0.5532102852786793
102500,0.5535616742072702
102600,0.5539127867772632
102700,0.5542636232060073
102800,0.5546141837106808
102900,0.5549644685082911
103000,0.5553144778156747
103100,0.5556642118494981
103200,0.5560136708262566
103300,0.5563628549622762
103400,0.556711764473712
103500,0.5570603995765493
103600,0.5574087604866038
103700,0.5577568474195211
103800,0.5581046605907773
103900,0.5584522002156793
104000,0.5587994665093645
104100,0.5591464596868008
104200,0.5594931799627874
104300,0.5598396275519546
104400,0.5601858026687635
104500,0.560531705527507
104600,0.5608773363423092
104700,0.5612226953271258
104800,0.5615677826957444
104900,0.5619125986617841
105000,0.5622571434386966
105100,0.5626014172397651
105200,0.5629454202781052
105300,0.5632891527666655
105400,0.563632614918226
105500,0.5639758069454005
105600,0.5643187290606348
105700,0.564661381476208
105800,0.5650037644042321
105900,0.5653458780566523
106000,0.565687722645247
106100,0.5660292983816284
106200,0.5663706054772419
106300,0.5667116441433668
106400,0.5670524145911162
106500,0.567392917031437
106600,0.5677331516751105
106700,0.5680731187327519
106800,0.568412818414811
106900,0.568752250931572
107000,0.5690914164931538
107100,0.5694303153095097
107200,0.5697689475904285
107300,0.5701073135455335
107400,0.5704454133842831
107500,0.5707832473159715
107600,0.5711208155497276
107700,0.5714581182945165
107800,0.5717951557591385
107900,0.5721319281522297
108000,0.5724684356822622
108100,0.5728046785575445
108200,0.5731406569862205
108300,0.5734763711762713
108400,0.5738118213355135
108500,0.5741470076716011
108600,0.5744819303920241
108700,0.5748165897041098
108800,0.5751509858150223
108900,0.5754851189317627
109000,0.5758189892611691
109100,0.5761525970099177
109200,0.576485942384521
109300,0.5768190255913301
109400,0.5771518468365333
109500,0.5774844063261568
109600,0.5778167042660649
109700,0.5781487408619599
109800,0.5784805163193821
109900,0.5788120308437107
110000,0.5791432846401627
110100,0.5794742779137945
110200,0.5798050108695004
110300,0.5801354837120141
110400,0.5804656966459081
110500,0.580795649875594
110600,0.5811253436053226
110700,0.5814547780391843
110800,0.5817839533811086
110900,0.5821128698348649
111000,0.5824415276040623
111100,0.5827699268921498
111200,0.5830980679024161
111300,0.5834259508379904
111400,0.5837535759018421
111500,0.5840809432967806
111600,0.5844080532254563
111700,0.5847349058903597
111800,0.5850615014938225
111900,0.585387840238017
112000,0.5857139223249568
112100,0.5860397479564962
112200,0.586365317334331
112300,0.5866906306599982
112400,0.5870156881348767
112500,0.5873404899601865
112600,0.5876650363369897
112700,0.5879893274661901
112800,0.5883133635485336
112900,0.5886371447846082
113000,0.5889606713748441
113100,0.5892839435195139
113200,0.5896069614187325
113300,0.5899297252724576
113400,0.5902522352804899
113500,0.5905744916424724
113600,0.5908964945578915
113700,0.5912182442260766
113800,0.5915397408462002
113900,0.5918609846172784
114000,0.5921819757381706
114100,0.5925027144075798
114200,0.5928232008240528
114300,0.5931434351859801
114400,0.5934634176915966
114500,0.5937831485389807
114600,0.5941026279260555
114700,0.5944218560505881
114800,0.5947408331101902
114900,0.5950595593023181
115000,0.5953780348242729
115100,0.5956962598732003
115200,0.596014234646091
115300,0.5963319593397811
115400,0.5966494341509514
115500,0.5969666592761284
115600,0.5972836349116837
115700,0.5976003612538348
115800,0.5979168384986446
115900,0.5982330668420222
116000,0.5985490464797218
116100,0.5988647776073448
116200,0.5991802604203379
116300,0.5994954951139942
116400,0.5998104818834535
116500,0.600125220923702
116600,0.6004397124295726
116700,0.6007539565957446
116800,0.6010679536167447
116900,0.6013817036869464
117000,0.6016952070005702
117100,0.602008463751684
117200,0.6023214741342032
117300,0.6026342383418903
117400,0.602946756568356
117500,0.603259029007058
117600,0.6035710558513023
117700,0.6038828372942429
117800,0.6041943735288817
117900,0.6045056647480691
118000,0.6048167111445033
118100,0.6051275129107315
118200,0.6054380702391491
118300,0.6057483833220004
118400,0.6060584523513785
118500,0.6063682775192252
118600,0.6066778590173314
118700,0.6069871970373375
118800,0.6072962917707329
118900,0.6076051434088563
119000,0.6079137521428961
119100,0.6082221181638903
119200,0.6085302416627265
119300,0.6088381228301425
119400,0.609145761856726
119500,0.6094531589329144
119600,0.6097603142489957
119700,0.6100672279951083
119800,0.610373900361241
119900,0.6106803315372327
120000,0.6109865217127739
120100,0.6112924710774051
120200,0.6115981798205183
120300,0.6119036481313561
120400,0.6122088761990125
120500,0.6125138642124329
120600,0.6128186123604138
120700,0.6131231208316034
120800,0.6134273898145015
120900,0.6137314194974596
121000,0.6140352100686812
121100,0.6143387617162216
121200,0.6146420746279884
121300,0.6149451489917412
121400,0.6152479849950923
121500,0.6155505828255058
121600,0.615852942670299
121700,0.6161550647166416
121800,0.6164569491515561
121900,0.616758596161918
122000,0.6170600059344558
122100,0.6173611786557509
122200,0.6176621145122383
122300,0.6179628136902064
122400,0.6182632763757967
122500,0.6185635027550045
122600,0.6188634930136792
122700,0.6191632473375233
122800,0.6194627659120938
122900,0.6197620489228017
123000,0.6200610965549119
123100,0.6203599089935439
123200,0.6206584864236715
123300,0.6209568290301228
123400,0.621254936997581
123500,0.6215528105105839
123600,0.6218504497535235
123700,0.622147854910648
123800,0.6224450261660596
123900,0.6227419637037163
124000,0.6230386677074311
124100,0.623335138360873
124200,0.6236313758475658
124300,0.6239273803508892
124400,0.6242231520540793
124500,0.6245186911402271
124600,0.6248139977922802
124700,0.6251090721930423
124800,0.6254039145251733
124900,0.6256985249711892
125000,0.6259929037134626
125100,0.6262870509342229
125200,0.6265809668155558
125300,0.6268746515394039
125400,0.627168105287567
125500,0.6274613282417014
125600,0.6277543205833213
125700,0.6280470824937971
125800,0.6283396141543577
125900,0.6286319157460885
126000,0.6289239874499329
126100,0.6292158294466922
126200,0.629507441917025
126300,0.6297988250414484
126400,0.6300899790003369
126500,0.6303809039739235
126600,0.6306716001422996
126700,0.6309620676854147
126800,0.6312523067830769
126900,0.6315423176149526
127000,0.6318321003605674
127100,0.6321216551993052
127200,0.6324109823104093
127300,0.6327000818729815
127400,0.6329889540659833
127500,0.6332775990682351
127600,0.6335660170584165
127700,0.6338542082150672
127800,0.6341421727165859
127900,0.6344299107412311
128000,0.6347174224671213
128100,0.6350047080722349
128200,0.63529176773441
128300,0.6355786016313452
128400,0.6358652099405993
128500,0.6361515928395911
128600,0.6364377505056004
128700,0.6367236831157672
128800,0.6370093908470922
128900,0.6372948738764372
129000,0.6375801323805245
129100,0.6378651665359376
129200,0.6381499765191212
129300,0.6384345625063812
129400,0.6387189246738845
129500,0.6390030631976601
129600,0.6392869782535979
129700,0.6395706700174502
129800,0.63985413866483
129900,0.6401373843712133
130000,0.6404204073119374
130100,0.640703207662202
130200,0.6409857855970689
130300,0.6412681412914623
130400,0.6415502749201687
130500,0.6418321866578371
130600,0.6421138766789796
130700,0.6423953451579704
130800,0.6426765922690469
130900,0.6429576181863095
131000,0.6432384230837214
131100,0.6435190071351095
131200,0.6437993705141634
131300,0.6440795133944366
131400,0.6443594359493456
131500,0.644639138352171
131600,0.6449186207760569
131700,0.6451978833940111
131800,0.6454769263789055
131900,0.6457557499034761
132000,0.6460343541403228
132100,0.64631273926191
132200,0.6465909054405665
132300,0.6468688528484852
132400,0.6471465816577239
132500,0.647424092040205
132600,0.6477013841677157
132700,0.6479784582119079
132800,0.6482553143442991
132900,0.648531952736271
133000,0.6488083735590712
133100,0.6490845769838124
133200,0.6493605631814727
133300,0.6496363323228959
133400,0.649911884578791
133500,0.6501872201197334
133600,0.6504623391161638
133700,0.650737241738389
133800,0.651011928156582
133900,0.6512863985407817
134000,0.6515606530608937
134100,0.6518346918866894
134200,0.6521085151878072
134300,0.6523821231337518
134400,0.6526555158938945
134500,0.6529286936374739
134600,0.6532016565335947
134700,0.6534744047512295
134800,0.6537469384592173
134900,0.6540192578262645
135000,0.654291363020945
135100,0.6545632542117001
135200,0.6548349315668385
135300,0.6551063952545364
135400,0.6553776454428379
135500,0.6556486822996551
135600,0.6559195059927678
135700,0.6561901166898239
135800,0.6564605145583395
135900,0.656730699765699
136000,0.6570006724791548
136100,0.6572704328658283
136200,0.657539981092709
136300,0.6578093173266555
136400,0.6580784417343948
136500,0.6583473544825229
136600,0.6586160557375048
136700,0.6588845456656747
136800,0.6591528244332356
136900,0.6594208922062602
137000,0.6596887491506904
137100,0.6599563954323375
137200,0.6602238312168828
137300,0.6604910566698767
137400,0.6607580719567399
137500,0.6610248772427625
137600,0.6612914726931053
137700,0.6615578584727986
137800,0.6618240347467431
137900,0.6620900016797099
138000,0.6623557594363404
138100,0.6626213081811466
138200,0.6628866480785109
138300,0.6631517792926869
138400,0.6634167019877986
138500,0.6636814163278407
138600,0.6639459224766797
138700,0.6642102205980525
138800,0.6644743108555675
138900,0.6647381934127046
139000,0.6650018684328147
139100,0.6652653360791208
139200,0.6655285965147169
139300,0.6657916499025691
139400,0.6660544964055154
139500,0.6663171361862654
139600,0.6665795694074013
139700,0.6668417962313767
139800,0.6671038168205179
139900,0.6673656313370235
140000,0.6676272399429646
140100,0.6678886428002844
140200,0.668149840070799
140300,0.6684108319161977
140400,0.6686716184980419
140500,0.6689321999777664
140600,0.6691925765166786
140700,0.6694527482759598
140800,0.6697127154166636
140900,0.6699724780997176
141000,0.6702320364859226
141100,0.6704913907359529
141200,0.6707505410103566
141300,0.6710094874695554
141400,0.6712682302738447
141500,0.6715267695833942
141600,0.6717851055582473
141700,0.6720432383583218
141800,0.6723011681434095
141900,0.6725588950731763
142000,0.6728164193071633
142100,0.6730737410047855
142200,0.6733308603253325
142300,0.673587777427969
142400,0.6738444924717344
142500,0.6741010056155426
142600,0.6743573170181831
142700,0.6746134268383205
142800,0.674869335234494
142900,0.6751250423651187
143000,0.6753805483884847
143100,0.6756358534627582
143200,0.6758909577459804
143300,0.6761458613960685
143400,0.6764005645708153
143500,0.67665506742789
143600,0.6769093701248369
143700,0.6771634728190773
143800,0.6774173756679083
143900,0.6776710788285032
144000,0.6779245824579119
144100,0.6781778867130606
144200,0.6784309917507522
144300,0.6786838977276662
144400,0.6789366048003591
144500,0.6791891131252639
144600,0.6794414228586907
144700,0.679693534156827
144800,0.6799454471757369
144900,0.6801971620713623
145000,0.6804486789995221
145100,0.6806999981159126
145200,0.6809511195761081
145300,0.6812020435355601
145400,0.6814527701495978
145500,0.6817032995734289
145600,0.6819536319621382
145700,0.6822037674706889
145800,0.6824537062539224
145900,0.6827034484665583
146000,0.6829529942631943
146100,0.6832023437983068
146200,0.6834514972262506
146300,0.683700454701259
146400,0.683949216377444
146500,0.6841977824087966
146600,0.6844461529491865
146700,0.6846943281523626
146800,0.6849423081719526
146900,0.6851900931614634
147000,0.6854376832742815
147100,0.6856850786636723
147200,0.6859322794827812
147300,0.6861792858846326
147400,0.686426098022131
147500,0.6866727160480602
147600,0.6869191401150844
147700,0.6871653703757472
147800,0.6874114069824724
147900,0.6876572500875642
148000,0.6879028998432067
148100,0.6881483564014644
148200,0.6883936199142822
148300,0.6886386905334855
148400,0.6888835684107804
148500,0.6891282536977532
148600,0.6893727465458719
148700,0.6896170471064846
148800,0.6898611555308205
148900,0.6901050719699902
149000,0.690348796574985
149100,0.6905923294966779
149200,0.6908356708858229
149300,0.6910788208930556
149400,0.6913217796688929
149500,0.6915645473637337
149600,0.6918071241278585
149700,0.6920495101114295
149800,0.6922917054644905
149900,0.692533710336968
150000,0.69277552487867
150100,0.6930171492392869
150200,0.6932585835683915
150300,0.6934998280154389
150400,0.6937408827297663
150500,0.6939817478605939
150600,0.6942224235570245
150700,0.6944629099680432
150800,0.6947032072425184
150900,0.6949433155292013
151000,0.6951832349767262
151100,0.69542296573361
151200,0.6956625079482535
151300,0.6959018617689403
151400,0.6961410273438375
151500,0.6963800048209958
151600,0.6966187943483494
151700,0.696857396073716
151800,0.6970958101447973
151900,0.6973340367091784
152000,0.6975720759143289
152100,0.6978099279076022
152200,0.6980475928362355
152300,0.6982850708473507
152400,0.6985223620879535
152500,0.6987594667049345
152600,0.6989963848450684
152700,0.6992331166550145
152800,0.6994696622813168
152900,0.6997060218704043
153000,0.6999421955685905
153100,0.7001781835220738
153200,0.7004139858769379
153300,0.7006496027791516
153400,0.7008850343745684
153500,0.7011202808089279
153600,0.7013553422278542
153700,0.7015902187768576
153800,0.7018249106013335
153900,0.7020594178465633
154000,0.7022937406577139
154100,0.7025278791798379
154200,0.7027618335578742
154300,0.7029956039366476
154400,0.7032291904608687
154500,0.7034625932751346
154600,0.7036958125239285
154700,0.7039288483516203
154800,0.7041617009024659
154900,0.7043943703206078
155000,0.7046268567500755
155100,0.7048591603347851
155200,0.7050912812185393
155300,0.7053232195450279
155400,0.7055549754578274
155500,0.7057865491004018
155600,0.706017940616102
155700,0.7062491501481664
155800,0.7064801778397203
155900,0.7067110238337768
156000,0.7069416882732367
156100,0.7071721713008876
156200,0.707402473059406
156300,0.707632593691355
156400,0.7078625333391864
156500,0.7080922921452395
156600,0.708321870251742
156700,0.7085512678008095
156800,0.7087804849344459
156900,0.7090095217945436
157000,0.7092383785228829
157100,0.709467055261133
157200,0.7096955521508517
157300,0.7099238693334855
157400,0.7101520069503693
157500,0.710379965142727
157600,0.7106077440516718
157700,0.7108353438182053
157800,0.7110627645832189
157900,0.7112900064874925
158000,0.7115170696716957
158100,0.7117439542763873
158200,0.7119706604420157
158300,0.7121971883089186
158400,0.7124235380173238
158500,0.7126497097073483
158600,0.712875703518999
158700,0.713101519592173
158800,0.7133271580666569
158900,0.713552619082128
159000,0.713777902778153
159100,0.7140030092941896
159200,0.7142279387695849
159300,0.7144526913435774
159400,0.7146772671552954
159500,0.7149016663437581
159600,0.7151258890478751
159700,0.7153499354064472
159800,0.7155738055581655
159900,0.7157974996416125
160000,0.7160210177952613
160100,0.7162443601574764
160200,0.7164675268665133
160300,0.7166905180605189
160400,0.7169133338775313
160500,0.71713597445548
160600,0.7173584399321865
160700,0.7175807304453632
160800,0.7178028461326147
160900,0.7180247871314372
161000,0.7182465535792188
161100,0.7184681456132394
161200,0.7186895633706711
161300,0.7189108069885783
161400,0.7191318766039171
161500,0.7193527723535362
161600,0.7195734943741767
161700,0.7197940428024723
161800,0.7200144177749486
161900,0.7202346194280245
162000,0.7204546478980114
162100,0.7206745033211135
162200,0.7208941858334277
162300,0.721113695570944
162400,0.7213330326695455
162500,0.7215521972650085
162600,0.7217711894930023
162700,0.7219900094890896
162800,0.7222086573887266
162900,0.7224271333272627
163000,0.7226454374399411
163100,0.7228635698618984
163200,0.7230815307281652
163300,0.7232993201736656
163400,0.7235169383332178
163500,0.7237343853415341
163600,0.7239516613332205
163700,0.7241687664427774
163800,0.7243857008045991
163900,0.7246024645529745
164000,0.724819057822087
164100,0.7250354807460141
164200,0.7252517334587281
164300,0.7254678160940957
164400,0.7256837287858786
164500,0.7258994716677333
164600,0.7261150448732108
164700,0.7263304485357576
164800,0.7265456827887147
164900,0.7267607477653186
165000,0.7269756435987011
165100,0.7271903704218888
165200,0.7274049283678043
165300,0.7276193175692651
165400,0.7278335381589845
165500,0.7280475902695716
165600,0.7282614740335309
165700,0.7284751895832628
165800,0.7286887370510636
165900,0.7289021165691256
166000,0.729115328269537
166100,0.729328372284282
166200,0.7295412487452416
166300,0.7297539577841924
166400,0.7299664995328076
166500,0.7301788741226569
166600,0.7303910816852064
166700,0.730603122351819
166800,0.7308149962537542
166900,0.7310267035221684
167000,0.7312382442881142
167100,0.7314496186825421
167200,0.731660826836299
167300,0.7318718688801289
167400,0.7320827449446732
167500,0.7322934551604703
167600,0.7325039996579564
167700,0.7327143785674646
167800,0.7329245920192258
167900,0.7331346401433682
168000,0.7333445230699179
168100,0.7335542409287988
168200,0.7337637938498325
168300,0.7339731819627382
168400,0.7341824053971338
168500,0.7343914642825343
168600,0.7346003587483538
168700,0.7348090889239041
168800,0.7350176549383953
168900,0.7352260569209359
169000,0.7354342950005331
169100,0.7356423693060925
169200,0.7358502799664179
169300,0.7360580271102126
169400,0.7362656108660781
169500,0.736473031362515
169600,0.7366802887279225
169700,0.7368873830905993
169800,0.7370943145787429
169900,0.7373010833204501
170000,0.7375076894437168
170100,0.7377141330764384
170200,0.7379204143464096
170300,0.7381265333813247
170400,0.7383324903087776
170500,0.7385382852562616
170600,0.7387439183511699
170700,0.7389493897207955
170800,0.7391546994923315
170900,0.7393598477928703
171000,0.7395648347494053
171100,0.7397696604888293
171200,0.7399743251379354
171300,0.7401788288234172
171400,0.7403831716718687
171500,0.7405873538097841
171600,0.7407913753635582
171700,0.7409952364594863
171800,0.7411989372237647
171900,0.7414024777824901
172000,0.7416058582616601
172100,0.7418090787871734
172200,0.7420121394848296
172300,0.742215040480329
172400,0.7424177818992737
172500,0.7426203638671665
172600,0.7428227865094116
172700,0.7430250499513147
172800,0.743227154318083
172900,0.7434290997348248
173000,0.7436308863265507
173100,0.7438325142181724
173200,0.7440339835345036
173300,0.7442352944002597
173400,0.7444364469400583
173500,0.7446374412784187
173600,0.7448382775397623
173700,0.7450389558484127
173800,0.745239476328596
173900,0.7454398391044401
174000,0.7456400442999755
174100,0.7458400920391355
174200,0.7460399824457551
174300,0.7462397156435727
174400,0.746439291756229
174500,0.7466387109072677
174600,0.7468379732201351
174700,0.7470370788181804
174800,0.7472360278246559
174900,0.7474348203627171
175000,0.7476334565554223
175100,0.7478319365257335
175200,0.7480302603965154
175300,0.7482284282905365
175400,0.7484264403304686
175500,0.748624296638887
175600,0.7488219973382706
175700,0.7490195425510022
175800,0.749216932399368
175900,0.7494141670055583
176000,0.7496112464916671
176100,0.7498081709796925
176200,0.7500049405915367
176300,0.7502015554490057
176400,0.7503980156738101
176500,0.7505943213875645
176600,0.7507904727117883
176700,0.7509864697679047
176800,0.7511823126772417
176900,0.7513780015610321
177000,0.7515735365404129
177100,0.7517689177364262
177200,0.7519641452700188
177300,0.7521592192620422
177400,0.7523541398332532
177500,0.7525489071043132
177600,0.752743521195789
177700,0.7529379822281528
177800,0.7531322903217813
177900,0.7533264455969573
178000,0.7535204481738687
178100,0.7537142981726086
178200,0.753907995713176
178300,0.7541015409154758
178400,0.7542949338993177
178500,0.7544881747844181
178600,0.7546812636903986
178700,0.7548742007367871
178800,0.7550669860430175
178900,0.7552596197284294
179000,0.7554521019122687
179100,0.755644432713688
179200,0.7558366122517455
179300,0.756028640645406
179400,0.7562205180135408
179500,0.7564122444749279
179600,0.7566038201482517
179700,0.756795245152103
179800,0.7569865196049795
179900,0.7571776436252861
180000,0.757368617331334
180100,0.7575594408413417
180200,0.7577501142734346
180300,0.7579406377456454
180400,0.7581310113759134
180500,0.758321235282086
180600,0.7585113095819171
180700,0.7587012343930685
180800,0.7588910098331093
180900,0.759080636019516
181000,0.7592701130696731
181100,0.7594594411008724
181200,0.7596486202303134
181300,0.759837650575104
181400,0.7600265322522592
181500,0.7602152653787027
181600,0.7604038500712658
181700,0.7605922864466879
181800,0.7607805746216167
181900,0.7609687147126085
182000,0.7611567068361274
182100,0.761344551108546
182200,0.7615322476461458
182300,0.7617197965651162
182400,0.7619071979815558
182500,0.7620944520114715
182600,0.7622815587707792
182700,0.7624685183753036
182800,0.7626553309407781
182900,0.7628419965828453
183000,0.7630285154170569
183100,0.7632148875588733
183200,0.7634011131236648
183300,0.7635871922267102
183400,0.7637731249831983
183500,0.7639589115082267
183600,0.764144551916803
183700,0.764330046323844
183800,0.7645153948441765
183900,0.7647005975925365
184000,0.7648856546835701
184100,0.765070566231833
184200,0.7652553323517911
184300,0.7654399531578202
184400,0.7656244287642059
184500,0.7658087592851441
184600,0.765992944834741
184700,0.7661769855270127
184800,0.7663608814758862
184900,0.7665446327951984
185000,0.7667282395986965
185100,0.7669117020000391
185200,0.7670950201127946
185300,0.7672781940504425
185400,0.7674612239263727
185500,0.7676441098538864
185600,0.7678268519461952
185700,0.768009450316422
185800,0.7681919050776005
185900,0.7683742163426759
186000,0.768556384224504
186100,0.7687384088358523
186200,0.7689202902893993
186300,0.7691020286977353
186400,0.7692836241733615
186500,0.769465076828691
186600,0.7696463867760485
186700,0.76982755412767
186800,0.7700085789957036
186900,0.7701894614922092
187000,0.7703702017291583
187100,0.7705507998184346
187200,0.7707312558718334
187300,0.7709115700010627
187400,0.7710917423177422
187500,0.7712717729334039
187600,0.7714516619594921
187700,0.7716314095073634
187800,0.7718110156882869
187900,0.7719904806134443
188000,0.7721698043939296
188100,0.7723489871407496
188200,0.7725280289648238
188300,0.7727069299769841
188400,0.7728856902879759
188500,0.7730643100084571
188600,0.7732427892489985
188700,0.7734211281200841
188800,0.773599326732111
188900,0.7737773851953893
189000,0.7739553036201428
189100,0.7741330821165079
189200,0.774310720794535
189300,0.7744882197641877
189400,0.7746655791353432
189500,0.7748427990177921
189600,0.7750198795212387
189700,0.7751968207553014
189800,0.7753736228295118
189900,0.7755502858533159
190000,0.7757268099360731
190100,0.7759031951870572
190200,0.7760794417154558
190300,0.7762555496303709
190400,0.7764315190408185
190500,0.7766073500557289
190600,0.7767830427839466
190700,0.7769585973342307
190800,0.7771340138152547
190900,0.7773092923356066
191000,0.7774844330037891
191100,0.7776594359282194
191200,0.7778343012172295
191300,0.7780090289790662
191400,0.7781836193218913
191500,0.7783580723537813
191600,0.7785323881827277
191700,0.7787065669166375
191800,0.7788806086633323
191900,0.7790545135305492
192000,0.7792282816259404
192100,0.7794019130570735
192200,0.7795754079314317
192300,0.7797487663564133
192400,0.7799219884393324
192500,0.7800950742874185
192600,0.780268024007817
192700,0.7804408377075891
192800,0.7806135154937113
192900,0.7807860574730764
193000,0.780958463752493
193100,0.7811307344386859
193200,0.7813028696382954
193300,0.7814748694578786
193400,0.7816467340039085
193500,0.7818184633827743
193600,0.7819900577007814
193700,0.7821615170641522
193800,0.7823328415790247
193900,0.7825040313514542
194000,0.7826750864874121
194100,0.7828460070927867
194200,0.7830167932733829
194300,0.7831874451349223
194400,0.7833579627830437
194500,0.7835283463233025
194600,0.7836985958611711
194700,0.7838687115020391
194800,0.7840386933512131
194900,0.7842085415139171
195000,0.7843782560952919
195100,0.784547837200396
195200,0.784717284934205
195300,0.7848865994016124
195400,0.7850557807074287
195500,0.785224828956382
195600,0.7853937442531185
195700,0.7855625267022016
195800,0.7857311764081127
195900,0.785899693475251
196000,0.7860680780079335
196100,0.7862363301103954
196200,0.7864044498867896
196300,0.7865724374411872
196400,0.7867402928775777
196500,0.7869080162998684
196600,0.7870756078118852
196700,0.7872430675173723
196800,0.7874103955199919
196900,0.7875775919233254
197000,0.7877446568308721
197100,0.7879115903460504
197200,0.7880783925721968
197300,0.7882450636125671
197400,0.7884116035703355
197500,0.788578012548595
197600,0.7887442906503581
197700,0.7889104379785556
197800,0.7890764546360378
197900,0.7892423407255738
198000,0.7894080963498522
198100,0.7895737216114804
198200,0.7897392166129856
198300,0.7899045814568141
198400,0.7900698162453316
198500,0.7902349210808233
198600,0.790399896065494
198700,0.7905647413014683
198800,0.79072945689079
198900,0.7908940429354232
199000,0.7910584995372515
199100,0.7912228267980784
199200,0.7913870248196273
199300,0.7915510937035418
199400,0.7917150335513854
199500,0.7918788444646415
199600,0.7920425265447142
199700,0.7922060798929276
199800,0.7923695046105258
199900,0.7925328007986737
200000,0.7926959685584566
200100,0.7928590079908802
200200,0.7930219191968705
200300,0.7931847022772747
200400,0.79334735733286
200500,0.7935098844643151
200600,0.793672283772249
200700,0.7938345553571915
200800,0.7939966993195938
200900,0.7941587157598278
201000,0.7943206047781863
201100,0.7944823664748837
201200,0.7946440009500549
201300,0.7948055083037568
201400,0.7949668886359672
201500,0.7951281420465852
201600,0.7952892686354316
201700,0.7954502685022484
201800,0.7956111417466994
201900,0.79577188846837
202000,0.7959325087667669
202100,0.7960930027413191
202200,0.7962533704913772
202300,0.7964136121162133
202400,0.7965737277150221
202500,0.7967337173869196
202600,0.7968935812309443
202700,0.7970533193460567
202800,0.7972129318311395
202900,0.7973724187849974
203000,0.7975317803063577
203100,0.7976910164938699
203200,0.7978501274461058
203300,0.7980091132615599
203400,0.7981679740386493
203500,0.7983267098757133
203600,0.7984853208710143
203700,0.7986438071227371
203800,0.7988021687289893
203900,0.7989604057878018
204000,0.7991185183971277
204100,0.7992765066548436
204200,0.7994343706587488
204300,0.799592110506566
204400,0.7997497262959405
204500,0.7999072181244415
204600,0.8000645860895611
204700,0.8002218302887145
204800,0.8003789508192408
204900,0.8005359477784022
205000,0.8006928212633845
205100,0.8008495713712969
205200,0.8010061981991725
205300,0.801162701843968
205400,0.8013190824025638
205500,0.801475339971764
205600,0.8016314746482969
205700,0.8017874865288142
205800,0.8019433757098922
205900,0.8020991422880307
206000,0.802254786359654
206100,0.8024103080211104
206200,0.8025657073686723
206300,0.8027209844985366
206400,0.8028761395068245
206500,0.8030311724895814
206600,0.8031860835427777
206700,0.8033408727623075
206800,0.8034955402439902
206900,0.8036500860835695
207000,0.8038045103767139
207100,0.8039588132190165
207200,0.8041129947059955
207300,0.8042670549330938
207400,0.8044209939956792
207500,0.8045748119890446
207600,0.804728509008408
207700,0.8048820851489121
207800,0.8050355405056255
207900,0.8051888751735414
208000,0.8053420892475787
208100,0.8054951828225811
208200,0.8056481559933184
208300,0.8058010088544856
208400,0.8059537415007028
208500,0.8061063540265163
208600,0.8062588465263979
208700,0.8064112190947448
208800,0.8065634718258802
208900,0.806715604814053
209000,0.8068676181534382
209100,0.8070195119381365
209200,0.8071712862621745
209300,0.8073229412195053
209400,0.8074744769040078
209500,0.8076258934094869
209600,0.8077771908296739
209700,0.8079283692582266
209800,0.808079428788729
209900,0.8082303695146912
210000,0.8083811915295501
210100,0.8085318949266691
210200,0.8086824797993379
210300,0.8088329462407731
210400,0.808983294344118
210500,0.8091335242024423
210600,0.8092836359087431
210700,0.8094336295559437
210800,0.8095835052368948
210900,0.8097332630443739
211000,0.8098829030710853
211100,0.8100324254096609
211200,0.8101818301526594
211300,0.8103311173925668
211400,0.8104802872217963
211500,0.8106293397326885
211600,0.8107782750175112
211700,0.8109270931684598
211800,0.8110757942776574
211900,0.8112243784371541
212000,0.8113728457389282
212100,0.8115211962748851
212200,0.8116694301368583
212300,0.811817547416609
212400,0.8119655482058262
212500,0.8121134325961268
212600,0.8122612006790556
212700,0.8124088525460855
212800,0.8125563882886173
212900,0.81270380799798
213000,0.8128511117654309
213100,0.8129982996821552
213200,0.8131453718392669
213300,0.8132923283278078
213400,0.8134391692387485
213500,0.8135858946629878
213600,0.813732504691353
213700,0.8138789994146003
213800,0.8140253789234142
213900,0.8141716433084077
214000,0.8143177926601233
214100,0.8144638270690314
214200,0.8146097466255318
214300,0.8147555514199529
214400,0.8149012415425525
214500,0.8150468170835169
214600,0.8151922781329617
214700,0.8153376247809316
214800,0.8154828571174005
214900,0.8156279752322717
215000,0.8157729792153774
215100,0.8159178691564796
215200,0.8160626451452693
215300,0.8162073072713671
215400,0.8163518556243234
215500,0.8164962902936177
215600,0.8166406113686595
215700,0.8167848189387877
215800,0.8169289130932712
215900,0.8170728939213086
216000,0.817216761512028
216100,0.8173605159544881
216200,0.8175041573376771
216300,0.817647685750513
216400,0.8177911012818446
216500,0.8179344040204499
216600,0.818077594055038
216700,0.8182206714742475
216800,0.8183636363666478
216900,0.8185064888207381
217000,0.8186492289249485
217100,0.8187918567676394
217200,0.8189343724371018
217300,0.8190767760215568
217400,0.8192190676091566
217500,0.8193612472879841
217600,0.8195033151460526
217700,0.8196452712713063
217800,0.8197871157516203
217900,0.8199288486748005
218000,0.8200704701285839
218100,0.8202119802006383
218200,0.8203533789785626
218300,0.8204946665498871
218400,0.8206358430020727
218500,0.820776908422512
218600,0.8209178628985286
218700,0.8210587065173777
218800,0.8211994393662454
218900,0.8213400615322497
219000,0.8214805731024398
219100,0.8216209741637966
219200,0.8217612648032326
219300,0.8219014451075919
219400,0.82204151516365
219500,0.8221814750581147
219600,0.8223213248776253
219700,0.8224610647087529
219800,0.8226006946380007
219900,0.8227402147518036
220000,0.8228796251365289
220100,0.8230189258784758
220200,0.8231581170638754
220300,0.8232971987788914
220400,0.8234361711096194
220500,0.8235750341420873
220600,0.8237137879622557
220700,0.823852432656017
220800,0.8239909683091968
220900,0.8241293950075526
221000,0.8242677128367744
221100,0.8244059218824854
221200,0.8245440222302409
221300,0.8246820139655293
221400,0.8248198971737715
221500,0.8249576719403212
221600,0.8250953383504652
221700,0.8252328964894231
221800,0.8253703464423474
221900,0.8255076882943237
222000,0.825644922130371
222100,0.8257820480354406
222200,0.8259190660944179
222300,0.826055976392121
222400,0.8261927790133016
222500,0.8263294740426443
222600,0.8264660615647677
222700,0.8266025416642233
222800,0.8267389144254964
222900,0.826875179933006
223000,0.8270113382711042
223100,0.8271473895240772
223200,0.8272833337761447
223300,0.8274191711114605
223400,0.8275549016141116
223500,0.8276905253681194
223600,0.827826042457439
223700,0.8279614529659595
223800,0.828096756977504
223900,0.8282319545758298
224000,0.8283670458446281
224100,0.8285020308675245
224200,0.8286369097280788
224300,0.828771682509785
224400,0.8289063492960712
224500,0.8290409101703006
224600,0.8291753652157701
224700,0.8293097145157112
224800,0.8294439581532905
224900,0.8295780962116086
225000,0.829712128773701
225100,0.8298460559225378
225200,0.829979877741024
225300,0.830113594311999
225400,0.8302472057182377
225500,0.8303807120424492
225600,0.8305141133672782
225700,0.8306474097753038
225800,0.8307806013490406
225900,0.8309136881709381
226000,0.8310466703233811
226100,0.8311795478886893
226200,0.831312320949118
226300,0.8314449895868578
226400,0.8315775538840342
226500,0.8317100139227087
226600,0.8318423697848779
226700,0.831974621552474
226800,0.8321067693073649
226900,0.832238813131354
227000,0.8323707531061801
227100,0.8325025893135182
227200,0.8326343218349788
227300,0.832765950752108
227400,0.8328974761463884
227500,0.833028898099238
227600,0.8331602166920107
227700,0.8332914320059969
227800,0.8334225441224226
227900,0.83355355312245
228000,0.8336844590871779
228100,0.8338152620976407
228200,0.8339459622348095
228300,0.8340765595795915
228400,0.8342070542128304
228500,0.8343374462153061
228600,0.8344677356677352
228700,0.8345979226507709
228800,0.8347280072450027
228900,0.8348579895309569
229000,0.8349878695890962
229100,0.8351176474998204
229200,0.8352473233434659
229300,0.8353768972003057
229400,0.8355063691505501
229500,0.835635739274346
229600,0.8357650076517773
229700,0.835894174362865
229800,0.8360232394875672
229900,0.836152203105779
230000,0.8362810652973327
230100,0.8364098261419978
230200,0.8365384857194812
230300,0.8366670441094269
230400,0.8367955013914165
230500,0.8369238576449687
230600,0.8370521129495399
230700,0.8371802673845239
230800,0.8373083210292523
230900,0.8374362739629939
231000,0.8375641262649556
231100,0.8376918780142815
231200,0.8378195292900539
231300,0.8379470801712927
231400,0.8380745307369557
231500,0.8382018810659386
231600,0.838329131237075
231700,0.8384562813291365
231800,0.8385833314208329
231900,0.838710281590812
232000,0.8388371319176595
232100,0.8389638824798997
232200,0.839090533355995
232300,0.8392170846243461
232400,0.8393435363632918
232500,0.8394698886511096
232600,0.8395961415660154
232700,0.8397222951861634
232800,0.8398483495896464
232900,0.8399743048544959
233000,0.8401001610586819
233100,0.8402259182801133
233200,0.8403515765966373
233300,0.8404771360860404
233400,0.8406025968260474
233500,0.8407279588943224
233600,0.8408532223684683
233700,0.8409783873260267
233800,0.8411034538444786
233900,0.8412284220012438
234000,0.8413532918736814
234100,0.8414780635390895
234200,0.8416027370747055
234300,0.8417273125577058
234400,0.8418517900652068
234500,0.8419761696742634
234600,0.8421004514618704
234700,0.842224635504962
234800,0.8423487218804117
234900,0.8424727106650325
235000,0.8425966019355775
235100,0.8427203957687389
235200,0.8428440922411488
235300,0.8429676914293789
235400,0.8430911934099408
235500,0.8432145982592859
235600,0.8433379060538057
235700,0.843461116869831
235800,0.8435842307836332
235900,0.8437072478714236
236000,0.8438301682093531
236100,0.8439529918735132
236200,0.8440757189399355
236300,0.8441983494845915
236400,0.8443208835833934
236500,0.8444433213121932
236600,0.8445656627467837
236700,0.8446879079628977
236800,0.8448100570362088
236900,0.8449321100423308
237000,0.8450540670568182
237100,0.845175928155166
237200,0.8452976934128098
237300,0.8454193629051259
237400,0.8455409367074315
237500,0.8456624148949841
237600,0.8457837975429826
237700,0.8459050847265663
237800,0.8460262765208157
237900,0.846147373000752
238000,0.8462683742413376
238100,0.8463892803174758
238200,0.8465100913040112
238300,0.8466308072757291
238400,0.8467514283073567
238500,0.8468719544735617
238600,0.8469923858489534
238700,0.8471127225080824
238800,0.8472329645254408
238900,0.8473531119754618
239000,0.8474731649325206
239100,0.8475931234709331
239200,0.8477129876649574
239300,0.8478327575887931
239400,0.8479524333165811
239500,0.8480720149224046
239600,0.8481915024802877
239700,0.8483108960641972
239800,0.8484301957480409
239900,0.8485494016056692
240000,0.8486685137108738
240100,0.8487875321373888
240200,0.8489064569588901
240300,0.8490252882489956
240400,0.8491440260812655
240500,0.8492626705292021
240600,0.8493812216662497
240700,0.8494996795657951
240800,0.8496180443011672
240900,0.8497363159456374
241000,0.8498544945724191
241100,0.8499725802546686
241200,0.8500905730654844
241300,0.8502084730779076
241400,0.8503262803649219
241500,0.8504439949994531
241600,0.8505616170543706
241700,0.8506791466024856
241800,0.8507965837165524
241900,0.8509139284692683
242000,0.8510311809332729
242100,0.8511483411811491
242200,0.8512654092854227
242300,0.8513823853185621
242400,0.8514992693529791
242500,0.8516160614610284
242600,0.8517327617150077
242700,0.8518493701871579
242800,0.8519658869496632
242900,0.852082312074651
243000,0.8521986456341917
243100,0.8523148877002995
243200,0.8524310383449314
243300,0.8525470976399884
243400,0.8526630656573144
243500,0.8527789424686972
243600,0.8528947281458681
243700,0.8530104227605015
243800,0.8531260263842162
243900,0.853241539088574
244000,0.853356960945081
244100,0.8534722920251865
244200,0.8535875324002838
244300,0.8537026821417104
244400,0.8538177413207473
244500,0.8539327100086195
244600,0.8540475882764961
244700,0.8541623761954901
244800,0.8542770738366586
244900,0.854391681271003
245000,0.8545061985694686
245100,0.8546206258029451
245200,0.8547349630422663
245300,0.8548492103582102
245400,0.8549633678214996
245500,0.8550774355028011
245600,0.8551914134727261
245700,0.8553053018018304
245800,0.8554191005606142
245900,0.8555328098195223
246000,0.8556464296489441
246100,0.8557599601192136
246200,0.8558734013006097
246300,0.8559867532633558
246400,0.8561000160776202
246500,0.8562131898135158
246600,0.8563262745411006
246700,0.8564392703303773
246800,0.8565521772512937
246900,0.8566649953737427
247000,0.856777724767562
247100,0.8568903655025343
247200,0.8570029176483877
247300,0.8571153812747951
247400,0.8572277564513753
247500,0.8573400432476914
247600,0.8574522417332526
247700,0.8575643519775129
247800,0.8576763740498718
247900,0.8577883080196747
248000,0.8579001539562114
248100,0.8580119119287186
248200,0.8581235820063773
248300,0.8582351642583147
248400,0.8583466587536036
248500,0.8584580655612625
248600,0.8585693847502553
248700,0.858680616389492
248800,0.8587917605478284
248900,0.8589028172940658
249000,0.8590137866969518
249100,0.8591246688251797
249200,0.8592354637473889
249300,0.8593461715321646
249400,0.8594567922480385
249500,0.8595673259634878
249600,0.8596777727469364
249700,0.8597881326667538
249800,0.8598984057912564
249900,0.8600085921887066
250000,0.8601186919273127
250100,0.86022870507523
250200,0.8603386317005598
250300,0.86044847187135
250400,0.8605582256555948
250500,0.8606678931212353
250600,0.8607774743361587
250700,0.8608869693681991
250800,0.8609963782851372
250900,0.8611057011547004
251000,0.8612149380445627
251100,0.8613240890223451
251200,0.8614331541556153
251300,0.8615421335118877
251400,0.861651027158624
251500,0.8617598351632323
251600,0.8618685575930682
251700,0.8619771945154342
251800,0.8620857459975797
251900,0.8621942121067012
252000,0.8623025929099425
252100,0.8624108884743946
252200,0.8625190988670955
252300,0.8626272241550309
252400,0.8627352644051334
252500,0.8628432196842832
252600,0.8629510900593078
252700,0.8630588755969821
252800,0.8631665763640288
252900,0.8632741924271176
253000,0.863381723852866
253100,0.8634891707078395
253200,0.8635965330585507
253300,0.8637038109714599
253400,0.8638110045129757
253500,0.8639181137494537
253600,0.864025138747198
253700,0.8641320795724601
253800,0.8642389362914396
253900,0.864345708970284
254000,0.8644523976750886
254100,0.8645590024718972
254200,0.8646655234267011
254300,0.86477196060544
254400,0.8648783140740017
254500,0.8649845838982222
254600,0.8650907701438856
254700,0.8651968728767243
254800,0.8653028921624192
254900,0.8654088280665992
255000,0.8655146806548419
255100,0.8656204499926732
255200,0.8657261361455674
255300,0.8658317391789474
255400,0.8659372591581846
255500,0.8660426961485992
255600,0.8661480502154595
255700,0.866253321423983
255800,0.8663585098393358
255900,0.8664636155266324
256000,0.8665686385509366
256100,0.8666735789772605
256200,0.8667784368705655
256300,0.8668832122957618
256400,0.8669879053177085
256500,0.8670925160012135
256600,0.8671970444110342
256700,0.8673014906118767
256800,0.8674058546683961
256900,0.8675101366451972
257000,0.8676143366068334
257100,0.8677184546178076
257200,0.867822490742572
257300,0.867926445045528
257400,0.8680303175910264
257500,0.8681341084433676
257600,0.868237817666801
257700,0.8683414453255257
257800,0.8684449914836905
257900,0.8685484562053932
258000,0.8686518395546818
258100,0.8687551415955537
258200,0.8688583623919558
258300,0.868961502007785
258400,0.8690645605068875
258500,0.8691675379530599
258600,0.869270434410048
258700,0.8693732499415481
258800,0.8694759846112057
258900,0.869578638482617
259000,0.8696812116193274
259100,0.8697837040848331
259200,0.8698861159425797
259300,0.8699884472559634
259400,0.8700906980883302
259500,0.8701928685029764
259600,0.8702949585631485
259700,0.8703969683320434
259800,0.8704988978728081
259900,0.8706007472485401
260000,0.870702516522287
260100,0.8708042057570472
260200,0.8709058150157692
260300,0.8710073443613524
260400,0.8711087938566462
260500,0.8712101635644511
260600,0.8713114535475177
260700,0.8714126638685478
260800,0.8715137945901934
260900,0.8716148457750574
261000,0.8717158174856936
261100,0.8718167097846066
261200,0.8719175227342514
261300,0.8720182563970345
261400,0.8721189108353129
261500,0.8722194861113948
261600,0.872319982287539
261700,0.8724203994259561
261800,0.8725207375888069
261900,0.8726209968382037
262000,0.8727211772362102
262100,0.8728212788448411
262200,0.8729213017260619
262300,0.87302124594179
262400,0.8731211115538938
262500,0.873220898624193
262600,0.8733206072144589
262700,0.8734202373864141
262800,0.8735197892017325
262900,0.8736192627220396
263000,0.8737186580089126
263100,0.87381797512388
263200,0.8739172141284223
263300,0.8740163750839711
263400,0.8741154580519103
263500,0.8742144630935749
263600,0.874313390270252
263700,0.8744122396431806
263800,0.8745110112735515
263900,0.8746097052225069
264000,0.8747083215511416
264100,0.8748068603205019
264200,0.8749053215915864
264300,0.8750037054253453
264400,0.8751020118826813
264500,0.875200241024449
264600,0.8752983929114552
264700,0.8753964676044587
264800,0.8754944651641706
264900,0.8755923856512546
265000,0.8756902291263261
265100,0.8757879956499534
265200,0.8758856852826565
265300,0.8759832980849085
265400,0.8760808341171346
265500,0.8761782934397123
265600,0.8762756761129721
265700,0.8763729821971965
265800,0.8764702117526211
265900,0.8765673648394338
266000,0.8766644415177751
266100,0.8767614418477385
266200,0.87685836588937
266300,0.8769552137026687
266400,0.877051985347586
266500,0.8771486808840265
266600,0.8772453003718477
266700,0.8773418438708599
266800,0.8774383114408263
266900,0.8775347031414633
267000,0.8776310190324401
267100,0.8777272591733793
267200,0.8778234236238562
267300,0.8779195124433997
267400,0.8780155256914914
267500,0.8781114634275665
267600,0.8782073257110132
267700,0.8783031126011733
267800,0.8783988241573415
267900,0.8784944604387661
268000,0.878590021504649
268100,0.8786855074141453
268200,0.8787809182263635
268300,0.8788762540003657
268400,0.8789715147951678
268500,0.8790667006697388
268600,0.8791618116830019
268700,0.8792568478938333
268800,0.8793518093610635
268900,0.8794466961434763
269000,0.8795415082998095
269100,0.8796362458887547
269200,0.8797309089689572
269300,0.8798254975990164
269400,0.8799200118374852
269500,0.8800144517428711
269600,0.8801088173736349
269700,0.8802031087881919
269800,0.8802973260449112
269900,0.8803914692021161
270000,0.8804855383180841
270100,0.8805795334510466
270200,0.8806734546591894
270300,0.8807673020006529
270400,0.8808610755335309
270500,0.8809547753158723
270600,0.8810484014056799
270700,0.8811419538609111
270800,0.8812354327394777
270900,0.8813288380992458
271000,0.8814221699980361
271100,0.881515428493624
271200,0.8816086136437391
271300,0.8817017255060657
271400,0.8817947641382431
271500,0.8818877295978648
271600,0.8819806219424792
271700,0.8820734412295893
271800,0.8821661875166532
271900,0.8822588608610836
272000,0.8823514613202479
272100,0.8824439889514687
272200,0.8825364438120232
272300,0.8826288259591438
272400,0.8827211354500178
272500,0.8828133723417876
272600,0.8829055366915505
272700,0.8829976285563588
272800,0.8830896479932203
272900,0.8831815950590978
273000,0.8832734698109092
273100,0.8833652723055275
273200,0.8834570025997815
273300,0.8835486607504549
273400,0.8836402468142868
273500,0.8837317608479716
273600,0.8838232029081593
273700,0.8839145730514552
273800,0.8840058713344201
273900,0.8840970978135705
274000,0.8841882525453783
274100,0.8842793355862708
274200,0.8843703469926312
274300,0.8844612868207984
274400,0.8845521551270666
274500,0.8846429519676863
274600,0.8847336773988631
274700,0.884824331476759
274800,0.8849149142574915
274900,0.8850054257971339
275000,0.8850958661517158
275100,0.8851862353772223
275200,0.8852765335295946
275300,0.88536676066473
275400,0.8854569168384817
275500,0.8855470021066593
275600,0.885637016525028
275700,0.8857269601493095
275800,0.8858168330351816
275900,0.8859066352382782
276000,0.8859963668141896
276100,0.8860860278184622
276200,0.8861756183065992
276300,0.8862651383340593
276400,0.8863545879562583
276500,0.8864439672285682
276600,0.8865332762063173
276700,0.8866225149447906
276800,0.8867116834992296
276900,0.8868007819248321
277000,0.8868898102767528
277100,0.8869787686101029
277200,0.8870676569799502
277300,0.8871564754413193
277400,0.8872452240491914
277500,0.8873339028585046
277600,0.8874225119241537
277700,0.8875110513009903
277800,0.8875995210438229
277900,0.8876879212074169
278000,0.8877762518464948
278100,0.8878645130157357
278200,0.887952704769776
278300,0.8880408271632089
278400,0.8881288802505849
278500,0.8882168640864114
278600,0.888304778725153
278700,0.8883926242212317
278800,0.8884804006290261
278900,0.8885681080028726
279000,0.8886557463970647
279100,0.8887433158658532
279200,0.8888308164634461
279300,0.8889182482440089
279400,0.8890056112616644
279500,0.8890929055704931
279600,0.8891801312245328
279700,0.8892672882777785
279800,0.889354376784183
279900,0.8894413967976571
280000,0.8895283483720683
280100,0.8896152315612424
280200,0.8897020464189629
280300,0.8897887929989704
280400,0.8898754713549638
280500,0.8899620815405995
280600,0.8900486236094919
280700,0.890135097615213
280800,0.8902215036112929
280900,0.8903078416512193
281000,0.8903941117884383
281100,0.8904803140763534
281200,0.8905664485683265
281300,0.8906525153176774
281400,0.8907385143776839
281500,0.8908244458015822
281600,0.8909103096425661
281700,0.8909961059537881
281800,0.8910818347883586
281900,0.8911674961993463
282000,0.8912530902397781
282100,0.8913386169626393
282200,0.8914240764208735
282300,0.8915094686673827
282400,0.8915947937550271
282500,0.8916800517366256
282600,0.8917652426649554
282700,0.8918503665927521
282800,0.89193542357271
282900,0.892020413657482
283000,0.8921053368996794
283100,0.8921901933518722
283200,0.8922749830665891
283300,0.8923597060963175
283400,0.8924443624935035
283500,0.8925289523105517
283600,0.892613475599826
283700,0.8926979324136486
283800,0.8927823228043008
283900,0.892866646824023
284000,0.892950904525014
284100,0.893035095959432
284200,0.8931192211793939
284300,0.8932032802369757
284400,0.8932872731842125
284500,0.8933712000730986
284600,0.8934550609555869
284700,0.89353885588359
284800,0.8936225849089794
284900,0.8937062480835859
285000,0.8937898454591994
285100,0.8938733770875693
285200,0.893956843020404
285300,0.8940402433093715
285400,0.894123578006099
285500,0.8942068471621731
285600,0.8942900508291401
285700,0.8943731890585054
285800,0.894456261901734
285900,0.8945392694102505
286000,0.8946222116354391
286100,0.8947050886286434
286200,0.8947879004411667
286300,0.8948706471242721
286400,0.8949533287291822
286500,0.8950359453070793
286600,0.8951184969091055
286700,0.8952009835863628
286800,0.8952834053899129
286900,0.8953657623707774
287000,0.8954480545799376
287100,0.8955302820683348
287200,0.8956124448868703
287300,0.8956945430864055
287400,0.8957765767177613
287500,0.8958585458317193
287600,0.8959404504790206
287700,0.8960222907103667
287800,0.8961040665764191
287900,0.8961857781277993
288000,0.8962674254150895
288100,0.8963490084888318
288200,0.8964305273995283
288300,0.8965119821976418
288400,0.8965933729335952
288500,0.8966746996577717
288600,0.8967559624205151
288700,0.8968371612721294
288800,0.8969182962628792
288900,0.8969993674429892
289000,0.8970803748626452
289100,0.897161318571993
289200,0.8972421986211393
289300,0.8973230150601511
289400,0.8974037679390562
289500,0.8974844573078431
289600,0.897565083216461
289700,0.8976456457148196
289800,0.8977261448527895
289900,0.897806580680202
290000,0.8978869532468495
290100,0.8979672626024848
290200,0.8980475087968218
290300,0.8981276918795353
290400,0.8982078119002611
290500,0.8982878689085958
290600,0.898367862954097
290700,0.8984477940862836
290800,0.8985276623546351
290900,0.8986074678085925
291000,0.8986872104975576
291100,0.8987668904708936
291200,0.8988465077779249
291300,0.8989260624679368
291400,0.8990055545901761
291500,0.8990849841938506
291600,0.8991643513281298
291700,0.8992436560421443
291800,0.8993228983849859
291900,0.8994020784057082
292000,0.8994811961533259
292100,0.8995602516768152
292200,0.8996392450251138
292300,0.899718176247121
292400,0.8997970453916976
292500,0.8998758525076658
292600,0.8999545976438097
292700,0.9000332808488747
292800,0.9001119021715683
292900,0.9001904616605593
293000,0.9002689593644783
293100,0.9003473953319177
293200,0.9004257696114318
293300,0.9005040822515367
293400,0.90058233330071
293500,0.9006605228073916
293600,0.900738650819983
293700,0.900816717386848
293800,0.900894722556312
293900,0.9009726663766623
294000,0.9010505488961488
294100,0.9011283701629829
294200,0.9012061302253381
294300,0.9012838291313506
294400,0.9013614669291181
294500,0.9014390436667008
294600,0.9015165593921208
294700,0.9015940141533629
294800,0.9016714079983738
294900,0.9017487409750625
295000,0.9018260131313005
295100,0.9019032245149216
295200,0.9019803751737219
295300,0.9020574651554598
295400,0.9021344945078565
295500,0.9022114632785955
295600,0.9022883715153225
295700,0.9023652192656462
295800,0.9024420065771376
295900,0.9025187334973304
296000,0.9025954000737205
296100,0.9026720063537672
296200,0.9027485523848919
296300,0.9028250382144789
296400,0.9029014638898751
296500,0.9029778294583904
296600,0.9030541349672974
296700,0.9031303804638313
296800,0.9032065659951903
296900,0.9032826916085358
297000,0.9033587573509916
297100,0.9034347632696446
297200,0.9035107094115449
297300,0.9035865958237053
297400,0.9036624225531018
297500,0.9037381896466734
297600,0.9038138971513221
297700,0.9038895451139132
297800,0.9039651335812751
297900,0.9040406626001991
298000,0.90411613221744
298100,0.9041915424797158
298200,0.9042668934337077
298300,0.90434218512606
298400,0.9044174176033808
298500,0.904492590912241
298600,0.9045677050991752
298700,0.9046427602106812
298800,0.9047177562932205
298900,0.9047926933932179
299000,0.9048675715570615
299100,0.9049423908311034
299200,0.9050171512616588
299300,0.9050918528950066
299400,0.9051664957773894
299500,0.9052410799550132
299600,0.9053156054740481
299700,0.9053900723806274
299800,0.9054644807208484
299900,0.9055388305407721
300000,0.9056131218864232
300100,0.9056873548037904
300200,0.9057615293388258
300300,0.9058356455374458
300400,0.9059097034455306
300500,0.9059837031089242
300600,0.9060576445734344
300700,0.9061315278848335
300800,0.9062053530888572
300900,0.9062791202312057
301000,0.9063528293575429
301100,0.906426480513497
301200,0.9065000737446602
301300,0.906573609096589
301400,0.9066470866148039
301500,0.9067205063447896
301600,0.9067938683319954
301700,0.9068671726218341
301800,0.9069404192596836
301900,0.9070136082908856
302000,0.9070867397607463
302100,0.9071598137145361
302200,0.9072328301974903
302300,0.907305789254808
302400,0.9073786909316531
302500,0.9074515352731539
302600,0.9075243223244033
302700,0.9075970521304585
302800,0.9076697247363414
302900,0.9077423401870388
303000,0.9078148985275015
303100,0.9078873998026453
303200,0.9079598440573509
303300,0.9080322313364632
303400,0.908104561684792
303500,0.9081768351471123
303600,0.9082490517681633
303700,0.9083212115926491
303800,0.908393314665239
303900,0.9084653610305669
304000,0.9085373507332316
304100,0.9086092838177968
304200,0.9086811603287914
304300,0.908752980310709
304400,0.9088247438080082
304500,0.9088964508651128
304600,0.9089681015264117
304700,0.9090396958362588
304800,0.909111233838973
304900,0.9091827155788385
305000,0.9092541411001045
305100,0.9093255104469857
305200,0.9093968236636618
305300,0.9094680807942778
305400,0.9095392818829439
305500,0.9096104269737357
305600,0.9096815161106943
305700,0.9097525493378258
305800,0.9098235266991019
305900,0.9098944482384598
306000,0.909965313999802
306100,0.9100361240269964
306200,0.9101068783638767
306300,0.9101775770542418
306400,0.9102482201418565
306500,0.9103188076704506
306600,0.9103893396837203
306700,0.9104598162253266
306800,0.9105302373388968
306900,0.9106006030680238
307000,0.9106709134562658
307100,0.9107411685471472
307200,0.9108113683841579
307300,0.9108815130107537
307400,0.9109516024703562
307500,0.911021636806353
307600,0.9110916160620972
307700,0.9111615402809082
307800,0.9112314095060712
307900,0.9113012237808372
308000,0.9113709831484235
308100,0.9114406876520129
308200,0.911510337334755
308300,0.9115799322397645
308400,0.9116494724101232
308500,0.9117189578888782
308600,0.9117883887190433
308700,0.9118577649435982
308800,0.9119270866054887
308900,0.9119963537476271
309000,0.9120655664128918
309100,0.9121347246441275
309200,0.9122038284841452
309300,0.9122728779757221
309400,0.9123418731616022
309500,0.9124108140844952
309600,0.912479700787078
309700,0.912548533311993
309800,0.91261731170185
309900,0.9126860359992248
310000,0.9127547062466597
310100,0.9128233224866635
310200,0.9128918847617119
310300,0.9129603931142469
310400,0.9130288475866774
310500,0.9130972482213784
310600,0.9131655950606921
310700,0.9132338881469273
310800,0.9133021275223594
310900,0.9133703132292305
311000,0.9134384453097497
311100,0.9135065238060928
311200,0.9135745487604023
311300,0.9136425202147878
311400,0.9137104382113255
311500,0.9137783027920587
311600,0.9138461139989977
311700,0.9139138718741197
311800,0.9139815764593686
311900,0.9140492277966557
312000,0.9141168259278591
312100,0.9141843708948243
312200,0.9142518627393633
312300,0.9143193015032558
312400,0.9143866872282483
312500,0.9144540199560546
312600,0.9145212997283556
312700,0.9145885265867997
312800,0.9146557005730019
312900,0.9147228217285454
313000,0.9147898900949798
313100,0.9148569057138226
313200,0.9149238686265584
313300,0.9149907788746392
313400,0.9150576364994846
313500,0.9151244415424812
313600,0.9151911940449835
313700,0.9152578940483133
313800,0.9153245415937598
313900,0.9153911367225798
314000,0.9154576794759977
314100,0.9155241698952054
314200,0.9155906080213624
314300,0.9156569938955961
314400,0.9157233275590011
314500,0.9157896090526401
314600,0.9158558384175431
314700,0.9159220156947083
314800,0.9159881409251012
314900,0.9160542141496553
315000,0.916120235409272
315100,0.9161862047448204
315200,0.9162521221971373
315300,0.9163179878070278
315400,0.9163838016152646
315500,0.9164495636625882
315600,0.9165152739897076
315700,0.9165809326372992
315800,0.9166465396460078
315900,0.9167120950564461
316000,0.9167775989091946
316100,0.9168430512448025
316200,0.9169084521037865
316300,0.9169738015266317
316400,0.9170390995537914
316500,0.9171043462256869
316600,0.917169541582708
316700,0.9172346856652125
316800,0.9172997785135264
316900,0.9173648201679443
317000,0.9174298106687288
317100,0.9174947500561109
317200,0.9175596383702902
317300,0.9176244756514345
317400,0.9176892619396797
317500,0.9177539972751307
317600,0.9178186816978605
317700,0.9178833152479108
317800,0.9179478979652915
317900,0.9180124298899814
318000,0.9180769110619276
318100,0.9181413415210459
318200,0.9182057213072206
318300,0.9182700504603046
318400,0.9183343290201199
318500,0.9183985570264566
318600,0.9184627345190737
318700,0.9185268615376991
318800,0.9185909381220293
318900,0.9186549643117297
319000,0.9187189401464342
319100,0.9187828656657459
319200,0.9188467409092365
319300,0.9189105659164467
319400,0.9189743407268862
319500,0.9190380653800334
319600,0.9191017399153358
319700,0.9191653643722097
319800,0.9192289387900408
319900,0.9192924632081833
320000,0.9193559376659607
320100,0.9194193622026657
320200,0.91948273685756
320300,0.9195460616698744
320400,0.9196093366788086
320500,0.9196725619235321
320600,0.9197357374431828
320700,0.9197988632768686
320800,0.9198619394636659
320900,0.919924966042621
321000,0.9199879430527492
321100,0.920050870533035
321200,0.9201137485224326
321300,0.9201765770598651
321400,0.9202393561842255
321500,0.9203020859343756
321600,0.9203647663491473
321700,0.9204273974673415
321800,0.9204899793277287
321900,0.9205525119690491
322000,0.920614995430012
322100,0.9206774297492967
322200,0.9207398149655519
322300,0.9208021511173958
322400,0.9208644382434164
322500,0.9209266763821713
322600,0.9209888655721877
322700,0.9210510058519626
322800,0.9211130972599627
322900,0.9211751398346244
323000,0.9212371336143539
323100,0.9212990786375272
323200,0.9213609749424901
323300,0.9214228225675583
323400,0.9214846215510172
323500,0.9215463719311223
323600,0.921608073746099
323700,0.9216697270341423
323800,0.9217313318334177
323900,0.9217928881820603
324000,0.9218543961181752
324100,0.9219158556798378
324200,0.9219772669050933
324300,0.9220386298319572
324400,0.9220999444984148
324500,0.9221612109424218
324600,0.9222224292019039
324700,0.9222835993147571
324800,0.9223447213188475
324900,0.9224057952520113
325000,0.9224668211520552
325100,0.9225277990567562
325200,0.9225887290038612
325300,0.9226496110310878
325400,0.9227104451761236
325500,0.9227712314766269
325600,0.9228319699702261
325700,0.9228926606945204
325800,0.9229533036870788
325900,0.9230138989854414
326000,0.9230744466271184
326100,0.9231349466495905
326200,0.9231953990903091
326300,0.923255803986696
326400,0.9233161613761438
326500,0.9233764712960154
326600,0.9234367337836444
326700,0.923496948876335
326800,0.9235571166113624
326900,0.923617237025972
327000,0.9236773101573801
327100,0.9237373360427739
327200,0.923797314719311
327300,0.9238572462241202
327400,0.9239171305943009
327500,0.9239769678669232
327600,0.9240367580790281
327700,0.9240965012676275
327800,0.9241561974697043
327900,0.9242158467222124
328000,0.9242754490620761
328100,0.9243350045261913
328200,0.9243945131514244
328300,0.9244539749746132
328400,0.9245133900325662
328500,0.9245727583620631
328600,0.9246320799998548
328700,0.924691354982663
328800,0.9247505833471806
328900,0.924809765130072
329000,0.9248689003679722
329100,0.924927989097488
329200,0.9249870313551967
329300,0.9250460271776475
329400,0.9251049766013604
329500,0.9251638796628269
329600,0.9252227363985097
329700,0.9252815468448431
329800,0.9253403110382322
329900,0.925399029015054
330000,0.9254577008116565
330100,0.9255163264643594
330200,0.9255749060094538
330300,0.925633439483202
330400,0.9256919269218381
330500,0.9257503683615674
330600,0.9258087638385671
330700,0.9258671133889856
330800,0.925925417048943
330900,0.9259836748545311
331000,0.9260418868418132
331100,0.9261000530468242
331200,0.9261581735055706
331300,0.9262162482540308
331400,0.9262742773281549
331500,0.9263322607638645
331600,0.9263901985970531
331700,0.9264480908635859
331800,0.9265059375993
331900,0.9265637388400042
332000,0.9266214946214792
332100,0.9266792049794776
332200,0.9267368699497238
332300,0.9267944895679141
332400,0.9268520638697167
332500,0.9269095928907719
332600,0.9269670766666919
332700,0.9270245152330607
332800,0.9270819086254347
332900,0.9271392568793421
333000,0.927196560030283
333100,0.9272538181137298
333200,0.9273110311651269
333300,0.9273681992198911
333400,0.927425322313411
333500,0.9274824004810476
333600,0.9275394337581337
333700,0.9275964221799748
333800,0.9276533657818484
333900,0.9277102645990044
334000,0.9277671186666646
334100,0.9278239280200236
334200,0.927880692694248
334300,0.9279374127244767
334400,0.9279940881458213
334500,0.9280507189933653
334600,0.9281073053021651
334700,0.9281638471072493
334800,0.9282203444436189
334900,0.9282767973462475
335000,0.9283332058500808
335100,0.9283895699900379
335200,0.9284458898010094
335300,0.9285021653178591
335400,0.9285583965754234
335500,0.9286145836085108
335600,0.928670726451903
335700,0.9287268251403539
335800,0.9287828797085904
335900,0.9288388901913118
336000,0.9288948566231905
336100,0.9289507790388711
336200,0.9290066574729714
336300,0.9290624919600818
336400,0.9291182825347655
336500,0.9291740292315585
336600,0.9292297320849696
336700,0.9292853911294806
336800,0.9293410063995462
336900,0.9293965779295937
337000,0.9294521057540237
337100,0.9295075899072096
337200,0.9295630304234975
337300,0.9296184273372069
337400,0.9296737806826302
337500,0.9297290904940326
337600,0.9297843568056526
337700,0.9298395796517017
337800,0.9298947590663645
337900,0.9299498950837987
338000,0.9300049877381351
338100,0.9300600370634776
338200,0.9301150430939036
338300,0.9301700058634632
338400,0.9302249254061802
338500,0.9302798017560514
338600,0.9303346349470467
338700,0.9303894250131097
338800,0.9304441719881571
338900,0.9304988759060786
339000,0.9305535368007379
339100,0.9306081547059716
339200,0.9306627296555897
339300,0.9307172616833759
339400,0.9307717508230869
339500,0.9308261971084534
339600,0.930880600573179
339700,0.9309349612509412
339800,0.9309892791753909
339900,0.9310435543801524
340000,0.9310977868988237
340100,0.9311519767649765
340200,0.9312061240121557
340300,0.9312602286738803
340400,0.9313142907836424
340500,0.9313683103749083
340600,0.9314222874811176
340700,0.9314762221356838
340800,0.9315301143719941
340900,0.9315839642234092
341000,0.931637771723264
341100,0.9316915369048667
341200,0.9317452598014998
341300,0.9317989404464192
341400,0.9318525788728549
341500,0.9319061751140106
341600,0.931959729203064
341700,0.9320132411731668
341800,0.9320667110574443
341900,0.932120138888996
342000,0.9321735247008954
342100,0.9322268685261899
342200,0.9322801703979008
342300,0.9323334303490236
342400,0.9323866484125278
342500,0.9324398246213571
342600,0.9324929590084289
342700,0.9325460516066352
342800,0.9325991024488416
342900,0.9326521115678885
343000,0.9327050789965898
343100,0.9327580047677343
343200,0.9328108889140843
343300,0.9328637314683766
343400,0.9329165324633226
343500,0.9329692919316076
343600,0.9330220099058911
343700,0.9330746864188073
343800,0.9331273215029645
343900,0.9331799151909452
344000,0.9332324675153068
344100,0.9332849785085804
344200,0.933337448203272
344300,0.9333898766318619
344400,0.933442263826805
344500,0.9334946098205302
344600,0.9335469146454416
344700,0.9335991783339173
344800,0.9336514009183099
344900,0.9337035824309469
345000,0.9337557229041302
345100,0.9338078223701363
345200,0.9338598808612163
345300,0.933911898409596
345400,0.9339638750474757
345500,0.9340158108070306
345600,0.9340677057204104
345700,0.9341195598197396
345800,0.9341713731371175
345900,0.9342231457046181
346000,0.9342748775542901
346100,0.934326568718157
346200,0.9343782192282172
346300,0.9344298291164439
346400,0.9344813984147853
346500,0.934532927155164
346600,0.9345844153694782
346700,0.9346358630896004
346800,0.9346872703473783
346900,0.9347386371746347
347000,0.9347899636031669
347100,0.9348412496647477
347200,0.9348924953911246
347300,0.9349437008140202
347400,0.9349948659651324
347500,0.9350459908761337
347600,0.935097075578672
347700,0.9351481201043703
347800,0.9351991244848267
347900,0.9352500887516143
348000,0.9353010129362817
348100,0.9353518970703522
348200,0.9354027411853248
348300,0.9354535453126736
348400,0.9355043094838476
348500,0.9355550337302716
348600,0.9356057180833451
348700,0.9356563625744436
348800,0.9357069672349173
348900,0.935757532096092
349000,0.935808057189269
349100,0.9358585425457246
349200,0.935908988196711
349300,0.9359593941734553
349400,0.9360097605071606
349500,0.9360600872290048
349600,0.9361103743701419
349700,0.936160621961701
349800,0.936210830034787
349900,0.9362609986204801
350000,0.9363111277498362
350100,0.9363612174538866
350200,0.9364112677636383
350300,0.9364612787100741
350400,0.9365112503241522
350500,0.9365611826368064
350600,0.9366110756789464
350700,0.9366609294814575
350800,0.9367107440752007
350900,0.9367605194910126
351000,0.9368102557597057
351100,0.9368599529120683
351200,0.9369096109788643
351300,0.9369592299908336
351400,0.9370088099786918
351500,0.9370583509731305
351600,0.9371078530048169
351700,0.9371573161043942
351800,0.9372067403024817
351900,0.9372561256296745
352000,0.9373054721165434
352100,0.9373547797936352
352200,0.9374040486914732
352300,0.9374532788405562
352400,0.9375024702713589
352500,0.9375516230143325
352600,0.9376007370999038
352700,0.9376498125584761
352800,0.9376988494204285
352900,0.9377478477161162
353000,0.9377968074758706
353100,0.9378457287299993
353200,0.9378946115087861
353300,0.9379434558424907
353400,0.9379922617613493
353500,0.9380410292955743
353600,0.9380897584753541
353700,0.9381384493308536
353800,0.9381871018922139
353900,0.9382357161895523
354000,0.9382842922529624
354100,0.9383328301125146
354200,0.9383813297982548
354300,0.9384297913402062
354400,0.9384782147683677
354500,0.9385266001127147
354600,0.9385749474031995
354700,0.9386232566697503
354800,0.938671527942272
354900,0.938719761250646
355000,0.9387679566247301
355100,0.9388161140943587
355200,0.9388642336893428
355300,0.9389123154394696
355400,0.9389603593745034
355500,0.9390083655241847
355600,0.9390563339182307
355700,0.9391042645863353
355800,0.9391521575581692
355900,0.9392000128633792
356000,0.9392478305315894
356100,0.9392956105924003
356200,0.9393433530753892
356300,0.9393910580101101
356400,0.9394387254260939
356500,0.9394863553528479
356600,0.9395339478198566
356700,0.939581502856581
356800,0.9396290204924593
356900,0.9396765007569063
357000,0.9397239436793136
357100,0.9397713492890497
357200,0.9398187176154603
357300,0.9398660486878676
357400,0.9399133425355711
357500,0.939960599187847
357600,0.9400078186739486
357700,0.9400550010231061
357800,0.9401021462645269
357900,0.9401492544273954
358000,0.9401963255408726
358100,0.9402433596340972
358200,0.9402903567361847
358300,0.9403373168762275
358400,0.9403842400832955
358500,0.9404311263864356
358600,0.9404779758146715
358700,0.9405247883970048
358800,0.9405715641624136
358900,0.9406183031398537
359000,0.9406650053582577
359100,0.9407116708465358
359200,0.9407582996335754
359300,0.9408048917482409
359400,0.9408514472193743
359500,0.9408979660757948
359600,0.940944448346299
359700,0.9409908940596607
359800,0.9410373032446314
359900,0.9410836759299396
360000,0.9411300121442914
360100,0.9411763119163702
360200,0.9412225752748371
360300,0.9412688022483304
360400,0.941314992865466
360500,0.9413611471548373
360600,0.9414072651450152
360700,0.9414533468645478
360800,0.9414993923419616
360900,0.9415454016057596
361000,0.9415913746844231
361100,0.941637311606411
361200,0.9416832124001593
361300,0.9417290770940822
361400,0.9417749057165712
361500,0.9418206982959955
361600,0.9418664548607022
361700,0.941912175439016
361800,0.9419578600592391
361900,0.9420035087496519
362000,0.9420491215385121
362100,0.9420946984540554
362200,0.9421402395244953
362300,0.9421857447780231
362400,0.942231214242808
362500,0.9422766479469966
362600,0.9423220459187142
362700,0.9423674081860631
362800,0.9424127347771241
362900,0.9424580257199555
363000,0.9425032810425941
363100,0.9425485007730539
363200,0.9425936849393275
363300,0.9426388335693852
363400,0.9426839466911752
363500,0.9427290243326241
363600,0.9427740665216361
363700,0.9428190732860938
363800,0.9428640446538576
363900,0.9429089806527663
364000,0.9429538813106364
364100,0.9429987466552628
364200,0.9430435767144186
364300,0.9430883715158549
364400,0.9431331310873008
364500,0.9431778554564642
364600,0.9432225446510304
364700,0.9432671986986636
364800,0.9433118176270059
364900,0.9433564014636778
365000,0.943400950236278
365100,0.9434454639723835
365200,0.9434899426995496
365300,0.9435343864453098
365400,0.9435787952371765
365500,0.9436231691026398
365600,0.9436675080691684
365700,0.9437118121642096
365800,0.9437560814151889
365900,0.9438003158495102
366000,0.943844515494556
366100,0.9438886803776871
366200,0.943932810526243
366300,0.9439769059675416
366400,0.9440209667288791
366500,0.9440649928375306
366600,0.9441089843207495
366700,0.9441529412057679
366800,0.9441968635197963
366900,0.944240751290024
367000,0.9442846045436188
367100,0.9443284233077273
367200,0.9443722076094744
367300,0.944415957475964
367400,0.9444596729342785
367500,0.9445033540114792
367600,0.9445470007346058
367700,0.9445906131306772
367800,0.9446341912266906
367900,0.944677735049622
368000,0.9447212446264265
368100,0.9447647199840378
368200,0.9448081611493684
368300,0.9448515681493097
368400,0.9448949410107319
368500,0.9449382797604842
368600,0.9449815844253944
368700,0.9450248550322695
368800,0.9450680916078952
368900,0.9451112941790363
369000,0.9451544627724364
369100,0.9451975974148182
369200,0.9452406981328834
369300,0.9452837649533126
369400,0.9453267979027652
369500,0.9453697970078802
369600,0.9454127622952752
369700,0.9454556937915468
369800,0.9454985915232712
369900,0.9455414555170032
370000,0.9455842857992769
370100,0.9456270823966055
370200,0.9456698453354815
370300,0.9457125746423762
370400,0.9457552703437405
370500,0.9457979324660042
370600,0.9458405610355765
370700,0.9458831560788457
370800,0.9459257176221795
370900,0.9459682456919245
371000,0.9460107403144071
371100,0.9460532015159328
371200,0.946095629322786
371300,0.9461380237612311
371400,0.9461803848575113
371500,0.9462227126378495
371600,0.9462650071284479
371700,0.9463072683554878
371800,0.9463494963451304
371900,0.9463916911235161
372000,0.9464338527167646
372100,0.9464759811509752
372200,0.9465180764522266
372300,0.9465601386465772
372400,0.9466021677600646
372500,0.9466441638187061
372600,0.9466861268484985
372700,0.9467280568754183
372800,0.9467699539254213
372900,0.946811818024443
373000,0.9468536491983987
373100,0.9468954474731829
373200,0.9469372128746701
373300,0.9469789454287143
373400,0.9470206451611493
373500,0.9470623120977884
373600,0.9471039462644245
373700,0.9471455476868307
373800,0.9471871163907593
373900,0.9472286524019425
374000,0.9472701557460925
374100,0.9473116264489012
374200,0.94735306453604
374300,0.9473944700331602
374400,0.9474358429658933
374500,0.9474771833598503
374600,0.947518491240622
374700,0.9475597666337794
374800,0.947601009564873
374900,0.9476422200594337
375000,0.9476833981429716
375100,0.9477245438409776
375200,0.9477656571789217
375300,0.9478067381822546
375400,0.9478477868764065
375500,0.9478888032867877
375600,0.9479297874387888
375700,0.94797073935778
375800,0.9480116590691119
375900,0.9480525465981149
376000,0.9480934019700997
376100,0.948134225210357
376200,0.9481750163441574
376300,0.9482157753967521
376400,0.9482565023933719
376500,0.9482971973592282
376600,0.9483378603195124
376700,0.948378491299396
376800,0.9484190903240308
376900,0.9484596574185489
377000,0.9485001926080623
377100,0.9485406959176638
377200,0.9485811673724259
377300,0.9486216069974017
377400,0.9486620148176247
377500,0.9487023908581083
377600,0.9487427351438465
377700,0.9487830476998138
377800,0.9488233285509647
377900,0.9488635777222344
378000,0.9489037952385382
378100,0.9489439811247719
378200,0.9489841354058118
378300,0.9490242581065147
378400,0.9490643492517177
378500,0.9491044088662383
378600,0.9491444369748747
378700,0.9491844336024055
378800,0.9492243987735897
378900,0.949264332513167
379000,0.9493042348458576
379100,0.9493441057963622
379200,0.9493839453893621
379300,0.9494237536495191
379400,0.9494635306014759
379500,0.9495032762698555
379600,0.9495429906792616
379700,0.9495826738542786
379800,0.9496223258194718
379900,0.9496619465993866
380000,0.9497015362185497
380100,0.9497410947014682
380200,0.9497806220726298
380300,0.9498201183565034
380400,0.9498595835775381
380500,0.9498990177601642
380600,0.9499384209287927
380700,0.949977793107815
380800,0.9500171343216041
380900,0.9500564445945131
381000,0.9500957239508764
381100,0.9501349724150088
381200,0.9501741900112066
381300,0.9502133767637464
381400,0.9502525326968861
381500,0.9502916578348645
381600,0.9503307522019009
381700,0.9503698158221962
381800,0.9504088487199317
381900,0.9504478509192701
382000,0.9504868224443548
382100,0.9505257633193104
382200,0.9505646735682424
382300,0.9506035532152375
382400,0.9506424022843633
382500,0.9506812207996684
382600,0.9507200087851829
382700,0.9507587662649175
382800,0.9507974932628643
382900,0.9508361898029966
383000,0.9508748559092683
383100,0.9509134916056153
383200,0.9509520969159541
383300,0.9509906718641824
383400,0.9510292164741794
383500,0.9510677307698053
383600,0.9511062147749016
383700,0.951144668513291
383800,0.9511830920087777
383900,0.9512214852851468
384000,0.951259848366165
384100,0.95129818127558
384200,0.951336484037121
384300,0.9513747566744989
384400,0.9514129992114052
384500,0.9514512116715135
384600,0.9514893940784782
384700,0.9515275464559354
384800,0.9515656688275026
384900,0.9516037612167787
385000,0.9516418236473441
385100,0.9516798561427603
385200,0.9517178587265708
385300,0.9517558314223001
385400,0.9517937742534548
385500,0.9518316872435223
385600,0.951869570415972
385700,0.9519074237942546
385800,0.9519452474018026
385900,0.9519830412620299
386000,0.9520208053983321
386100,0.9520585398340862
386200,0.952096244592651
386300,0.9521339196973667
386400,0.9521715651715555
386500,0.9522091810385211
386600,0.9522467673215488
386700,0.9522843240439055
386800,0.95232185122884
386900,0.952359348899583
387000,0.9523968170793462
387100,0.9524342557913238
387200,0.9524716650586914
387300,0.9525090449046065
387400,0.9525463953522083
387500,0.9525837164246179
387600,0.9526210081449381
387700,0.9526582705362535
387800,0.9526955036216308
387900,0.9527327074241183
388000,0.9527698819667462
388100,0.9528070272725268
388200,0.952844143364454
388300,0.9528812302655038
388400,0.9529182879986341
388500,0.9529553165867848
388600,0.9529923160528777
388700,0.9530292864198164
388800,0.9530662277104869
388900,0.9531031399477569
389000,0.953140023154476
389100,0.953176877353476
389200,0.953213702567571
389300,0.9532504988195567
389400,0.9532872661322112
389500,0.9533240045282945
389600,0.9533607140305487
389700,0.953397394661698
389800,0.9534340464444492
389900,0.9534706694014904
390000,0.9535072635554924
390100,0.9535438289291083
390200,0.9535803655449729
390300,0.9536168734257036
390400,0.9536533525938997
390500,0.9536898030721431
390600,0.9537262248829976
390700,0.9537626180490094
390800,0.953798982592707
390900,0.9538353185366011
391000,0.9538716259031846
391100,0.9539079047149331
391200,0.9539441549943041
391300,0.9539803767637376
391400,0.954016570045656
391500,0.954052734862464
391600,0.9540888712365486
391700,0.9541249791902795
391800,0.9541610587460085
391900,0.9541971099260699
392000,0.9542331327527804
392100,0.9542691272484393
392200,0.9543050934353281
392300,0.9543410313357111
392400,0.954376940971835
392500,0.9544128223659287
392600,0.9544486755402041
392700,0.9544845005168551
392800,0.9545202973180587
392900,0.954556065965974
393000,0.9545918064827429
393100,0.9546275188904898
393200,0.9546632032113219
393300,0.9546988594673287
393400,0.9547344876805826
393500,0.9547700878731383
393600,0.9548056600670337
393700,0.9548412042842889
393800,0.9548767205469068
393900,0.9549122088768729
394000,0.9549476692961558
394100,0.9549831018267063
394200,0.9550185064904585
394300,0.9550538833093286
394400,0.955089232305216
394500,0.955124553500003
394600,0.9551598469155542
394700,0.9551951125737175
394800,0.9552303504963231
394900,0.9552655607051845
395000,0.955300743222098
395100,0.9553358980688423
395200,0.9553710252671797
395300,0.9554061248388546
395400,0.9554411968055948
395500,0.9554762411891109
395600,0.9555112580110966
395700,0.9555462472932281
395800,0.9555812090571649
395900,0.9556161433245494
396000,0.9556510501170068
396100,0.9556859294561457
396200,0.9557207813635573
396300,0.9557556058608159
396400,0.955790402969479
396500,0.955825172711087
396600,0.9558599151071635
396700,0.955894630179215
396800,0.9559293179487311
396900,0.9559639784371847
397000,0.9559986116660315
397100,0.9560332176567107
397200,0.9560677964306443
397300,0.9561023480092375
397400,0.956136872413879
397500,0.9561713696659404
397600,0.9562058397867763
397700,0.9562402827977249
397800,0.9562746987201074
397900,0.9563090875752283
398000,0.9563434493843753
398100,0.9563777841688194
398200,0.9564120919498148
398300,0.9564463727485992
398400,0.9564806265863932
398500,0.9565148534844011
398600,0.9565490534638104
398700,0.9565832265457918
398800,0.9566173727514995
398900,0.956651492102071
399000,0.9566855846186272
399100,0.9567196503222724
399200,0.9567536892340941
399300,0.9567877013751637
399400,0.9568216867665356
399500,0.9568556454292477
399600,0.9568895773843216
399700,0.956923482652762
399800,0.9569573612555572
399900,0.9569912132136793
400000,0.9570250385480836
400100,0.957058837279709
400200,0.9570926094294777
400300,0.957126355018296
400400,0.9571600740670532
400500,0.9571937665966225
400600,0.9572274326278605
400700,0.9572610721816075
400800,0.9572946852786873
400900,0.9573282719399077
401000,0.9573618321860595
401100,0.9573953660379176
401200,0.9574288735162406
401300,0.9574623546417705
401400,0.957495809435233
401500,0.9575292379173379
401600,0.9575626401087782
401700,0.9575960160302308
401800,0.9576293657023567
401900,0.9576626891457999
402000,0.9576959863811889
402100,0.9577292574291357
402200,0.957762502310236
402300,0.9577957210450693
402400,0.957828913654199
402500,0.9578620801581723
402600,0.9578952205775204
402700,0.9579283349327581
402800,0.9579614232443842
402900,0.9579944855328812
403000,0.9580275218187159
403100,0.9580605321223385
403200,0.9580935164641835
403300,0.9581264748646692
403400,0.9581594073441977
403500,0.9581923139231554
403600,0.9582251946219122
403700,0.9582580494608224
403800,0.9582908784602241
403900,0.9583236816404394
404000,0.9583564590217744
404100,0.9583892106245193
404200,0.9584219364689484
404300,0.9584546365753198
404400,0.958487310963876
404500,0.9585199596548434
404600,0.9585525826684324
404700,0.9585851800248377
404800,0.958617751744238
404900,0.9586502978467962
405000,0.9586828183526593
405100,0.9587153132819585
405200,0.958747782654809
405300,0.9587802264913104
405400,0.9588126448115464
405500,0.9588450376355848
405600,0.958877404983478
405700,0.958909746875262
405800,0.9589420633309576
405900,0.9589743543705695
406000,0.959006620014087
406100,0.9590388602814833
406200,0.9590710751927164
406300,0.9591032647677279
406400,0.9591354290264443
406500,0.9591675679887762
406600,0.9591996816746187
406700,0.9592317701038509
406800,0.9592638332963367
406900,0.959295871271924
407000,0.9593278840504453
407100,0.9593598716517175
407200,0.959391834095542
407300,0.9594237714017042
407400,0.9594556835899745
407500,0.9594875706801074
407600,0.9595194326918419
407700,0.9595512696449017
407800,0.9595830815589946
407900,0.9596148684538134
408000,0.9596466303490349
408100,0.9596783672643207
408200,0.959710079219317
408300,0.9597417662336543
408400,0.9597734283269479
408500,0.9598050655187975
408600,0.9598366778287875
408700,0.9598682652764869
408800,0.9598998278814492
408900,0.9599313656632128
409000,0.9599628786413001
409100,0.9599943668352191
409200,0.9600258302644614
409300,0.9600572689485042
409400,0.9600886829068088
409500,0.9601200721588214
409600,0.960151436723973
409700,0.960182776621679
409800,0.9602140918713398
409900,0.9602453824923404
410000,0.9602766485040508
410100,0.9603078899258255
410200,0.9603391067770038
410300,0.9603702990769101
410400,0.960401466844853
410500,0.9604326101001265
410600,0.9604637288620093
410700,0.9604948231497645
410800,0.9605258929826408
410900,0.960556938379871
411000,0.9605879593606733
411100,0.9606189559442506
411200,0.9606499281497907
411300,0.9606808759964662
411400,0.960711799503435
411500,0.9607426986898394
411600,0.9607735735748071
411700,0.9608044241774504
411800,0.9608352505168669
411900,0.9608660526121389
412000,0.9608968304823339
412100,0.9609275841465043
412200,0.9609583136236874
412300,0.960989018932906
412400,0.9610197000931673
412500,0.9610503571234639
412600,0.9610809900427734
412700,0.9611115988700585
412800,0.9611421836242671
412900,0.9611727443243319
413000,0.961203280989171
413100,0.9612337936376875
413200,0.9612642822887695
413300,0.9612947469612905
413400,0.9613251876741091
413500,0.9613556044460688
413600,0.9613859972959987
413700,0.9614163662427128
413800,0.9614467113050104
413900,0.9614770325016758
414000,0.961507329851479
414100,0.9615376033731748
414200,0.9615678530855035
414300,0.9615980790071905
414400,0.9616282811569467
414500,0.9616584595534678
414600,0.9616886142154355
414700,0.9617187451615161
414800,0.9617488524103619
414900,0.9617789359806098
415000,0.9618089958908828
415100,0.9618390321597885
415200,0.9618690448059206
415300,0.9618990338478576
415400,0.9619289993041636
415500,0.9619589411933883
415600,0.9619888595340664
415700,0.9620187543447184
415800,0.96204862564385
415900,0.9620784734499523
416000,0.9621082977815023
416100,0.962138098656962
416200,0.9621678760947788
416300,0.9621976301133862
416400,0.9622273607312025
416500,0.962257067966632
416600,0.9622867518380643
416700,0.9623164123638748
416800,0.962346049562424
416900,0.9623756634520582
417000,0.9624052540511094
417100,0.962434821377895
417200,0.9624643654507181
417300,0.9624938862878674
417400,0.962523383907617
417500,0.9625528583282271
417600,0.9625823095679429
417700,0.9626117376449959
417800,0.9626411425776027
417900,0.9626705243839659
418000,0.9626998830822738
418100,0.9627292186907003
418200,0.962758531227405
418300,0.962787820710533
418400,0.9628170871582158
418500,0.9628463305885698
418600,0.9628755510196978
418700,0.962904748469688
418800,0.9629339229566145
418900,0.9629630744985372
419000,0.9629922031135019
419100,0.9630213088195398
419200,0.9630503916346684
419300,0.9630794515768908
419400,0.9631084886641958
419500,0.9631375029145586
419600,0.9631664943459395
419700,0.9631954629762852
419800,0.9632244088235281
419900,0.9632533319055867
420000,0.963282232240365
420100,0.9633111098457534
420200,0.9633399647396279
420300,0.9633687969398506
420400,0.9633976064642692
420500,0.963426393330718
420600,0.9634551575570168
420700,0.9634838991609715
420800,0.9635126181603741
420900,0.9635413145730024
421000,0.9635699884166203
421100,0.963598639708978
421200,0.9636272684678111
421300,0.963655874710842
421400,0.9636844584557788
421500,0.9637130197203154
421600,0.9637415585221323
421700,0.9637700748788959
421800,0.9637985688082585
421900,0.9638270403278589
422000,0.9638554894553216
422100,0.9638839162082576
422200,0.963912320604264
422300,0.9639407026609237
422400,0.9639690623958062
422500,0.9639973998264669
422600,0.9640257149704478
422700,0.9640540078452764
422800,0.9640822784684672
422900,0.9641105268575203
423000,0.9641387530299225
423100,0.9641669570031465
423200,0.9641951387946514
423300,0.9642232984218826
423400,0.9642514359022717
423500,0.9642795512532368
423600,0.964307644492182
423700,0.9643357156364978
423800,0.9643637647035612
423900,0.9643917917107353
424000,0.9644197966753698
424100,0.9644477796148004
424200,0.9644757405463495
424300,0.9645036794873258
424400,0.9645315964550243
424500,0.9645594914667264
424600,0.9645873645396998
424700,0.964615215691199
424800,0.9646430449384645
424900,0.9646708522987236
425000,0.9646986377891899
425100,0.9647264014270631
425200,0.9647541432295301
425300,0.9647818632137639
425400,0.9648095613969236
425500,0.9648372377961557
425600,0.9648648924285924
425700,0.9648925253113527
425800,0.9649201364615425
425900,0.9649477258962535
426000,0.9649752936325647
426100,0.9650028396875413
426200,0.965030364078235
426300,0.9650578668216843
426400,0.9650853479349142
426500,0.9651128074349363
426600,0.9651402453387489
426700,0.9651676616633369
426800,0.9651950564256717
426900,0.9652224296427115
427000,0.9652497813314013
427100,0.9652771115086725
427200,0.9653044201914431
427300,0.9653317073966183
427400,0.9653589731410896
427500,0.9653862174417353
427600,0.9654134403154203
427700,0.9654406417789965
427800,0.9654678218493024
427900,0.9654949805431632
428000,0.9655221178773911
428100,0.9655492338687847
428200,0.9655763285341297
428300,0.9656034018901986
428400,0.9656304539537505
428500,0.9656574847415315
428600,0.9656844942702744
428700,0.9657114825566988
428800,0.9657384496175115
428900,0.9657653954694058
429000,0.9657923201290619
429100,0.9658192236131471
429200,0.9658461059383154
429300,0.9658729671212077
429400,0.965899807178452
429500,0.965926626126663
429600,0.9659534239824424
429700,0.9659802007623789
429800,0.9660069564830482
429900,0.9660336911610128
430000,0.9660604048128223
430100,0.9660870974550132
430200,0.9661137691041091
430300,0.9661404197766205
430400,0.9661670494890449
430500,0.966193658257867
430600,0.9662202460995584
430700,0.9662468130305777
430800,0.9662733590673707
430900,0.96629988422637
431000,0.9663263885239958
431100,0.9663528719766548
431200,0.966379334600741
431300,0.9664057764126358
431400,0.9664321974287072
431500,0.9664585976653107
431600,0.966484977138789
431700,0.9665113358654714
431800,0.9665376738616751
431900,0.966563991143704
432000,0.9665902877278492
432100,0.9666165636303891
432200,0.9666428188675892
432300,0.9666690534557024
432400,0.9666952674109687
432500,0.9667214607496152
432600,0.9667476334878564
432700,0.966773785641894
432800,0.966799917227917
432900,0.9668260282621016
433000,0.9668521187606113
433100,0.9668781887395969
433200,0.9669042382151964
433300,0.9669302672035355
433400,0.9669562757207266
433500,0.9669822637828698
433600,0.9670082314060526
433700,0.9670341786063497
433800,0.9670601053998231
433900,0.9670860118025224
434000,0.9671118978304842
434100,0.967137763499733
434200,0.9671636088262803
434300,0.9671894338261251
434400,0.9672152385152538
434500,0.9672410229096404
434600,0.967266787025246
434700,0.9672925308780197
434800,0.9673182544838973
434900,0.9673439578588028
435000,0.9673696410186472
435100,0.9673953039793292
435200,0.9674209467567348
435300,0.9674465693667378
435400,0.9674721718251993
435500,0.967497754147968
435600,0.9675233163508801
435700,0.9675488584497594
435800,0.9675743804604171
435900,0.9675998823986522
436000,0.9676253642802511
436100,0.967650826120988
436200,0.9676762679366243
436300,0.9677016897429094
436400,0.9677270915555801
436500,0.9677524733903609
436600,0.9677778352629638
436700,0.9678031771890887
436800,0.9678284991844229
436900,0.9678538012646416
437000,0.9678790834454074
437100,0.9679043457423707
437200,0.9679295881711698
437300,0.9679548107474304
437400,0.967980013486766
437500,0.9680051964047779
437600,0.9680303595170551
437700,0.9680555028391742
437800,0.9680806263866997
437900,0.9681057301751839
438000,0.9681308142201667
438100,0.9681558785371759
438200,0.9681809231417271
438300,0.9682059480493237
438400,0.9682309532754566
438500,0.9682559388356051
438600,0.9682809047452359
438700,0.9683058510198036
438800,0.9683307776747506
438900,0.9683556847255074
439000,0.9683805721874921
439100,0.9684054400761108
439200,0.9684302884067576
439300,0.9684551171948141
439400,0.9684799264556504
439500,0.9685047162046239
439600,0.9685294864570801
439700,0.9685542372283528
439800,0.9685789685337634
439900,0.9686036803886211
440000,0.9686283728082234
440100,0.9686530458078559
440200,0.9686776994027916
440300,0.9687023336082918
440400,0.968726948439606
440500,0.9687515439119714
440600,0.9687761200406134
440700,0.9688006768407452
440800,0.9688252143275684
440900,0.9688497325162723
441000,0.9688742314220343
441100,0.9688987110600202
441200,0.9689231714453834
441300,0.9689476125932658
441400,0.968972034518797
441500,0.968996437237095
441600,0.9690208207632658
441700,0.9690451851124036
441800,0.9690695302995905
441900,0.969093856339897
442000,0.9691181632483816
442100,0.969142451040091
442200,0.9691667197300602
442300,0.9691909693333121
442400,0.9692151998648578
442500,0.9692394113396969
442600,0.9692636037728172
442700,0.9692877771791941
442800,0.969311931573792
442900,0.969336066971563
443000,0.9693601833874478
443100,0.969384280836375
443200,0.9694083593332617
443300,0.9694324188930133
443400,0.9694564595305233
443500,0.9694804812606735
443600,0.9695044840983342
443700,0.9695284680583638
443800,0.9695524331556091
443900,0.9695763794049053
444000,0.9696003068210756
444100,0.969624215418932
444200,0.9696481052132745
444300,0.9696719762188917
444400,0.9696958284505603
444500,0.9697196619230458
444600,0.9697434766511016
444700,0.9697672726494699
444800,0.969791049932881
444900,0.9698148085160537
445000,0.9698385484136954
445100,0.9698622696405018
445200,0.969885972211157
445300,0.9699096561403335
445400,0.9699333214426926
445500,0.9699569681328836
445600,0.9699805962255446
445700,0.970004205735302
445800,0.970027796676771
445900,0.9700513690645548
446000,0.9700749229132457
446100,0.970098458237424
446200,0.9701219750516589
446300,0.9701454733705079
446400,0.9701689532085174
446500,0.9701924145802219
446600,0.9702158575001446
446700,0.9702392819827976
446800,0.9702626880426812
446900,0.9702860756942846
447000,0.9703094449520853
447100,0.9703327958305495
447200,0.9703561283441324
447300,0.9703794425072771
447400,0.9704027383344163
447500,0.9704260158399702
447600,0.9704492750383487
447700,0.9704725159439497
447800,0.9704957385711602
447900,0.9705189429343556
448000,0.9705421290479
