x,y
0,0.0
100,0.00019667617790852798
200,0.00039331367429806807
300,0.0005899124967764235
400,0.0007864726529498434
500,0.0009829941504229112
600,0.0011794769967991003
700,0.001375921199679886
800,0.0015723267666658547
900,0.001768693705355484
1000,0.0019650220233461413
1100,0.002161311728233639
1200,0.0023575628276122362
1300,0.0025537753290746368
1400,0.0027499492402122128
1500,0.002946084568614671
1600,0.0031421813218704964
1700,0.0033382395075663984
1800,0.0035342591332876427
1900,0.0037302402066180518
2000,0.003926182735140116
2100,0.004122086726434548
2200,0.0043179521880807314
2300,0.004513779127656492
2400,0.004709567552738325
2500,0.0049053174709009495
2600,0.005101028889717862
2700,0.005296701816761007
2800,0.005492336259600661
2900,0.005687932225805881
3000,0.0058834897229440575
3100,0.006079008758581139
3200,0.006274489340281519
3300,0.00646993147560837
3400,0.006665335172122866
3500,0.006860700437385292
3600,0.007056027278954047
3700,0.0072513157043861964
3800,0.007446565721237142
3900,0.007641777337061062
4000,0.007836950559410583
4100,0.008032085395836552
4200,0.00822718185388882
4300,0.008422239941115461
4400,0.008617259665062882
4500,0.008812241033276491
4600,0.00900718405329981
4700,0.009202088732675029
4800,0.009396955078942781
4900,0.009591783099642481
5000,0.009786572802311655
5100,0.009981324194486607
5200,0.010176037283702088
5300,0.010370712077491406
5400,0.010565348583386314
5500,0.010759946808917231
5600,0.010954506761612914
5700,0.011149028449000675
5800,0.011343511878606494
5900,0.011537957057954684
6000,0.011732363994568229
6100,0.011926732695968445
6200,0.012121063169675428
6300,0.012315355423207497
6400,0.012509609464081861
6500,0.012703825299813842
6600,0.012898002937917652
6700,0.013092142385905725
6800,0.013286243651289165
6900,0.01348030674157763
7000,0.013674331664279116
7100,0.013868318426900506
7200,0.014062267036946796
7300,0.014256177501921763
7400,0.014450049829327627
7500,0.014643884026665166
7600,0.014837680101433603
7700,0.01503143806113083
7800,0.015225157913252962
7900,0.015418839665295114
8000,0.015612483324750515
8100,0.01580608889911106
8200,0.0159996563958672
8300,0.01619318582250795
8400,0.01638667718652076
8500,0.016580130495391643
8600,0.016773545756605168
8700,0.01696692297764424
8800,0.01716026216599076
8900,0.01735356332912452
9000,0.017546826474524435
9100,0.017740051609667518
9200,0.017933238742029567
9300,0.018126387879084827
9400,0.018319499028305986
9500,0.0185125721971644
9600,0.018705607393129986
9700,0.01889860462367099
9800,0.019091563896254327
9900,0.01928448521834547
10000,0.01947736859740834
10100,0.01967021404090541
10200,0.01986302155629771
10300,0.020055791151044944
10400,0.02024852283260492
10500,0.020441216608434454
10600,0.02063387248598858
10700,0.020826490472721226
10800,0.02101907057608432
10900,0.02121161280352868
11000,0.02140411716250379
11100,0.021596583660457358
11200,0.021789012304835653
11300,0.021981403103083608
11400,0.022173756062644823
11500,0.022366071190961123
11600,0.02255834849547289
11700,0.022750587983619508
11800,0.022942789662838248
11900,0.023134953540565273
12000,0.023327079624235414
12100,0.023519167921281614
12200,0.023711218439135817
12300,0.02390323118522819
12400,0.02409520616698757
12500,0.024287143391841348
12600,0.02447904286721525
12700,0.024670904600533783
12800,0.024862728599219897
12900,0.02505451487069521
13000,0.025246263422379567
13100,0.02543797426169181
13200,0.025629647396048783
13300,0.025821282832866332
13400,0.02601288057955864
13500,0.02620444064353833
13600,0.026395963032216918
13700,0.026587447753004034
13800,0.026778894813308196
13900,0.026970304220536256
14000,0.027161675982093625
14100,0.02735301010538438
14200,0.027544306597811152
14300,0.027735565466774914
14400,0.0279267867196753
14500,0.028117970363910505
14600,0.028309116406877388
14700,0.028500224855971035
14800,0.028691295718585308
14900,0.02888232900211274
15000,0.02907332471394397
15100,0.02926428286146876
15200,0.029455203452074863
15300,0.029646086493148927
15400,0.029836931992076043
15500,0.030027739956239863
15600,0.03021851039302259
15700,0.03040924330980488
15800,0.030599938713966157
15900,0.03079059661288419
16000,0.030981217013935414
16100,0.031171799924494703
16200,0.031362345351935605
16300,0.03155285330363
16400,0.03174332378694866
16500,0.031933756809260694
16600,0.03212415237793376
16700,0.03231451050033407
16800,0.03250483118382641
16900,0.03269511443577411
17000,0.032885360263539165
17100,0.033075568674481914
17200,0.03326573967596136
17300,0.03345587327533517
17400,0.03364596947995935
17500,0.03383602829718857
17600,0.03402604973437595
17700,0.03421603379887339
17800,0.03440598049803123
17900,0.034595889839198146
18000,0.03478576182972182
18100,0.034975596476948034
18200,0.03516539378822148
18300,0.03535515377088505
18400,0.03554487643228055
18500,0.03573456177974821
18600,0.03592420982062661
18700,0.03611382056225332
18800,0.03630339401196392
18900,0.0364929301770931
19000,0.036682429064973765
19100,0.03687189068293739
19200,0.03706131503831411
19300,0.03725070213843262
19400,0.03744005199062017
19500,0.037629364602202564
19600,0.03781863998050394
19700,0.03800787813284745
19800,0.03819707906655445
19900,0.03838624278894487
20000,0.038575369307337404
20100,0.0387644586290492
20200,0.03895351076139586
20300,0.039142525711691745
20400,0.039331503487249564
20500,0.03952044409538091
20600,0.0397093475433955
20700,0.039898213838601926
20800,0.04008704298830734
20900,0.04027583499981724
21000,0.040464589880436
21100,0.04065330763746622
21200,0.040841988278209285
21300,0.041030631809965024
21400,0.04121923824003204
21500,0.04140780757570728
21600,0.04159633982428623
21700,0.04178483499306307
21800,0.04197329308933073
21900,0.04216171412038017
22000,0.04235009809350143
22100,0.04253844501598303
22200,0.042726754895111574
22300,0.042915027738172906
22400,0.04310326355245109
22500,0.04329146234522874
22600,0.04347962412378714
22700,0.043667748895406144
22800,0.043855836667364034
22900,0.04404388744693788
23000,0.04423190124140308
23100,0.044419878058033824
23200,0.04460781790410273
23300,0.0447957207868811
23400,0.04498358671363867
23500,0.045171415691643735
23600,0.045359207728163264
23700,0.04554696283046289
23800,0.04573468100580658
23900,0.04592236226145707
24000,0.04611000660467546
24100,0.0462976140427217
24200,0.046485184582854
24300,0.046672718232329435
24400,0.04686021499840343
24500,0.04704767488833006
24600,0.04723509790936209
24700,0.047422484068750714
24800,0.04760983337374569
24900,0.047797145831595444
25000,0.047984421449546844
25100,0.04817166023484554
25200,0.04835886219473562
25300,0.04854602733645963
25400,0.048733155667259
25500,0.04892024719437349
25600,0.049107301925041535
25700,0.049294319866500014
25800,0.04948130102598458
25900,0.04966824541072945
26000,0.04985515302796717
26100,0.050042023884929066
26200,0.05022885798884513
26300,0.0504156553469437
26400,0.050602415966451875
26500,0.05078913985459521
26600,0.05097582701859793
26700,0.0511624774656827
26800,0.05134909120307096
26900,0.05153566823798261
27000,0.0517222085776361
27100,0.051908712229248644
27200,0.0520951792000357
27300,0.05228160949721172
27400,0.05246800312798949
27500,0.052654360099580355
27600,0.05284068041919421
27700,0.05302696409403984
27800,0.05321321113132427
27900,0.05339942153825328
28000,0.05358559532203111
28100,0.05377173248986078
28200,0.05395783304894364
28300,0.054143897006479924
28400,0.054329924369668214
28500,0.05451591514570564
28600,0.05470186934178811
28700,0.0548877869651101
28800,0.0550736680228644
28900,0.055259512522242815
29000,0.05544532047043538
29100,0.05563109187463089
29200,0.05581682674201671
29300,0.05600252507977865
29400,0.05618818689510119
29500,0.05637381219516757
29600,0.0565594009871595
29700,0.056744953278257015
29800,0.056930469075639256
29900,0.057115948386483484
30000,0.057301391217965736
30100,0.05748679757726061
30200,0.05767216747154147
30300,0.05785750090798003
30400,0.05804279789374667
30500,0.05822805843601031
30600,0.05841328254193867
30700,0.058598470218697685
30800,0.058783621473452397
30900,0.058968736313365855
31000,0.05915381474560022
31100,0.059338856777315874
31200,0.05952386241567198
31300,0.059708831667826257
31400,0.05989376454093498
31500,0.06007866104215309
31600,0.06026352117863398
31700,0.06044834495752982
31800,0.06063313238599122
31900,0.060817883471167455
32000,0.06100259822020637
32100,0.06118727664025447
32200,0.06137191873845682
32300,0.061556524521956923
32400,0.06174109399789718
32500,0.06192562717341832
32600,0.06211012405565974
32700,0.06229458465175963
32800,0.0624790089688545
32900,0.06266339701407952
33000,0.06284774879456856
33100,0.063032064317454
33200,0.06321634358986694
33300,0.06340058661893677
33400,0.06358479341179202
33500,0.0637689639755592
33600,0.06395309831736384
33700,0.06413719644432991
33800,0.06432125836358005
33900,0.06450528408223533
34000,0.06468927360741572
34100,0.06487322694623943
34200,0.06505714410582353
34300,0.06524102509328378
34400,0.06542486991573404
34500,0.0656086785802874
34600,0.06579245109405518
34700,0.06597618746414735
34800,0.06615988769767245
34900,0.06634355180173768
35000,0.06652717978344902
35100,0.06671077164991068
35200,0.06689432740822587
35300,0.06707784706549591
35400,0.06726133062882134
35500,0.0674447781053007
35600,0.06762818950203164
35700,0.06781156482611006
35800,0.0679949040846306
35900,0.06817820728468649
36000,0.0683614744333696
36100,0.06854470553777037
36200,0.06872790060497791
36300,0.06891105964207977
36400,0.0690941826561623
36500,0.06927726965431036
36600,0.0694603206436073
36700,0.06964333563113534
36800,0.06982631462397515
36900,0.07000925762920607
37000,0.07019216465390588
37100,0.07037503570515113
37200,0.07055787079001696
37300,0.07074066991557715
37400,0.07092343308890403
37500,0.07110616031706851
37600,0.07128885160714016
37700,0.07147150696618709
37800,0.07165412640127611
37900,0.07183670991947266
38000,0.07201925752784077
38100,0.0722017692334429
38200,0.0723842450433404
38300,0.07256668496459295
38400,0.07274908900425925
38500,0.07293145716939609
38600,0.07311378946705926
38700,0.07329608590430292
38800,0.07347834648818019
38900,0.07366057122574243
39000,0.07384276012403967
39100,0.07402491319012083
39200,0.07420703043103316
39300,0.07438911185382258
39400,0.07457115746553367
39500,0.07475316727320969
39600,0.07493514128389234
39700,0.0751170795046221
39800,0.075298981942438
39900,0.07548084860437776
40000,0.07566267949747751
40100,0.07584447462877209
40200,0.07602623400529518
40300,0.07620795763407884
40400,0.07638964552215366
40500,0.07657129767654913
40600,0.07675291410429308
40700,0.07693449481241232
40800,0.0771160398079318
40900,0.07729754909787545
41000,0.07747902268926576
41100,0.07766046058912368
41200,0.07784186280446892
41300,0.07802322934231976
41400,0.07820456020969324
41500,0.07838585541360465
41600,0.07856711496106838
41700,0.07874833885909704
41800,0.07892952711470214
41900,0.07911067973489372
42000,0.07929179672668019
42100,0.07947287809706904
42200,0.07965392385306602
42300,0.07983493400167574
42400,0.08001590854990126
42500,0.08019684750474432
42600,0.08037775087320531
42700,0.0805586186622832
42800,0.08073945087897572
42900,0.08092024753027893
43000,0.08110100862318781
43100,0.08128173416469575
43200,0.08146242416179506
43300,0.08164307862147624
43400,0.08182369755072882
43500,0.08200428095654078
43600,0.08218482884589862
43700,0.08236534122578765
43800,0.08254581810319184
43900,0.08272625948509349
44000,0.0829066653784738
44100,0.08308703579031262
44200,0.08326737072758816
44300,0.0834476701972775
44400,0.08362793420635628
44500,0.0838081627617987
44600,0.08398835587057774
44700,0.08416851353966481
44800,0.08434863577603013
44900,0.08452872258664235
45000,0.0847087739784691
45100,0.08488878995847626
45200,0.08506877053362849
45300,0.0852487157108891
45400,0.08542862549721997
45500,0.08560849989958175
45600,0.08578833892493354
45700,0.08596814258023322
45800,0.08614791087243723
45900,0.08632764380850055
46000,0.08650734139537697
46100,0.0866870036400188
46200,0.08686663054937704
46300,0.08704622213040136
46400,0.08722577839003998
46500,0.08740529933523966
46600,0.08758478497294597
46700,0.08776423531010313
46800,0.08794365035365381
46900,0.08812303011053946
47000,0.08830237458770007
47100,0.08848168379207444
47200,0.0886609577305999
47300,0.08884019641021224
47400,0.08901939983784624
47500,0.08919856802043491
47600,0.08937770096491027
47700,0.08955679867820276
47800,0.08973586116724153
47900,0.08991488843895445
48000,0.09009388050026768
48100,0.09027283735810654
48200,0.0904517590193945
48300,0.09063064549105404
48400,0.09080949678000594
48500,0.09098831289317
48600,0.09116709383746435
48700,0.09134583961980591
48800,0.09152455024711026
48900,0.0917032257262913
49000,0.09188186606426219
49100,0.09206047126793404
49200,0.09223904134421723
49300,0.09241757630002023
49400,0.09259607614225052
49500,0.092774540877814
49600,0.09295297051361551
49700,0.09313136505655817
49800,0.09330972451354402
49900,0.09348804889147344
50000,0.0936663381972459
50100,0.09384459243775911
50200,0.09402281161990966
50300,0.0942009957505926
50400,0.09437914483670173
50500,0.09455725888512945
50600,0.094735337902767
50700,0.09491338189650389
50800,0.09509139087322871
50900,0.09526936483982829
51000,0.09544730380318833
51100,0.09562520777019323
51200,0.09580307674772581
51300,0.09598091074266768
51400,0.09615870976189922
51500,0.09633647381229915
51600,0.09651420290074508
51700,0.09669189703411318
51800,0.0968695562192784
51900,0.097047180463114
52000,0.09722476977249228
52100,0.09740232415428385
52200,0.09757984361535832
52300,0.09775732816258376
52400,0.09793477780282667
52500,0.09811219254295267
52600,0.09828957238982561
52700,0.09846691735030821
52800,0.09864422743126189
52900,0.09882150263954648
53000,0.09899874298202072
53100,0.09917594846554179
53200,0.09935311909696565
53300,0.09953025488314693
53400,0.09970735583093882
53500,0.09988442194719316
53600,0.10006145323876048
53700,0.10023844971249007
53800,0.10041541137522969
53900,0.10059233823382585
54000,0.10076923029512364
54100,0.10094608756596701
54200,0.10112291005319818
54300,0.10129969776365855
54400,0.10147645070418765
54500,0.1016531688816239
54600,0.1018298523028045
54700,0.1020065009745652
54800,0.10218311490374021
54900,0.10235969409716272
55000,0.10253623856166427
55100,0.1027127483040754
55200,0.10288922333122508
55300,0.10306566364994085
55400,0.10324206926704904
55500,0.10341844018937474
55600,0.1035947764237416
55700,0.10377107797697183
55800,0.10394734485588641
55900,0.10412357706730502
56000,0.10429977461804574
56100,0.10447593751492568
56200,0.10465206576476038
56300,0.10482815937436407
56400,0.10500421835054963
56500,0.10518024270012871
56600,0.10535623242991154
56700,0.1055321875467069
56800,0.10570810805732245
56900,0.1058839939685643
57000,0.10605984528723744
57100,0.10623566202014534
57200,0.1064114441740901
57300,0.10658719175587283
57400,0.10676290477229278
57500,0.10693858323014827
57600,0.1071142271362362
57700,0.10728983649735191
57800,0.10746541132028975
57900,0.1076409516118424
58000,0.10781645737880152
58100,0.10799192862795715
58200,0.10816736536609817
58300,0.10834276760001205
58400,0.10851813533648502
58500,0.10869346858230178
58600,0.108868767344246
58700,0.10904403162909959
58800,0.10921926144364358
58900,0.10939445679465742
59000,0.10956961768891915
59100,0.10974474413320578
59200,0.10991983613429268
59300,0.11009489369895398
59400,0.11026991683396259
59500,0.11044490554608988
59600,0.1106198598421062
59700,0.11079477972878016
59800,0.11096966521287943
59900,0.11114451630117006
60000,0.11131933300041708
60100,0.11149411531738374
60200,0.11166886325883241
60300,0.1118435768315238
60400,0.11201825604221749
60500,0.11219290089767164
60600,0.11236751140464318
60700,0.11254208756988748
60800,0.11271662940015892
60900,0.11289113690221031
61000,0.11306561008279326
61100,0.1132400489486578
61200,0.11341445350655288
61300,0.11358882376322621
61400,0.11376315972542383
61500,0.1139374613998908
61600,0.11411172879337061
61700,0.11428596191260554
61800,0.11446016076433652
61900,0.11463432535530305
62000,0.11480845569224363
62100,0.11498255178189509
62200,0.11515661363099294
62300,0.11533064124627168
62400,0.11550463463446414
62500,0.11567859380230205
62600,0.1158525187565157
62700,0.11602640950383414
62800,0.11620026605098499
62900,0.11637408840469465
63000,0.11654787657168819
63100,0.11672163055868923
63200,0.11689535037242027
63300,0.11706903601960228
63400,0.1172426875069551
63500,0.11741630484119703
63600,0.11758988802904524
63700,0.11776343707721548
63800,0.11793695199242238
63900,0.11811043278137878
64000,0.11828387945079677
64100,0.11845729200738675
64200,0.11863067045785791
64300,0.11880401480891811
64400,0.11897732506727376
64500,0.11915060123963028
64600,0.11932384333269153
64700,0.11949705135316002
64800,0.11967022530773708
64900,0.11984336520312266
65000,0.12001647104601532
65100,0.12018954284311245
65200,0.12036258060111005
65300,0.12053558432670275
65400,0.12070855402658398
65500,0.12088148970744572
65600,0.12105439137597873
65700,0.12122725903887233
65800,0.12140009270281482
65900,0.12157289237449276
66000,0.12174565806059179
66100,0.12191838976779612
66200,0.1220910875027883
66300,0.12226375127225009
66400,0.1224363810828617
66500,0.1226089769413019
66600,0.12278153885424836
66700,0.12295406682837728
66800,0.12312656087036367
66900,0.12329902098688128
67000,0.12347144718460223
67100,0.12364383947019764
67200,0.12381619785033726
67300,0.12398852233168944
67400,0.12416081292092118
67500,0.12433306962469848
67600,0.12450529244968556
67700,0.12467748140254575
67800,0.12484963648994074
67900,0.1250217577185312
68000,0.12519384509497622
68100,0.12536589862593384
68200,0.1255379183180606
68300,0.12570990417801164
68400,0.1258818562124413
68500,0.12605377442800192
68600,0.12622565883134496
68700,0.12639750942912065
68800,0.12656932622797745
68900,0.12674110923456305
69000,0.12691285845552347
69100,0.1270845738975035
69200,0.1272562555671467
69300,0.12742790347109534
69400,0.1275995176159903
69500,0.1277710980084712
69600,0.12794264465517624
69700,0.12811415756274247
69800,0.12828563673780558
69900,0.12845708218700003
70000,0.12862849391695874
70100,0.12879987193431353
70200,0.12897121624569485
70300,0.12914252685773198
70400,0.1293138037770527
70500,0.12948504701028363
70600,0.1296562565640499
70700,0.1298274324449754
70800,0.129998574659683
70900,0.13016968321479394
71000,0.13034075811692825
71100,0.13051179937270463
71200,0.13068280698874057
71300,0.13085378097165223
71400,0.13102472132805432
71500,0.13119562806456053
71600,0.13136650118778304
71700,0.13153734070433276
71800,0.1317081466208193
71900,0.13187891894385106
72000,0.13204965768003496
72100,0.13222036283597693
72200,0.13239103441828115
72300,0.132561672433551
72400,0.13273227688838807
72500,0.1329028477893931
72600,0.13307338514316536
72700,0.13324388895630257
72800,0.13341435923540146
72900,0.13358479598705753
73000,0.1337551992178646
73100,0.13392556893441554
73200,0.13409590514330183
73300,0.13426620785111365
73400,0.13443647706443973
73500,0.1346067127898678
73600,0.13477691503398392
73700,0.13494708380337328
73800,0.1351172191046195
73900,0.13528732094430485
74000,0.13545738932901064
74100,0.1356274242653165
74200,0.13579742575980092
74300,0.13596739381904122
74400,0.13613732844961324
74500,0.1363072296580916
74600,0.13647709745104974
74700,0.1366469318350595
74800,0.13681673281669182
74900,0.13698650040251603
75000,0.1371562345991003
75100,0.13732593541301163
75200,0.1374956028508154
75300,0.13766523691907595
75400,0.13783483762435644
75500,0.1380044049732183
75600,0.1381739389722222
75700,0.13834343962792717
75800,0.1385129069468909
75900,0.1386823409356701
76000,0.13885174160082003
76100,0.13902110894889463
76200,0.13919044298644645
76300,0.13935974372002702
76400,0.13952901115618643
76500,0.13969824530147334
76600,0.13986744616243552
76700,0.14003661374561893
76800,0.1402057480575688
76900,0.14037484910482856
77000,0.14054391689394063
77100,0.14071295143144624
77200,0.14088195272388493
77300,0.14105092077779546
77400,0.14121985559971495
77500,0.14138875719617938
77600,0.1415576255737233
77700,0.14172646073888018
77800,0.1418952626981821
77900,0.14206403145815982
78000,0.14223276702534293
78100,0.14240146940625953
78200,0.14257013860743672
78300,0.14273877463540008
78400,0.14290737749667393
78500,0.1430759471977815
78600,0.14324448374524457
78700,0.1434129871455836
78800,0.1435814574053179
78900,0.14374989453096543
79000,0.1439182985290428
79100,0.14408666940606563
79200,0.14425500716854778
79300,0.14442331182300228
79400,0.14459158337594058
79500,0.14475982183387293
79600,0.14492802720330855
79700,0.14509619949075492
79800,0.1452643387027185
79900,0.1454324448457046
80000,0.14560051792621698
80100,0.14576855795075827
80200,0.14593656492582985
80300,0.14610453885793162
80400,0.1462724797535625
80500,0.14644038761921996
80600,0.14660826246140002
80700,0.14677610428659793
80800,0.14694391310130706
80900,0.14711168891201987
81000,0.1472794317252275
81100,0.14744714154741978
81200,0.14761481838508528
81300,0.14778246224471114
81400,0.14795007313278352
81500,0.148117651055787
81600,0.14828519602020507
81700,0.14845270803251998
81800,0.14862018709921254
81900,0.14878763322676225
82000,0.1489550464216477
82100,0.14912242669034592
82200,0.14928977403933252
82300,0.1494570884750822
82400,0.14962437000406814
82500,0.14979161863276225
82600,0.14995883436763535
82700,0.15012601721515684
82800,0.15029316718179486
82900,0.15046028427401636
83000,0.15062736849828684
83100,0.15079441986107067
83200,0.15096143836883102
83300,0.15112842402802962
83400,0.15129537684512695
83500,0.1514622968265824
83600,0.15162918397885383
83700,0.15179603830839805
83800,0.15196285982167046
83900,0.15212964852512512
84000,0.1522964044252152
84100,0.1524631275283922
84200,0.15262981784110652
84300,0.15279647536980712
84400,0.15296310012094205
84500,0.15312969210095773
84600,0.15329625131629954
84700,0.15346277777341155
84800,0.1536292714787364
84900,0.15379573243871558
85000,0.1539621606597894
85100,0.15412855614839682
85200,0.15429491891097558
85300,0.15446124895396196
85400,0.15462754628379127
85500,0.15479381090689737
85600,0.15496004282971287
85700,0.1551262420586691
85800,0.15529240860019622
85900,0.155458542460723
86000,0.15562464364667716
86100,0.15579071216448492
86200,0.15595674802057125
86300,0.1561227512213601
86400,0.1562887217732738
86500,0.15645465968273387
86600,0.15662056495615995
86700,0.15678643759997102
86800,0.1569522776205845
86900,0.1571180850244166
87000,0.1572838598178823
87100,0.1574496020073951
87200,0.1576153115993676
87300,0.15778098860021095
87400,0.15794663301633494
87500,0.15811224485414832
87600,0.15827782412005842
87700,0.15844337082047133
87800,0.15860888496179193
87900,0.15877436655042387
88000,0.15893981559276937
88100,0.15910523209522964
88200,0.15927061606420445
88300,0.15943596750609235
88400,0.15960128642729066
88500,0.15976657283419538
88600,0.15993182673320128
88700,0.16009704813070202
88800,0.16026223703308984
88900,0.1604273934467556
89000,0.16059251737808922
89100,0.16075760883347912
89200,0.16092266781931253
89300,0.16108769434197556
89400,0.16125268840785278
89500,0.16141765002332775
89600,0.1615825791947828
89700,0.16174747592859873
89800,0.1619123402311552
89900,0.16207717210883088
90000,0.1622419715680028
90100,0.16240673861504706
90200,0.16257147325633814
90300,0.1627361754982497
90400,0.16290084534715377
90500,0.16306548280942135
90600,0.16323008789142213
90700,0.16339466059952457
90800,0.16355920094009568
90900,0.1637237089195016
91000,0.1638881845441068
91100,0.16405262782027485
91200,0.16421703875436777
91300,0.1643814173527467
91400,0.1645457636217711
91500,0.16471007756779943
91600,0.16487435919718896
91700,0.16503860851629548
91800,0.1652028255314737
91900,0.16536701024907696
92000,0.16553116267545764
92100,0.16569528281696633
92200,0.16585937067995304
92300,0.16602342627076594
92400,0.16618744959575227
92500,0.16635144066125784
92600,0.1665153994736276
92700,0.16667932603920477
92800,0.16684322036433152
92900,0.1670070824553489
93000,0.16717091231859638
93100,0.16733470996041266
93200,0.1674984753871347
93300,0.16766220860509862
93400,0.16782590962063904
93500,0.16798957844008933
93600,0.16815321506978187
93700,0.16831681951604738
93800,0.1684803917852158
93900,0.16864393188361548
94000,0.16880743981757373
94100,0.16897091559341637
94200,0.16913435921746833
94300,0.1692977706960529
94400,0.16946115003549256
94500,0.16962449724210815
94600,0.1697878123222194
94700,0.16995109528214492
94800,0.1701143461282021
94900,0.17027756486670664
95000,0.17044075150397364
95100,0.1706039060463166
95200,0.17076702850004766
95300,0.17093011887147802
95400,0.1710931771669174
95500,0.17125620339267456
95600,0.17141919755505663
95700,0.17158215966036994
95800,0.1717450897149192
95900,0.17190798772500804
96000,0.17207085369693886
96100,0.17223368763701286
96200,0.17239648955152986
96300,0.17255925944678852
96400,0.17272199732908633
96500,0.1728847032047195
96600,0.17304737707998286
96700,0.17321001896117016
96800,0.17337262885457394
96900,0.17353520676648548
97000,0.17369775270319454
97100,0.1738602666709902
97200,0.17402274867615974
97300,0.1741851987249895
97400,0.17434761682376454
97500,0.17451000297876873
97600,0.1746723571962846
97700,0.17483467948259346
97800,0.1749969698439755
97900,0.1751592282867096
98000,0.17532145481707329
98100,0.17548364944134298
98200,0.175645812165794
98300,0.1758079429967001
98400,0.17597004194033417
98500,0.17613210900296739
98600,0.1762941441908703
98700,0.1764561475103117
98800,0.1766181189675594
98900,0.17678005856888002
99000,0.17694196632053882
99100,0.17710384222879982
99200,0.1772656862999259
99300,0.17742749854017859
99400,0.17758927895581844
99500,0.17775102755310435
99600,0.1779127443382944
99700,0.17807442931764528
99800,0.1782360824974124
99900,0.17839770388385
100000,0.17855929348321098
100100,0.1787208513017472
100200,0.1788823773457091
100300,0.17904387162134616
100400,0.17920533413490625
100500,0.17936676489263625
100600,0.17952816390078197
100700,0.1796895311655875
100800,0.1798508666932963
100900,0.18001217049015006
101000,0.18017344256238954
101100,0.18033468291625432
101200,0.1804958915579825
101300,0.18065706849381125
101400,0.1808182137299762
101500,0.18097932727271215
101600,0.18114040912825224
101700,0.1813014593028286
101800,0.18146247780267222
101900,0.1816234646340127
102000,0.18178441980307858
102100,0.1819453433160969
102200,0.1821062351792938
102300,0.18226709539889396
102400,0.18242792398112095
102500,0.18258872093219702
102600,0.18274948625834342
102700,0.18291021996577994
102800,0.18307092206072517
102900,0.18323159254939658
103000,0.18339223143801042
103100,0.1835528387327816
103200,0.18371341443992395
103300,0.18387395856564992
103400,0.18403447111617088
103500,0.18419495209769687
103600,0.1843554015164368
103700,0.1845158193785983
103800,0.18467620569038778
103900,0.18483656045801045
104000,0.1849968836876703
104100,0.1851571753855702
104200,0.18531743555791158
104300,0.18547766421089473
104400,0.1856378613507189
104500,0.18579802698358183
104600,0.1859581611156803
104700,0.18611826375320972
104800,0.18627833490236434
104900,0.1864383745693371
105000,0.18659838276031981
105100,0.1867583594815032
105200,0.18691830473907645
105300,0.1870782185392278
105400,0.18723810088814408
105500,0.18739795179201102
105600,0.18755777125701323
105700,0.18771755928933387
105800,0.1878773158951551
105900,0.18803704108065766
106000,0.18819673485202126
106100,0.1883563972154242
106200,0.18851602817704383
106300,0.18867562774305602
106400,0.1888351959196355
106500,0.18899473271295597
106600,0.18915423812918974
106700,0.18931371217450776
106800,0.1894731548550802
106900,0.18963256617707558
107000,0.1897919461466614
107100,0.18995129477000394
107200,0.1901106120532684
107300,0.1902698980026184
107400,0.19042915262421678
107500,0.19058837592422484
107600,0.19074756790880276
107700,0.19090672858410962
107800,0.19106585795630326
107900,0.1912249560315401
108000,0.19138402281597566
108100,0.19154305831576401
108200,0.19170206253705802
108300,0.19186103548600963
108400,0.19201997716876917
108500,0.19217888759148616
108600,0.19233776676030845
108700,0.19249661468138313
108800,0.19265543136085572
108900,0.19281421680487099
109000,0.1929729710195719
109100,0.19313169401110064
109200,0.1932903857855981
109300,0.1934490463492038
109400,0.19360767570805637
109500,0.19376627386829282
109600,0.19392484083604944
109700,0.19408337661746078
109800,0.1942418812186606
109900,0.19440035464578131
110000,0.19455879690495403
110100,0.19471720800230885
110200,0.19487558794397453
110300,0.1950339367360785
110400,0.1951922543847474
110500,0.19535054089610615
110600,0.19550879627627882
110700,0.1956670205313883
110800,0.195825213667556
110900,0.1959833756909023
111000,0.19614150660754626
111100,0.196299606423606
111200,0.19645767514519819
111300,0.19661571277843837
111400,0.19677371932944088
111500,0.19693169480431894
111600,0.19708963920918432
111700,0.1972475525501478
111800,0.19740543483331896
111900,0.1975632860648061
112000,0.19772110625071637
112100,0.19787889539715564
112200,0.1980366535102287
112300,0.1981943805960391
112400,0.198352076660689
112500,0.19850974171027969
112600,0.1986673757509111
112700,0.19882497878868177
112800,0.1989825508296894
112900,0.19914009188003035
113000,0.19929760194579949
113100,0.19945508103309106
113200,0.19961252914799754
113300,0.1997699462966106
113400,0.19992733248502048
113500,0.20008468771931642
113600,0.20024201200558633
113700,0.2003993053499169
113800,0.2005565677583937
113900,0.2007137992371011
114000,0.20087099979212208
114100,0.20102816942953894
114200,0.20118530815543212
114300,0.2013424159758812
114400,0.20149949289696478
114500,0.20165653892475988
114600,0.2018135540653424
114700,0.20197053832478717
114800,0.20212749170916788
114900,0.2022844142245569
115000,0.20244130587702525
115100,0.20259816667264308
115200,0.2027549966174792
115300,0.2029117957176011
115400,0.20306856397907536
115500,0.20322530140796713
115600,0.20338200801034045
115700,0.20353868379225815
115800,0.2036953287597819
115900,0.20385194291897213
116000,0.20400852627588817
116100,0.20416507883658797
116200,0.20432160060712856
116300,0.20447809159356545
116400,0.20463455180195333
116500,0.2047909812383455
116600,0.20494737990879397
116700,0.2051037478193496
116800,0.2052600849760623
116900,0.20541639138498058
117000,0.20557266705215183
117100,0.2057289119836221
117200,0.2058851261854363
117300,0.20604130966363854
117400,0.20619746242427117
117500,0.2063535844733756
117600,0.2065096758169922
117700,0.20666573646115993
117800,0.20682176641191663
117900,0.20697776567529902
118000,0.2071337342573425
118100,0.20728967216408134
118200,0.20744557940154873
118300,0.20760145597577662
118400,0.2077573018927955
118500,0.20791311715863525
118600,0.2080689017793239
118700,0.2082246557608889
118800,0.20838037910935603
118900,0.2085360718307503
119000,0.20869173393109508
119100,0.2088473654164129
119200,0.20900296629272508
119300,0.20915853656605166
119400,0.20931407624241138
119500,0.20946958532782212
119600,0.20962506382830037
119700,0.20978051174986123
119800,0.2099359290985191
119900,0.21009131588028696
120000,0.2102466721011763
120100,0.21040199776719803
120200,0.21055729288436142
120300,0.21071255745867468
120400,0.21086779149614487
120500,0.211022995002778
120600,0.21117816798457856
120700,0.21133331044755022
120800,0.21148842239769516
120900,0.2116435038410146
121000,0.2117985547835085
121100,0.21195357523117564
121200,0.21210856519001364
121300,0.21226352466601894
121400,0.21241845366518686
121500,0.21257335219351126
121600,0.21272822025698512
121700,0.21288305786160022
121800,0.2130378650133471
121900,0.21319264171821506
122000,0.21334738798219222
122100,0.21350210381126566
122200,0.21365678921142117
122300,0.2138114441886434
122400,0.21396606874891577
122500,0.21412066289822063
122600,0.21427522664253917
122700,0.2144297599878512
122800,0.21458426294013544
122900,0.2147387355053696
123000,0.21489317768952998
123100,0.21504758949859193
123200,0.21520197093852944
123300,0.2153563220153154
123400,0.2155106427349216
123500,0.21566493310331836
123600,0.21581919312647524
123700,0.21597342281036036
123800,0.21612762216094072
123900,0.21628179118418223
124000,0.21643592988604943
124100,0.2165900382725059
124200,0.21674411634951396
124300,0.21689816412303464
124400,0.21705218159902817
124500,0.217206168783453
124600,0.21736012568226715
124700,0.21751405230142673
124800,0.2176679486468872
124900,0.2178218147246027
125000,0.21797565054052614
125100,0.2181294561006092
125200,0.21828323141080264
125300,0.21843697647705573
125400,0.21859069130531683
125500,0.21874437590153306
125600,0.21889803027165033
125700,0.21905165442161334
125800,0.21920524835736566
125900,0.21935881208484986
126000,0.219512345610007
126100,0.21966584893877716
126200,0.21981932207709942
126300,0.21997276503091134
126400,0.22012617780614963
126500,0.22027956040874963
126600,0.2204329128446456
126700,0.2205862351197706
126800,0.22073952724005663
126900,0.22089278921143418
127000,0.22104602103983306
127100,0.22119922273118164
127200,0.22135239429140707
127300,0.2215055357264355
127400,0.22165864704219174
127500,0.2218117282445996
127600,0.2219647793395818
127700,0.2221178003330595
127800,0.22227079123095306
127900,0.22242375203918163
128000,0.22257668276366294
128100,0.222729583410314
128200,0.22288245398505024
128300,0.22303529449378612
128400,0.2231881049424349
128500,0.22334088533690877
128600,0.22349363568311853
128700,0.22364635598697402
128800,0.22379904625438385
128900,0.2239517064912555
129000,0.22410433670349528
129100,0.2242569368970082
129200,0.22440950707769836
129300,0.22456204725146856
129400,0.2247145574242203
129500,0.22486703760185422
129600,0.2250194877902697
129700,0.22517190799536468
129800,0.22532429822303635
129900,0.22547665847918041
130000,0.22562898876969162
130100,0.22578128910046358
130200,0.22593355947738858
130300,0.2260857999063579
130400,0.2262380103932614
130500,0.22639019094398816
130600,0.22654234156442588
130700,0.22669446226046108
130800,0.22684655303797918
130900,0.22699861390286447
131000,0.22715064486100012
131100,0.22730264591826788
131200,0.2274546170805487
131300,0.22760655835372223
131400,0.22775846974366687
131500,0.2279103512562599
131600,0.22806220289737755
131700,0.22821402467289487
131800,0.2283658165886856
131900,0.2285175786506225
132000,0.2286693108645771
132100,0.2288210132364198
132200,0.2289726857720198
132300,0.2291243284772453
132400,0.22927594135796303
132500,0.2294275244200389
132600,0.2295790776693375
132700,0.22973060111172228
132800,0.22988209475305554
132900,0.23003355859919838
133000,0.230184992656011
133100,0.23033639692935204
133200,0.23048777142507926
133300,0.2306391161490493
133400,0.2307904311071174
133500,0.23094171630513793
133600,0.23109297174896393
133700,0.23124419744444735
133800,0.23139539339743898
133900,0.23154655961378845
134000,0.23169769609934432
134100,0.2318488028599538
134200,0.2319998799014632
134300,0.23215092722971753
134400,0.23230194485056055
134500,0.23245293276983514
134600,0.23260389099338286
134700,0.23275481952704424
134800,0.2329057183766584
134900,0.23305658754806358
135000,0.23320742704709674
135100,0.23335823687959378
135200,0.23350901705138938
135300,0.23365976756831708
135400,0.23381048843620922
135500,0.23396117966089724
135600,0.23411184124821105
135700,0.23426247320397975
135800,0.23441307553403123
135900,0.23456364824419185
136000,0.23471419134028748
136100,0.23486470482814237
136200,0.23501518871357963
136300,0.2351656430024215
136400,0.23531606770048896
136500,0.23546646281360173
136600,0.23561682834757847
136700,0.23576716430823663
136800,0.23591747070139268
136900,0.23606774753286186
137000,0.23621799480845818
137100,0.23636821253399454
137200,0.23651840071528274
137300,0.23666855935813358
137400,0.23681868846835652
137500,0.2369687880517597
137600,0.23711885811415068
137700,0.23726889866133527
137800,0.2374189096991185
137900,0.23756889123330416
138000,0.23771884326969506
138100,0.23786876581409244
138200,0.23801865887229678
138300,0.23816852245010744
138400,0.23831835655332234
138500,0.23846816118773861
138600,0.23861793635915185
138700,0.23876768207335686
138800,0.2389173983361471
138900,0.23906708515331498
139000,0.23921674253065184
139100,0.2393663704739477
139200,0.23951596898899163
139300,0.23966553808157132
139400,0.23981507775747357
139500,0.239964588022484
139600,0.24011406888238684
139700,0.2402635203429655
139800,0.24041294241000222
139900,0.24056233508927782
140000,0.24071169838657225
140100,0.2408610323076642
140200,0.2410103368583314
140300,0.2411596120443501
140400,0.24130885787149592
140500,0.24145807434554278
140600,0.24160726147226386
140700,0.24175641925743108
140800,0.24190554770681527
140900,0.24205464682618594
141000,0.24220371662131168
141100,0.2423527570979599
141200,0.24250176826189684
141300,0.2426507501188876
141400,0.24279970267469608
141500,0.24294862593508526
141600,0.24309751990581674
141700,0.24324638459265113
141800,0.24339522000134794
141900,0.24354402613766535
142000,0.24369280300736074
142100,0.24384155061618995
142200,0.24399026896990805
142300,0.24413895807426866
142400,0.24428761793502463
142500,0.24443624855792734
142600,0.2445848499487272
142700,0.2447334221131735
142800,0.24488196505701432
142900,0.2450304787859967
143000,0.24517896330586653
143100,0.2453274186223685
143200,0.24547584474124617
143300,0.24562424166824215
143400,0.24577260940909773
143500,0.245920947969553
143600,0.24606925735534724
143700,0.24621753757221843
143800,0.2463657886259032
143900,0.24651401052213728
144000,0.24666220326665544
144100,0.24681036686519098
144200,0.2469585013234763
144300,0.2471066066472425
144400,0.24725468284221974
144500,0.24740272991413692
144600,0.24755074786872178
144700,0.24769873671170106
144800,0.24784669644880042
144900,0.24799462708574416
145000,0.2481425286282556
145100,0.24829040108205702
145200,0.24843824445286933
145300,0.2485860587464126
145400,0.24873384396840548
145500,0.24888160012456584
145600,0.2490293272206101
145700,0.24917702526225372
145800,0.2493246942552111
145900,0.24947233420519532
146000,0.2496199451179184
146100,0.24976752699909144
146200,0.24991507985442418
146300,0.2500626036896252
146400,0.2502100985104022
146500,0.2503575643224616
146600,0.25050500113150875
146700,0.2506524089432477
146800,0.25079978776338174
146900,0.25094713759761267
147000,0.25109445845164147
147100,0.2512417503311677
147200,0.2513890132418901
147300,0.25153624718950596
147400,0.2516834521797119
147500,0.2518306282182029
147600,0.2519777753106731
147700,0.25212489346281564
147800,0.25227198268032236
147900,0.25241904296888396
148000,0.25256607433419
148100,0.2527130767819291
148200,0.2528600503177887
148300,0.25300699494745493
148400,0.2531539106766131
148500,0.25330079751094714
148600,0.2534476554561401
148700,0.2535944845178736
148800,0.25374128470182844
148900,0.25388805601368425
149000,0.25403479845911936
149100,0.25418151204381123
149200,0.254328196773436
149300,0.25447485265366876
149400,0.25462147969018356
149500,0.2547680778886532
149600,0.25491464725474944
149700,0.2550611877941431
149800,0.25520769951250344
149900,0.255354182415499
150000,0.2555006365087972
150100,0.25564706179806396
150200,0.2557934582889645
150300,0.2559398259871627
150400,0.2560861648983215
150500,0.25623247502810265
150600,0.25637875638216656
150700,0.2565250089661729
150800,0.2566712327857801
150900,0.2568174278466452
151000,0.2569635941544246
151100,0.25710973171477314
151200,0.25725584053334494
151300,0.2574019206157927
151400,0.25754797196776824
151500,0.25769399459492204
151600,0.2578399885029037
151700,0.25798595369736155
151800,0.2581318901839428
151900,0.25827779796829364
152000,0.2584236770560592
152100,0.2585695274528832
152200,0.25871534916440875
152300,0.2588611421962773
152400,0.2590069065541296
152500,0.25915264224360524
152600,0.25929834927034234
152700,0.2594440276399784
152800,0.25958967735814953
152900,0.2597352984304908
153000,0.2598808908626361
153100,0.26002645466021823
153200,0.26017198982886913
153300,0.2603174963742193
153400,0.26046297430189824
153500,0.26060842361753433
153600,0.2607538443267551
153700,0.2608992364351864
153800,0.26104459994845364
153900,0.2611899348721807
154000,0.26133524121199037
154100,0.26148051897350444
154200,0.26162576816234373
154300,0.26177098878412774
154400,0.2619161808444749
154500,0.2620613443490025
154600,0.26220647930332697
154700,0.2623515857130633
154800,0.2624966635838255
154900,0.2626417129212266
155000,0.26278673373087846
155100,0.26293172601839176
155200,0.26307668978937604
155300,0.26322162504944
155400,0.2633665318041909
155500,0.2635114100592352
155600,0.26365625982017804
155700,0.26380108109262346
155800,0.2639458738821746
155900,0.26409063819443324
156000,0.2642353740350003
156100,0.26438008140947533
156200,0.2645247603234572
156300,0.264669410782543
156400,0.2648140327923296
156500,0.26495862635841205
156600,0.2651031914863845
156700,0.26524772818184006
156800,0.2653922364503709
156900,0.2655367162975678
157000,0.2656811677290205
157100,0.26582559075031786
157200,0.2659699853670474
157300,0.26611435158479557
157400,0.26625868940914776
157500,0.2664029988456884
157600,0.2665472799000006
157700,0.2666915325776664
157800,0.2668357568842671
157900,0.2669799528253822
158000,0.26712412040659095
158100,0.2672682596334707
158200,0.2674123705115983
158300,0.26755645304654907
158400,0.2677005072438977
158500,0.2678445331092173
158600,0.26798853064808026
158700,0.2681324998660576
158800,0.26827644076871937
158900,0.2684203533616346
159000,0.2685642376503712
159100,0.26870809364049575
159200,0.26885192133757396
159300,0.2689957207471704
159400,0.26913949187484865
159500,0.269283234726171
159600,0.26942694930669875
159700,0.2695706356219921
159800,0.26971429367761013
159900,0.26985792347911086
160000,0.2700015250320512
160100,0.27014509834198697
160200,0.2702886434144729
160300,0.27043216025506256
160400,0.2705756488693086
160500,0.2707191092627623
160600,0.2708625414409743
160700,0.27100594540949363
160800,0.2711493211738686
160900,0.2712926687396461
161000,0.27143598811237235
161100,0.27157927929759207
161200,0.27172254230084925
161300,0.27186577712768645
161400,0.27200898378364535
161500,0.27215216227426653
161600,0.27229531260508943
161700,0.2724384347816524
161800,0.2725815288094927
161900,0.27272459469414656
162000,0.272867632441149
162100,0.2730106420560341
162200,0.2731536235443346
162300,0.2732965769115826
162400,0.2734395021633087
162500,0.2735823993050426
162600,0.2737252683423127
162700,0.27386810928064675
162800,0.2740109221255709
162900,0.27415370688261054
163000,0.27429646355729
163100,0.27443919215513224
163200,0.27458189268165945
163300,0.2747245651423924
163400,0.27486720954285115
163500,0.2750098258885544
163600,0.2751524141850199
163700,0.2752949744377643
163800,0.27543750665230293
163900,0.2755800108341504
164000,0.27572248698882007
164100,0.2758649351218243
164200,0.27600735523867403
164300,0.2761497473448796
164400,0.27629211144595
164500,0.276434447547393
164600,0.2765767556547156
164700,0.2767190357734237
164800,0.27686128790902176
164900,0.27700351206701357
165000,0.2771457082529015
165100,0.2772878764721871
165200,0.2774300167303707
165300,0.2775721290329516
165400,0.277714213385428
165500,0.27785626979329703
165600,0.2779982982620547
165700,0.27814029879719604
165800,0.2782822714042148
165900,0.2784242160886038
166000,0.27856613285585485
166100,0.2787080217114586
166200,0.2788498826609045
166300,0.27899171570968095
166400,0.2791335208632756
166500,0.27927529812717455
166600,0.27941704750686325
166700,0.2795587690078256
166800,0.27970046263554493
166900,0.27984212839550304
167000,0.2799837662931809
167100,0.28012537633405854
167200,0.2802669585236145
167300,0.2804085128673265
167400,0.28055003937067124
167500,0.2806915380391243
167600,0.2808330088781601
167700,0.2809744518932519
167800,0.28111586708987213
167900,0.2812572544734919
168000,0.28139861404958166
168100,0.2815399458236101
168200,0.2816812498010455
168300,0.2818225259873547
168400,0.28196377438800346
168500,0.28210499500845676
168600,0.2822461878541781
168700,0.2823873529306302
168800,0.28252849024327464
168900,0.2826695997975719
169000,0.28281068159898126
169100,0.28295173565296117
169200,0.2830927619649689
169300,0.2832337605404607
169400,0.28337473138489144
169500,0.2835156745037153
169600,0.2836565899023853
169700,0.2837974775863533
169800,0.28393833756107
169900,0.28407916983198533
170000,0.28421997440454794
170100,0.28436075128420535
170200,0.2845015004764041
170300,0.2846422219865896
170400,0.28478291582020654
170500,0.28492358198269785
170600,0.2850642204795061
170700,0.2852048313160722
170800,0.28534541449783646
170900,0.2854859700302378
171000,0.2856264979187143
171100,0.28576699816870277
171200,0.28590747078563905
171300,0.28604791577495803
171400,0.28618833314209324
171500,0.28632872289247735
171600,0.286469085031542
171700,0.2866094195647175
171800,0.2867497264974336
171900,0.28689000583511826
172000,0.287030257583199
172100,0.2871704817471019
172200,0.2873106783322523
172300,0.2874508473440741
172400,0.2875909887879905
172500,0.28773110266942326
172600,0.2878711889937934
172700,0.28801124776652065
172800,0.28815127899302373
172900,0.2882912826787205
173000,0.2884312588290274
173100,0.28857120744936016
173200,0.28871112854513303
173300,0.2888510221217597
173400,0.28899088818465235
173500,0.28913072673922235
173600,0.28927053779087986
173700,0.2894103213450342
173800,0.28955007740709326
173900,0.2896898059824643
174000,0.2898295070765531
174100,0.28996918069476474
174200,0.29010882684250294
174300,0.2902484455251706
174400,0.2903880367481694
174500,0.29052760051689985
174600,0.2906671368367618
174700,0.29080664571315373
174800,0.29094612715147294
174900,0.291085581157116
175000,0.2912250077354783
175100,0.2913644068919541
175200,0.29150377863193655
175300,0.29164312296081785
175400,0.2917824398839891
175500,0.29192172940684047
175600,0.29206099153476084
175700,0.29220022627313813
175800,0.29233943362735926
175900,0.29247861360281
176000,0.2926177662048751
176100,0.29275689143893835
176200,0.2928959893103824
176300,0.29303505982458866
176400,0.2931741029869377
176500,0.29331311880280897
176600,0.293452107277581
176700,0.29359106841663096
176800,0.2937300022253352
176900,0.293868908709069
177000,0.29400778787320647
177100,0.2941466397231207
177200,0.2942854642641839
177300,0.2944242615017669
177400,0.29456303144123974
177500,0.29470177408797127
177600,0.2948404894473293
177700,0.2949791775246807
177800,0.29511783832539107
177900,0.2952564718548252
178000,0.29539507811834653
178100,0.29553365712131774
178200,0.2956722088691003
178300,0.29581073336705477
178400,0.29594923062054035
178500,0.2960877006349154
178600,0.2962261434155373
178700,0.29636455896776237
178800,0.2965029472969456
178900,0.29664130840844116
179000,0.2967796423076021
179100,0.2969179489997805
179200,0.2970562284903273
179300,0.29719448078459243
179400,0.2973327058879248
179500,0.2974709038056721
179600,0.2976090745431811
179700,0.29774721810579763
179800,0.2978853344988662
179900,0.2980234237277305
180000,0.29816148579773305
180100,0.2982995207142154
180200,0.2984375284825179
180300,0.29857550910798003
180400,0.2987134625959401
180500,0.29885138895173546
180600,0.29898928818070225
180700,0.2991271602881759
180800,0.2992650052794903
180900,0.2994028231599787
181000,0.2995406139349731
181100,0.29967837760980454
181200,0.2998161141898029
181300,0.2999538236802972
181400,0.3000915060866153
181500,0.30022916141408384
181600,0.30036678966802877
181700,0.3005043908537748
181800,0.3006419649766454
181900,0.3007795120419635
182000,0.3009170320550504
182100,0.30105452502122676
182200,0.30119199094581206
182300,0.3013294298341247
182400,0.3014668416914821
182500,0.3016042265232006
182600,0.3017415843345955
182700,0.3018789151309811
182800,0.3020162189176705
182900,0.30215349569997585
183000,0.30229074548320845
183100,0.30242796827267826
183200,0.30256516407369427
183300,0.30270233289156445
183400,0.3028394747315959
183500,0.30297658959909446
183600,0.3031136774993648
183700,0.303250738437711
183800,0.3033877724194357
183900,0.3035247794498406
184000,0.30366175953422636
184100,0.3037987126778927
184200,0.3039356388861383
184300,0.3040725381642605
184400,0.3042094105175559
184500,0.30434625595132003
184600,0.3044830744708473
184700,0.3046198660814311
184800,0.3047566307883638
184900,0.3048933685969365
185000,0.30503007951243977
185100,0.3051667635401627
185200,0.3053034206853934
185300,0.3054400509534192
185400,0.30557665434952597
185500,0.30571323087899893
185600,0.3058497805471222
185700,0.30598630335917854
185800,0.30612279932045006
185900,0.30625926843621754
186000,0.30639571071176097
186100,0.30653212615235914
186200,0.30666851476328993
186300,0.3068048765498299
186400,0.30694121151725495
186500,0.3070775196708396
186600,0.3072138010158577
186700,0.30735005555758166
186800,0.30748628330128314
186900,0.3076224842522327
187000,0.3077586584156997
187100,0.30789480579695283
187200,0.3080309264012594
187300,0.30816702023388565
187400,0.30830308730009715
187500,0.3084391276051581
187600,0.3085751411543318
187700,0.30871112795288047
187800,0.3088470880060654
187900,0.3089830213191468
188000,0.3091189278973836
188100,0.3092548077460341
188200,0.3093906608703554
188300,0.3095264872756033
188400,0.309662286967033
188500,0.3097980599498985
188600,0.30993380622945255
188700,0.31006952581094727
188800,0.31020521869963336
188900,0.31034088490076084
189000,0.3104765244195783
189100,0.31061213726133363
189200,0.31074772343127366
189300,0.31088328293464396
189400,0.3110188157766892
189500,0.31115432196265314
189600,0.3112898014977784
189700,0.3114252543873064
189800,0.3115606806364779
189900,0.3116960802505323
190000,0.31183145323470807
190100,0.31196679959424267
190200,0.3121021193343727
190300,0.31223741246033343
190400,0.3123726789773592
190500,0.3125079188906834
190600,0.3126431322055384
190700,0.31277831892715535
190800,0.3129134790607646
190900,0.31304861261159544
191000,0.313183719584876
191100,0.31331879998583334
191200,0.3134538538196938
191300,0.31358888109168237
191400,0.31372388180702326
191500,0.3138588559709393
191600,0.3139938035886527
191700,0.31412872466538455
191800,0.3142636192063546
191900,0.3143984872167819
192000,0.31453332870188444
192100,0.314668143666879
192200,0.3148029321169816
192300,0.3149376940574069
192400,0.315072429493369
192500,0.3152071384300804
192600,0.315341820872753
192700,0.3154764768265975
192800,0.31561110629682376
192900,0.31574570928864043
193000,0.315880285807255
193100,0.3160148358578744
193200,0.316149359445704
193300,0.3162838565759485
193400,0.31641832725381147
193500,0.31655277148449557
193600,0.31668718927320216
193700,0.31682158062513177
193800,0.3169559455454841
193900,0.3170902840394574
194000,0.31722459611224907
194100,0.3173588817690557
194200,0.31749314101507253
194300,0.317627373855494
194400,0.3177615802955136
194500,0.3178957603403234
194600,0.31802991399511493
194700,0.31816404126507825
194800,0.31829814215540286
194900,0.31843221667127686
195000,0.31856626481788763
195100,0.31870028660042116
195200,0.3188342820240627
195300,0.3189682510939966
195400,0.31910219381540583
195500,0.31923611019347253
195600,0.3193700002333778
195700,0.3195038639403017
195800,0.3196377013194235
195900,0.31977151237592105
196000,0.3199052971149715
196100,0.3200390555417507
196200,0.32017278766143387
196300,0.3203064934791948
196400,0.32044017300020666
196500,0.32057382622964115
196600,0.32070745317266935
196700,0.32084105383446104
196800,0.3209746282201853
196900,0.3211081763350099
197000,0.32124169818410164
197100,0.32137519377262647
197200,0.3215086631057492
197300,0.32164210618863365
197400,0.3217755230264425
197500,0.3219089136243377
197600,0.32204227798748
197700,0.32217561612102896
197800,0.32230892803014344
197900,0.3224422137199813
198000,0.322575473195699
198100,0.3227087064624523
198200,0.32284191352539604
198300,0.32297509438968375
198400,0.323108249060468
198500,0.3232413775429006
198600,0.3233744798421322
198700,0.32350755596331215
198800,0.3236406059115893
198900,0.3237736296921111
199000,0.3239066273100243
199100,0.32403959877047417
199200,0.3241725440786055
199300,0.3243054632395619
199400,0.3244383562584856
199500,0.32457122314051823
199600,0.3247040638908004
199700,0.3248368785144715
199800,0.32496966701667007
199900,0.32510242940253364
200000,0.32523516567719846
200100,0.3253678758458002
200200,0.32550055991347315
200300,0.3256332178853508
200400,0.32576584976656564
200500,0.32589845556224895
200600,0.3260310352775312
200700,0.3261635889175418
200800,0.3262961164874091
200900,0.32642861799226053
201000,0.3265610934372223
201100,0.32669354282742
201200,0.3268259661679779
201300,0.3269583634640192
201400,0.3270907347206664
201500,0.3272230799430408
201600,0.32735539913626266
201700,0.3274876923054514
201800,0.3276199594557252
201900,0.32775220059220145
202000,0.3278844157199964
202100,0.32801660484422535
202200,0.3281487679700026
202300,0.32828090510244134
202400,0.328413016246654
202500,0.3285451014077517
202600,0.32867716059084484
202700,0.32880919380104257
202800,0.32894120104345304
202900,0.3290731823231837
203000,0.32920513764534076
203100,0.3293370670150294
203200,0.3294689704373538
203300,0.3296008479174173
203400,0.329732699460322
203500,0.32986452507116915
203600,0.32999632475505913
203700,0.330128098517091
203800,0.33025984636236294
203900,0.33039156829597227
204000,0.33052326432301515
204100,0.33065493444858673
204200,0.3307865786777814
204300,0.33091819701569214
204400,0.33104978946741126
204500,0.3311813560380299
204600,0.3313128967326383
204700,0.33144441155632565
204800,0.3315759005141802
204900,0.33170736361128894
205000,0.3318388008527383
205100,0.33197021224361345
205200,0.3321015977889984
205300,0.3322329574939764
205400,0.3323642913636299
205500,0.33249559940303974
205600,0.33262688161728626
205700,0.3327581380114486
205800,0.33288936859060514
205900,0.3330205733598329
206000,0.33315175232420813
206100,0.333282905488806
206200,0.33341403285870075
206300,0.3335451344389656
206400,0.33367621023467264
206500,0.33380726025089325
206600,0.33393828449269747
206700,0.3340692829651547
206800,0.334200255673333
206900,0.33433120262229965
207000,0.3344621238171208
207100,0.3345930192628619
207200,0.33472388896458694
207300,0.33485473292735923
207400,0.33498555115624107
207500,0.3351163436562936
207600,0.33524711043257704
207700,0.33537785149015087
207800,0.33550856683407315
207900,0.3356392564694012
208000,0.33576992040119125
208100,0.33590055863449864
208200,0.33603117117437764
208300,0.33616175802588144
208400,0.33629231919406244
208500,0.33642285468397193
208600,0.3365533645006601
208700,0.33668384864917644
208800,0.33681430713456906
208900,0.33694473996188545
209000,0.3370751471361719
209100,0.3372055286624738
209200,0.3373358845458353
209300,0.3374662147913
209400,0.3375965194039101
209500,0.3377267983887071
209600,0.3378570517507312
209700,0.33798727949502205
209800,0.3381174816266177
209900,0.3382476581505559
210000,0.33837780907187287
210100,0.3385079343956041
210200,0.33863803412678395
210300,0.338768108270446
210400,0.3388981568316226
210500,0.3390281798153453
210600,0.33915817722664443
210700,0.3392881490705496
210800,0.33941809535208933
210900,0.33954801607629104
211000,0.33967791124818125
211100,0.3398077808727855
211200,0.33993762495512836
211300,0.34006744350023344
211400,0.3401972365131233
211500,0.3403270039988193
211600,0.3404567459623423
211700,0.3405864624087118
211800,0.34071615334294647
211900,0.3408458187700638
212000,0.3409754586950805
212100,0.3411050731230123
212200,0.34123466205887376
212300,0.34136422550767864
212400,0.3414937634744396
212500,0.3416232759641684
212600,0.34175276298187574
212700,0.34188222453257133
212800,0.34201166062126387
212900,0.34214107125296134
213000,0.3422704564326703
213100,0.3423998161653966
213200,0.3425291504561452
213300,0.3426584593099198
213400,0.3427877427317232
213500,0.3429170007265574
213600,0.3430462332994231
213700,0.34317544045532045
213800,0.3433046221992482
213900,0.34343377853620416
214000,0.3435629094711855
214100,0.3436920150091881
214200,0.343821095155207
214300,0.3439501499142361
214400,0.3440791792912684
214500,0.344208183291296
214600,0.34433716191930996
214700,0.34446611518030035
214800,0.34459504307925626
214900,0.3447239456211657
215000,0.3448528228110159
215100,0.34498167465379304
215200,0.34511050115448216
215300,0.34523930231806754
215400,0.3453680781495324
215500,0.3454968286538589
215600,0.3456255538360282
215700,0.34575425370102075
215800,0.3458829282538157
215900,0.3460115774993915
216000,0.3461402014427254
216100,0.3462688000887937
216200,0.3463973734425718
216300,0.34652592150903405
216400,0.34665444429315395
216500,0.346782941799904
216600,0.3469114140342554
216700,0.3470398610011788
216800,0.3471682827056437
216900,0.34729667915261864
217000,0.34742505034707116
217100,0.34755339629396775
217200,0.347681716998274
217300,0.3478100124649547
217400,0.3479382826989733
217500,0.34806652770529256
217600,0.34819474748887413
217700,0.34832294205467873
217800,0.34845111140766605
217900,0.348579255552795
218000,0.3487073744950232
218100,0.34883546823930756
218200,0.34896353679060377
218300,0.349091580153867
218400,0.3492195983340508
218500,0.34934759133610815
218600,0.3494755591649912
218700,0.3496035018256507
218800,0.34973141932303675
218900,0.34985931166209827
219000,0.3499871788477834
219100,0.3501150208850392
219200,0.3502428377788117
219300,0.3503706295340461
219400,0.35049839615568645
219500,0.350626137648676
219600,0.350753854017957
219700,0.3508815452684706
219800,0.35100921140515706
219900,0.3511368524329558
220000,0.3512644683568049
220100,0.35139205918164196
220200,0.3515196249124033
220300,0.3516471655540242
220400,0.35177468111143917
220500,0.3519021715895817
220600,0.3520296369933843
220700,0.35215707732777846
220800,0.3522844925976948
220900,0.3524118828080627
221000,0.352539247963811
221100,0.3526665880698673
221200,0.3527939031311582
221300,0.3529211931526095
221400,0.35304845813914587
221500,0.35317569809569105
221600,0.353302913027168
221700,0.3534301029384983
221800,0.3535572678346032
221900,0.3536844077204022
222000,0.3538115226008144
222100,0.35393861248075786
222200,0.3540656773651494
222300,0.3541927172589051
222400,0.3543197321669401
222500,0.3544467220941685
222600,0.3545736870455034
222700,0.3547006270258569
222800,0.3548275420401402
222900,0.3549544320932636
223000,0.35508129719013637
223100,0.3552081373356667
223200,0.3553349525347621
223300,0.3554617427923288
223400,0.35558850811327225
223500,0.3557152485024968
223600,0.3558419639649061
223700,0.3559686545054026
223800,0.3560953201288878
223900,0.35622196084026225
224000,0.35634857664442565
224100,0.3564751675462766
224200,0.3566017335507128
224300,0.356728274662631
224400,0.35685479088692706
224500,0.35698128222849557
224600,0.3571077486922305
224700,0.3572341902830247
224800,0.3573606070057701
224900,0.35748699886535773
225000,0.35761336586667747
225100,0.3577397080146183
225200,0.3578660253140684
225300,0.3579923177699149
225400,0.3581185853870438
225500,0.3582448281703404
225600,0.35837104612468884
225700,0.35849723925497257
225800,0.3586234075660737
225900,0.35874955106287354
226000,0.35887566975025265
226100,0.35900176363309033
226200,0.35912783271626514
226300,0.3592538770046544
226400,0.35937989650313484
226500,0.35950589121658194
226600,0.35963186114987045
226700,0.3597578063078739
226800,0.3598837266954651
226900,0.36000962231751565
227000,0.3601354931788965
227100,0.36026133928447734
227200,0.36038716063912724
227300,0.3605129572477139
227400,0.36063872911510453
227500,0.3607644762461649
227600,0.3608901986457602
227700,0.3610158963187544
227800,0.36114156927001073
227900,0.3612672175043914
228000,0.3613928410267575
228100,0.3615184398419694
228200,0.3616440139548863
228300,0.3617695633703667
228400,0.361895088093268
228500,0.3620205881284464
228600,0.3621460634807576
228700,0.3622715141550562
228800,0.3623969401561956
228900,0.3625223414890284
229000,0.36264771815840646
229100,0.36277307016918037
229200,0.3628983975261999
229300,0.36302370023431385
229400,0.36314897829837
229500,0.3632742317232155
229600,0.363399460513696
229700,0.3635246646746567
229800,0.3636498442109416
229900,0.36377499912739364
230000,0.3639001294288551
230100,0.36402523512016716
230200,0.36415031620617
230300,0.36427537269170296
230400,0.3644004045816043
230500,0.3645254118807114
230600,0.3646503945938607
230700,0.3647753527258877
230800,0.36490028628162685
230900,0.3650251952659118
231000,0.36515007968357505
231100,0.36527493953944845
231200,0.3653997748383626
231300,0.36552458558514733
231400,0.3656493717846314
231500,0.36577413344164267
231600,0.3658988705610081
231700,0.36602358314755357
231800,0.36614827120610427
231900,0.36627293474148426
232000,0.36639757375851645
232100,0.3665221882620232
232200,0.3666467782568257
232300,0.3667713437477442
232400,0.3668958847395981
232500,0.3670204012372057
232600,0.36714489324538435
232700,0.3672693607689508
232800,0.36739380381272035
232900,0.3675182223815078
233000,0.3676426164801265
233100,0.36776698611338954
233200,0.3678913312861083
233300,0.36801565200309383
233400,0.36813994826915586
233500,0.3682642200891034
233600,0.36838846746774434
233700,0.36851269040988566
233800,0.36863688892033364
233900,0.3687610630038932
234000,0.36888521266536867
234100,0.36900933790956325
234200,0.36913343874127913
234300,0.3692575151653178
234400,0.36938156718647963
234500,0.369505594809564
234600,0.3696295980393697
234700,0.3697535768806939
234800,0.36987753133833357
234900,0.37000146141708423
235000,0.3701253671217407
235100,0.3702492484570967
235200,0.3703731054279452
235300,0.370496938039078
235400,0.3706207462952863
235500,0.3707445302013598
235600,0.37086828976208785
235700,0.3709920249822585
235800,0.371115735866659
235900,0.37123942242007557
236000,0.3713630846472935
236100,0.37148672255309734
236200,0.37161033614227035
236300,0.37173392541959516
236400,0.37185749038985316
236500,0.3719810310578252
236600,0.3721045474282908
236700,0.3722280395060288
236800,0.3723515072958169
236900,0.372474950802432
237000,0.37259837003065
237100,0.372721764985246
237200,0.37284513567099387
237300,0.37296848209266686
237400,0.3730918042550371
237500,0.3732151021628758
237600,0.3733383758209532
237700,0.3734616252340386
237800,0.3735848504069006
237900,0.3737080513443066
238000,0.3738312280510231
238100,0.37395438053181573
238200,0.3740775087914491
238300,0.374200612834687
238400,0.3743236926662922
238500,0.37444674829102653
238600,0.3745697797136509
238700,0.37469278693892527
238800,0.3748157699716088
238900,0.3749387288164595
239000,0.37506166347823444
239100,0.37518457396169014
239200,0.37530746027158157
239300,0.3754303224126634
239400,0.3755531603896888
239500,0.3756759742074105
239600,0.37579876387057987
239700,0.3759215293839475
239800,0.3760442707522633
239900,0.3761669879802759
240000,0.3762896810727331
240100,0.3764123500343818
240200,0.376534994869968
240300,0.3766576155842367
240400,0.37678021218193203
240500,0.37690278466779703
240600,0.37702533304657404
240700,0.37714785732300427
240800,0.37727035750182814
240900,0.3773928335877851
241000,0.3775152855856134
241100,0.37763771350005093
241200,0.37776011733583414
241300,0.37788249709769883
241400,0.37800485279037965
241500,0.3781271844186105
241600,0.3782494919871243
241700,0.37837177550065293
241800,0.37849403496392753
241900,0.3786162703816782
242000,0.3787384817586341
242100,0.37886066909952343
242200,0.3789828324090736
242300,0.37910497169201096
242400,0.37922708695306107
242500,0.37934917819694824
242600,0.3794712454283963
242700,0.3795932886521277
242800,0.37971530787286445
242900,0.37983730309532715
243000,0.3799592743242358
243100,0.38008122156430946
243200,0.38020314482026585
243300,0.38032504409682233
243400,0.380446919398695
243500,0.38056877073059914
243600,0.38069059809724903
243700,0.38081240150335816
243800,0.38093418095363885
243900,0.38105593645280267
244000,0.3811776680055603
244100,0.3812993756166214
244200,0.3814210592906948
244300,0.38154271903248815
244400,0.3816643548467086
244500,0.381785966738062
244600,0.38190755471125326
244700,0.3820291187709869
244800,0.38215065892196576
244900,0.3822721751688922
245000,0.38239366751646786
245100,0.3825151359693928
245200,0.3826365805323667
245300,0.3827580012100882
245400,0.3828793980072548
245500,0.3830007709285633
245600,0.3831221199787096
245700,0.3832434451623885
245800,0.383364746484294
245900,0.3834860239491191
246000,0.383607277561556
246100,0.3837285073262958
246200,0.38384971324802897
246300,0.3839708953314446
246400,0.3840920535812312
246500,0.3842131880020764
246600,0.3843342985986665
246700,0.3844553853756876
246800,0.384576448337824
246900,0.38469748748975985
247000,0.3848185028361779
247100,0.3849394943817601
247200,0.3850604621311876
247300,0.38518140608914053
247400,0.38530232626029803
247500,0.38542322264933837
247600,0.385544095260939
247700,0.3856649440997765
247800,0.3857857691705262
247900,0.3859065704778627
248000,0.3860273480264599
248100,0.38614810182099046
248200,0.38626883186612615
248300,0.3863895381665381
248400,0.3865102207268962
248500,0.3866308795518696
248600,0.38675151464612645
248700,0.3868721260143341
248800,0.3869927136611587
248900,0.3871132775912659
249000,0.3872338178093202
249100,0.387354334319985
249200,0.38747482712792325
249300,0.3875952962377964
249400,0.3877157416542656
249500,0.3878361633819907
249600,0.3879565614256305
249700,0.38807693578984326
249800,0.3881972864792862
249900,0.3883176134986155
250000,0.38843791685248663
250100,0.3885581965455538
250200,0.3886784525824708
250300,0.38879868496788994
250400,0.38891889370646315
250500,0.38903907880284105
250600,0.3891592402616736
250700,0.3892793780876097
250800,0.38939949228529736
250900,0.3895195828593837
251000,0.38963964981451493
251100,0.3897596931553363
251200,0.38987971288649226
251300,0.38999970901262626
251400,0.3901196815383807
251500,0.3902396304683974
251600,0.39035955580731696
251700,0.3904794575597793
251800,0.39059933573042316
251900,0.3907191903238866
252000,0.39083902134480675
252100,0.3909588287978196
252200,0.3910786126875606
252300,0.391198373018664
252400,0.3913181097957632
252500,0.3914378230234907
252600,0.3915575127064782
252700,0.39167717884935616
252800,0.39179682145675465
252900,0.3919164405333023
253000,0.39203603608362725
253100,0.3921556081123565
253200,0.39227515662411605
253300,0.3923946816235313
253400,0.39251418311522657
253500,0.392633661103825
253600,0.39275311559394943
253700,0.3928725465902213
253800,0.3929919540972613
253900,0.3931113381196891
254000,0.3932306986621238
254100,0.39335003572918315
254200,0.3934693493254844
254300,0.3935886394556434
254400,0.39370790612427553
254500,0.39382714933599516
254600,0.3939463690954157
254700,0.39406556540714965
254800,0.39418473827580847
254900,0.3943038877060031
255000,0.3944230137023431
255100,0.3945421162694376
255200,0.39466119541189426
255300,0.39478025113432036
255400,0.3948992834413221
255500,0.3950182923375045
255600,0.3951372778274721
255700,0.39525623991582837
255800,0.39537517860717575
255900,0.395494093906116
256000,0.3956129858172497
256100,0.39573185434517666
256200,0.3958506994944959
256300,0.39596952126980545
256400,0.39608831967570235
256500,0.39620709471678295
256600,0.39632584639764235
256700,0.396444574722875
256800,0.3965632796970745
256900,0.39668196132483324
257000,0.3968006196107432
257100,0.3969192545593949
257200,0.3970378661753784
257300,0.3971564544632826
257400,0.3972750194276956
257500,0.39739356107320456
257600,0.3975120794043958
257700,0.3976305744258546
257800,0.39774904614216544
257900,0.39786749455791204
258000,0.3979859196776768
258100,0.3981043215060418
258200,0.39822270004758764
258300,0.39834105530689445
258400,0.39845938728854113
258500,0.398577695997106
258600,0.3986959814371662
258700,0.3988142436132982
258800,0.3989324825300774
258900,0.3990506981920784
259000,0.3991688906038747
259100,0.3992870597700393
259200,0.39940520569514393
259300,0.3995233283837596
259400,0.3996414278404563
259500,0.3997595040698033
259600,0.39987755707636874
259700,0.39999558686472014
259800,0.40011359343942376
259900,0.4002315768050454
260000,0.4003495369661496
260100,0.4004674739273002
260200,0.40058538769306007
260300,0.4007032782679911
260400,0.4008211456566545
260500,0.4009389898636103
260600,0.40105681089341805
260700,0.4011746087506358
260800,0.4012923834398213
260900,0.40141013496553113
261000,0.40152786333232093
261100,0.4016455685447454
261200,0.40176325060735874
261300,0.40188090952471367
261400,0.4019985453013625
261500,0.4021161579418564
261600,0.4022337474507457
261700,0.4023513138325797
261800,0.40246885709190716
261900,0.4025863772332757
262000,0.402703874261232
262100,0.4028213481803218
262200,0.40293879899509033
262300,0.40305622671008146
262400,0.4031736313298384
262500,0.40329101285890345
262600,0.40340837130181806
262700,0.4035257066631226
262800,0.4036430189473569
262900,0.4037603081590594
263000,0.40387757430276794
263100,0.4039948173830197
263200,0.4041120374043504
263300,0.40422923437129554
263400,0.40434640828838897
263500,0.4044635591601643
263600,0.4045806869911539
263700,0.4046977917858895
263800,0.40481487354890155
263900,0.4049319322847199
264000,0.4050489679978736
264100,0.40516598069289056
264200,0.40528297037429784
264300,0.4053999370466218
264400,0.40551688071438763
264500,0.4056338013821198
264600,0.405750699054342
264700,0.4058675737355768
264800,0.4059844254303461
264900,0.40610125414317055
265000,0.4062180598785704
265100,0.40633484264106456
265200,0.4064516024351714
265300,0.40656833926540814
265400,0.40668505313629133
265500,0.4068017440523365
265600,0.40691841201805834
265700,0.4070350570379705
265800,0.407151679116586
265900,0.40726827825841694
266000,0.40738485446797423
266100,0.4075014077497682
266200,0.40761793810830815
266300,0.40773444554810256
266400,0.407850930073659
266500,0.40796739168948426
266600,0.408083830400084
266700,0.4082002462099632
266800,0.4083166391236258
266900,0.408433009145575
267000,0.4085493562803131
267100,0.4086656805323414
267200,0.40878198190616055
267300,0.40889826040626986
267400,0.4090145160371682
267500,0.40913074880335354
267600,0.4092469587093225
267700,0.40936314575957145
267800,0.4094793099585954
267900,0.4095954513108886
268000,0.4097115698209446
268100,0.4098276654932559
268200,0.409943738332314
268300,0.4100597883426098
268400,0.41017581552863314
268500,0.41029181989487296
268600,0.41040780144581746
268700,0.4105237601859538
268800,0.41063969611976836
268900,0.4107556092517465
269000,0.4108714995863729
269100,0.4109873671281312
269200,0.41110321188150434
269300,0.41121903385097414
269400,0.4113348330410216
269500,0.411450609456127
269600,0.41156636310076955
269700,0.4116820939794277
269800,0.411797802096579
269900,0.4119134874567
270000,0.41202915006426655
270100,0.4121447899237536
270200,0.41226040703963496
270300,0.412376001416384
270400,0.4124915730584727
270500,0.41260712197037264
270600,0.41272264815655424
270700,0.41283815162148707
270800,0.4129536323696398
270900,0.41306909040548045
271000,0.41318452573347586
271100,0.4132999383580922
271200,0.4134153282837947
271300,0.4135306955150475
271400,0.41364604005631433
271500,0.4137613619120576
271600,0.41387666108673904
271700,0.41399193758481945
271800,0.4141071914107589
271900,0.4142224225690163
272000,0.41433763106404997
272100,0.4144528169003171
272200,0.41456798008227425
272300,0.41468312061437695
272400,0.4147982385010799
272500,0.4149133337468368
272600,0.4150284063561007
272700,0.4151434563333237
272800,0.4152584836829569
272900,0.41537348840945054
273000,0.41548847051725424
273100,0.41560343001081634
273200,0.41571836689458463
273300,0.415833281173006
273400,0.4159481728505262
273500,0.4160630419315905
273600,0.41617788842064296
273700,0.41629271232212683
273800,0.41640751364048467
273900,0.41652229238015803
274000,0.4166370485455876
274100,0.416751782141213
274200,0.4168664931714735
274300,0.4169811816408069
274400,0.4170958475536506
274500,0.41721049091444073
274600,0.4173251117276129
274700,0.4174397099976016
274800,0.41755428572884057
274900,0.41766883892576256
275000,0.4177833695927997
275100,0.417897877734383
275200,0.41801236335494263
275300,0.418126826458908
275400,0.41824126705070763
275500,0.41835568513476895
275600,0.41847008071551894
275700,0.4185844537973832
275800,0.418698804384787
275900,0.41881313248215424
276000,0.4189274380939083
276100,0.4190417212244715
276200,0.4191559818782654
276300,0.4192702200597106
276400,0.4193844357732269
276500,0.4194986290232332
276600,0.4196127998141477
276700,0.41972694815038725
276800,0.4198410740363683
276900,0.41995517747650635
277000,0.4200692584752159
277100,0.4201833170369107
277200,0.4202973531660035
277300,0.4204113668669063
277400,0.42052535814403014
277500,0.4206393270017853
277600,0.420753273444581
277700,0.420867197476826
277800,0.4209810991029277
277900,0.42109497832729303
278000,0.4212088351543276
278100,0.42132266958843667
278200,0.42143648163402436
278300,0.42155027129549394
278400,0.42166403857724777
278500,0.42177778348368744
278600,0.42189150601921366
278700,0.42200520618822623
278800,0.4221188839951242
278900,0.4222325394443056
279000,0.4223461725401676
279100,0.42245978328710665
279200,0.42257337168951814
279300,0.4226869377517969
279400,0.4228004814783366
279500,0.42291400287353
279600,0.4230275019417694
279700,0.4231409786874458
279800,0.4232544331149497
279900,0.4233678652286703
280000,0.4234812750329964
280100,0.4235946625323156
280200,0.4237080277310148
280300,0.42382137063348
280400,0.42393469124409644
280500,0.4240479895672482
280600,0.4241612656073189
280700,0.424274519368691
280800,0.4243877508557461
280900,0.4245009600728651
281000,0.424614147024428
281100,0.4247273117148138
281200,0.424840454148401
281300,0.4249535743295667
281400,0.42506667226268746
281500,0.4251797479521391
281600,0.4252928014022963
281700,0.42540583261753306
281800,0.4255188416022223
281900,0.42563182836073654
282000,0.4257447928974468
282100,0.4258577352167239
282200,0.4259706553229372
282300,0.42608355322045555
282400,0.42619642891364706
282500,0.4263092824068786
282600,0.42642211370451644
282700,0.42653492281092587
282800,0.4266477097304714
282900,0.42676047446751675
283000,0.42687321702642456
283100,0.4269859374115569
283200,0.42709863562727457
283300,0.427211311677938
283400,0.4273239655679064
283500,0.4274365973015384
283600,0.4275492068831914
283700,0.4276617943172223
283800,0.42777435960798704
283900,0.42788690275984054
284000,0.4279994237771372
284100,0.42811192266423015
284200,0.4282243994254721
284300,0.4283368540652144
284400,0.428449286587808
284500,0.4285616969976028
284600,0.4286740852989479
284700,0.42878645149619143
284800,0.4288987955936807
284900,0.42901111759576227
285000,0.42912341750678185
285100,0.4292356953310841
285200,0.42934795107301305
285300,0.4294601847369116
285400,0.4295723963271222
285500,0.4296845858479862
285600,0.4297967533038439
285700,0.42990889869903515
285800,0.4300210220378987
285900,0.4301331233247725
286000,0.4302452025639937
286100,0.43035725975989836
286200,0.4304692949168222
286300,0.43058130803909944
286400,0.430693299131064
286500,0.43080526819704856
286600,0.43091721524138527
286700,0.4310291402684051
286800,0.4311410432824385
286900,0.4312529242878147
287000,0.4313647832888625
287100,0.4314766202899094
287200,0.43158843529528246
287300,0.43170022830930754
287400,0.43181199933631
287500,0.431923748380614
287600,0.4320354754465431
287700,0.43214718053841994
287800,0.4322588636605662
287900,0.43237052481730287
288000,0.43248216401295003
288100,0.4325937812518269
288200,0.4327053765382519
288300,0.4328169498765424
288400,0.43292850127101523
288500,0.43304003072598607
288600,0.43315153824577
288700,0.4332630238346812
288800,0.4333744874970328
288900,0.43348592923713736
289000,0.43359734905930647
289100,0.43370874696785067
289200,0.43382012296708006
289300,0.43393147706130364
289400,0.43404280925482963
289500,0.43415411955196515
289600,0.43426540795701696
289700,0.4343766744742906
289800,0.4344879191080909
289900,0.43459914186272186
290000,0.43471034274248654
290100,0.4348215217516872
290200,0.4349326788946253
290300,0.43504381417560123
290400,0.43515492759891494
290500,0.4352660191688653
290600,0.43537708888975024
290700,0.43548813676586695
290800,0.4355991628015119
290900,0.43571016700098053
291000,0.4358211493685674
291100,0.43593210990856646
291200,0.43604304862527055
291300,0.4361539655229718
291400,0.4362648606059617
291500,0.43637573387853046
291600,0.43648658534496776
291700,0.4365974150095623
291800,0.43670822287660194
291900,0.43681900895037395
292000,0.43692977323516424
292100,0.4370405157352585
292200,0.43715123645494103
292300,0.43726193539849567
292400,0.4373726125702051
292500,0.43748326797435144
292600,0.43759390161521583
292700,0.4377045134970786
292800,0.43781510362421927
292900,0.43792567200091637
293000,0.4380362186314477
293100,0.4381467435200903
293200,0.4382572466711202
293300,0.43836772808881275
293400,0.4384781877774424
293500,0.43858862574128255
293600,0.4386990419846062
293700,0.438809436511685
293800,0.4389198093267903
293900,0.4390301604341921
294000,0.4391404898381598
294100,0.43925079754296215
294200,0.4393610835528666
294300,0.43947134787214026
294400,0.43958159050504897
294500,0.439691811455858
294600,0.43980201072883174
294700,0.43991218832823364
294800,0.4400223442583264
294900,0.4401324785233719
295000,0.440242591127631
295100,0.44035268207536404
295200,0.44046275137083024
295300,0.44057279901828805
295400,0.4406828250219952
295500,0.44079282938620845
295600,0.4409028121151838
295700,0.44101277321317645
295800,0.4411227126844406
295900,0.4412326305332297
296000,0.4413425267637964
296100,0.44145240138039255
296200,0.44156225438726904
296300,0.441672085788676
296400,0.4417818955888627
296500,0.44189168379207766
296600,0.44200145040256844
296700,0.44211119542458177
296800,0.4422209188623636
296900,0.44233062072015905
297000,0.44244030100221254
297100,0.4425499597127672
297200,0.4426595968560658
297300,0.44276921243635026
297400,0.44287880645786115
297500,0.4429883789248389
297600,0.44309792984152263
297700,0.44320745921215077
297800,0.4433169670409609
297900,0.4434264533321898
298000,0.4435359180900734
298100,0.4436453613188468
298200,0.4437547830227443
298300,0.4438641832059993
298400,0.4439735618728444
298500,0.4440829190275114
298600,0.44419225467423107
298700,0.4443015688172337
298800,0.4444108614607486
298900,0.4445201326090039
299000,0.4446293822662275
299100,0.4447386104366461
299200,0.4448478171244856
299300,0.4449570023339712
299400,0.44506616606932703
299500,0.4451753083347767
299600,0.4452844291345427
299700,0.44539352847284686
299800,0.44550260635391015
299900,0.44561166278195263
300000,0.44572069776119383
300100,0.4458297112958519
300200,0.44593870339014474
300300,0.44604767404828904
300400,0.4461566232745008
300500,0.44626555107299504
300600,0.4463744574479863
300700,0.44648334240368803
300800,0.4465922059443127
300900,0.4467010480740724
301000,0.446809868797178
301100,0.44691866811783965
301200,0.4470274460402669
301300,0.44713620256866793
301400,0.4472449377072507
301500,0.4473536514602221
301600,0.44746234383178796
301700,0.4475710148261537
301800,0.4476796644475236
301900,0.44778829270010123
302000,0.4478968995880893
302100,0.4480054851156898
302200,0.44811404928710374
302300,0.44822259210653137
302400,0.4483311135781721
302500,0.44843961370622465
302600,0.4485480924948866
302700,0.44865654994835513
302800,0.44876498607082616
302900,0.4488734008664951
303000,0.44898179433955643
303100,0.44909016649420375
303200,0.4491985173346299
303300,0.44930684686502687
303400,0.44941515508958585
303500,0.44952344201249717
303600,0.44963170763795046
303700,0.4497399519701343
303800,0.4498481750132366
303900,0.4499563767714444
304000,0.4500645572489439
304100,0.45017271644992063
304200,0.45028085437855914
304300,0.4503889710390431
304400,0.4504970664355554
304500,0.4506051405722785
304600,0.45071319345339333
304700,0.45082122508308053
304800,0.45092923546551966
304900,0.4510372246048896
305000,0.45114519250536833
305100,0.4512531391711332
305200,0.4513610646063603
305300,0.45146896881522536
305400,0.451576851801903
305500,0.45168471357056716
305600,0.4517925541253909
305700,0.45190037347054657
305800,0.45200817161020546
305900,0.4521159485485382
306000,0.4522237042897148
306100,0.45233143883790394
306200,0.45243915219727404
306300,0.4525468443719922
306400,0.45265451536622503
306500,0.45276216518413837
306600,0.4528697938298969
306700,0.45297740130766473
306800,0.4530849876216051
306900,0.45319255277588055
307000,0.45330009677465244
307100,0.45340761962208176
307200,0.4535151213223284
307300,0.4536226018795516
307400,0.4537300612979095
307500,0.45383749958155983
307600,0.4539449167346591
307700,0.45405231276136326
307800,0.45415968766582737
307900,0.45426704145220564
308000,0.45437437412465154
308100,0.4544816856873176
308200,0.4545889761443558
308300,0.45469624549991683
308400,0.4548034937581512
308500,0.45491072092320795
308600,0.4550179269992357
308700,0.4551251119903821
308800,0.4552322759007942
308900,0.4553394187346179
309000,0.45544654049599864
309100,0.4555536411890808
309200,0.4556607208180079
309300,0.4557677793869229
309400,0.4558748168999678
309500,0.45598183336128373
309600,0.456088828775011
309700,0.4561958031452893
309800,0.4563027564762573
309900,0.456409688772053
310000,0.4565166000368134
310100,0.45662349027467486
310200,0.4567303594897729
310300,0.45683720768624225
310400,0.45694403486821666
310500,0.4570508410398292
310600,0.45715762620521216
310700,0.45726439036849686
310800,0.4573711335338141
310900,0.45747785570529353
311000,0.4575845568870641
311100,0.4576912370832541
311200,0.45779789629799095
311300,0.45790453453540103
311400,0.45801115179961016
311500,0.45811774809474326
311600,0.4582243234249245
311700,0.45833087779427706
311800,0.4584374112069235
311900,0.4585439236669856
312000,0.4586504151785842
312100,0.45875688574583917
312200,0.45886333537287005
312300,0.4589697640637951
312400,0.45907617182273197
312500,0.45918255865379753
312600,0.4592889245611077
312700,0.45939526954877785
312800,0.45950159362092236
312900,0.4596078967816546
313000,0.4597141790350875
313100,0.4598204403853331
313200,0.45992668083650246
313300,0.46003290039270583
313400,0.46013909905805295
313500,0.4602452768366525
313600,0.46035143373261234
313700,0.4604575697500397
313800,0.46056368489304067
313900,0.46066977916572105
314000,0.46077585257218523
314100,0.46088190511653737
314200,0.4609879368028804
314300,0.4610939476353165
314400,0.4611999376179474
314500,0.4613059067548736
314600,0.461411855050195
314700,0.46151778250801057
314800,0.4616236891324186
314900,0.46172957492751654
315000,0.46183543989740106
315100,0.46194128404616785
315200,0.462047107377912
315300,0.46215290989672775
315400,0.4622586916067085
315500,0.4623644525119468
315600,0.46247019261653455
315700,0.4625759119245626
315800,0.46268161044012124
315900,0.46278728816729986
316000,0.46289294511018697
316100,0.4629985812728704
316200,0.46310419665943714
316300,0.4632097912739733
316400,0.46331536512056426
316500,0.4634209182032947
316600,0.4635264505262481
316700,0.46363196209350754
316800,0.46373745290915536
316900,0.4638429229772727
317000,0.4639483723019401
317100,0.46405380088723747
317200,0.4641592087372435
317300,0.4642645958560365
317400,0.4643699622476939
317500,0.464475307916292
317600,0.4645806328659067
317700,0.4646859371006128
317800,0.46479122062448464
317900,0.4648964834415953
318000,0.4650017255560174
318100,0.46510694697182264
318200,0.46521214769308206
318300,0.4653173277238657
318400,0.46542248706824296
318500,0.46552762573028217
318600,0.4656327437140513
318700,0.46573784102361704
318800,0.46584291766304575
318900,0.4659479736364025
319000,0.46605300894775203
319100,0.466158023601158
319200,0.4662630176006832
319300,0.46636799095038994
319400,0.46647294365433944
319500,0.46657787571659237
319600,0.46668278714120826
319700,0.4667876779322462
319800,0.4668925480937641
319900,0.4669973976298196
320000,0.4671022265444691
320100,0.4672070348417683
320200,0.4673118225257722
320300,0.4674165896005349
320400,0.4675213360701098
320500,0.4676260619385494
320600,0.46773076720990536
320700,0.46783545188822884
320800,0.4679401159775699
320900,0.4680447594819779
321000,0.4681493824055014
321100,0.46825398475218816
321200,0.4683585665260852
321300,0.46846312773123866
321400,0.46856766837169395
321500,0.4686721884514956
321600,0.4687766879746875
321700,0.46888116694531257
321800,0.46898562536741295
321900,0.4690900632450302
322000,0.4691944805822048
322100,0.4692988773829767
322200,0.4694032536513848
322300,0.4695076093914673
322400,0.46961194460726174
322500,0.4697162593028048
322600,0.46982055348213214
322700,0.46992482714927897
322800,0.4700290803082794
322900,0.47013331296316707
323000,0.47023752511797456
323100,0.47034171677673375
323200,0.47044588794347564
323300,0.47055003862223066
323400,0.47065416881702826
323500,0.4707582785318972
323600,0.4708623677708652
323700,0.47096643653795967
323800,0.4710704848372067
323900,0.4711745126726319
324000,0.4712785200482601
324100,0.4713825069681151
324200,0.4714864734362203
324300,0.47159041945659774
324400,0.47169434503326935
324500,0.4717982501702557
324600,0.47190213487157673
324700,0.47200599914125185
324800,0.4721098429832994
324900,0.472213666401737
325000,0.4723174694005815
325100,0.4724212519838489
325200,0.4725250141555545
325300,0.47262875591971265
325400,0.4727324772803373
325500,0.4728361782414411
325600,0.47293985880703626
325700,0.47304351898113395
325800,0.47314715876774494
325900,0.4732507781708787
326000,0.4733543771945443
326100,0.47345795584274997
326200,0.473561514119503
326300,0.47366505202880993
326400,0.4737685695746766
326500,0.47387206676110805
326600,0.47397554359210836
326700,0.474079000071681
326800,0.4741824362038288
326900,0.47428585199255346
327000,0.47438924744185595
327100,0.47449262255573676
327200,0.47459597733819525
327300,0.4746993117932301
327400,0.47480262592483935
327500,0.47490591973702
327600,0.47500919323376856
327700,0.47511244641908046
327800,0.4752156792969505
327900,0.4753188918713728
328000,0.47542208414634024
328100,0.4755252561258456
328200,0.4756284078138804
328300,0.47573153921443534
328400,0.47583465033150063
328500,0.4759377411690655
328600,0.47604081173111845
328700,0.47614386202164727
328800,0.47624689204463877
328900,0.4763499018040792
329000,0.47645289130395374
329100,0.47655586054824717
329200,0.4766588095409432
329300,0.47676173828602475
329400,0.4768646467874742
329500,0.4769675350492728
329600,0.4770704030754015
329700,0.47717325086983986
329800,0.47727607843656705
329900,0.47737888577956156
330000,0.47748167290280075
330100,0.47758443981026133
330200,0.47768718650591946
330300,0.47778991299375007
330400,0.47789261927772775
330500,0.477995305361826
330600,0.47809797125001774
330700,0.478200616946275
330800,0.4783032424545691
330900,0.4784058477788704
331000,0.4785084329231487
331100,0.47861099789137285
331200,0.4787135426875112
331300,0.47881606731553084
331400,0.47891857177939856
331500,0.4790210560830801
331600,0.4791235202305405
331700,0.47922596422574404
331800,0.4793283880726541
331900,0.4794307917752335
332000,0.479533175337444
332100,0.4796355387632468
332200,0.4797378820566023
332300,0.4798402052214701
332400,0.47994250826180873
332500,0.4800447911815765
332600,0.48014705398473057
332700,0.4802492966752273
332800,0.4803515192570226
332900,0.4804537217340711
333000,0.480555904110327
333100,0.48065806638974373
333200,0.4807602085762739
333300,0.4808623306738691
333400,0.4809644326864805
333500,0.48106651461805827
333600,0.48116857647255196
333700,0.48127061825391015
333800,0.48137263996608093
333900,0.4814746416130111
334000,0.48157662319864736
334100,0.48167858472693514
334200,0.4817805262018191
334300,0.4818824476272435
334400,0.4819843490071516
334500,0.4820862303454856
334600,0.4821880916461875
334700,0.482289932913198
334800,0.48239175415045743
334900,0.4824935553619051
335000,0.48259533655147957
335100,0.48269709772311864
335200,0.4827988388807595
335300,0.48290056002833825
335400,0.4830022611697905
335500,0.48310394230905096
335600,0.4832056034500536
335700,0.4833072445967316
335800,0.48340886575301734
335900,0.4835104669228425
336000,0.4836120481101379
336100,0.48371360931883356
336200,0.48381515055285895
336300,0.4839166718161425
336400,0.4840181731126121
336500,0.48411965444619454
336600,0.4842211158208162
336700,0.4843225572404025
336800,0.4844239787088781
336900,0.4845253802301669
337000,0.4846267618081921
337100,0.484728123446876
337200,0.48482946515014025
337300,0.4849307869219056
337400,0.48503208876609216
337500,0.4851333706866192
337600,0.4852346326874052
337700,0.48533587477236795
337800,0.48543709694542436
337900,0.48553829921049063
338000,0.4856394815714823
338100,0.4857406440323139
338200,0.48584178659689925
338300,0.4859429092691516
338400,0.4860440120529834
338500,0.48614509495230607
338600,0.4862461579710303
338700,0.4863472011130664
338800,0.4864482243823235
338900,0.48654922778271015
339000,0.486650211318134
339100,0.4867511749925022
339200,0.4868521188097207
339300,0.486953042773695
339400,0.4870539468883299
339500,0.4871548311575292
339600,0.487255695585196
339700,0.48735654017523267
339800,0.4874573649315408
339900,0.48755816985802125
340000,0.48765895495857403
340100,0.48775972023709846
340200,0.487860465697493
340300,0.48796119134365545
340400,0.4880618971794829
340500,0.4881625832088714
340600,0.4882632494357164
340700,0.4883638958639127
340800,0.4884645224973543
340900,0.4885651293399341
341000,0.4886657163955447
341100,0.4887662836680776
341200,0.4888668311614237
341300,0.4889673588794732
341400,0.48906786682611525
341500,0.4891683550052386
341600,0.48926882342073086
341700,0.4893692720764792
341800,0.4894697009763699
341900,0.4895701101242883
342000,0.48967049952411934
342100,0.4897708691797469
342200,0.48987121909505427
342300,0.4899715492739237
342400,0.49007185972023715
342500,0.49017215043787543
342600,0.4902724214307186
342700,0.4903726727026462
342800,0.49047290425753676
342900,0.49057311609926824
343000,0.49067330823171773
343100,0.4907734806587615
343200,0.49087363338427525
343300,0.49097376641213364
343400,0.49107387974621086
343500,0.49117397339038027
343600,0.4912740473485142
343700,0.4913741016244846
343800,0.4914741362221624
343900,0.4915741511454178
344000,0.49167414639812046
344100,0.49177412198413895
344200,0.4918740779073413
344300,0.4919740141715948
344400,0.49207393078076567
344500,0.49217382773871987
344600,0.4922737050493221
344700,0.49237356271643673
344800,0.492473400743927
344900,0.49257321913565555
345000,0.49267301789548434
345100,0.4927727970272746
345200,0.4928725565348865
345300,0.49297229642217977
345400,0.49307201669301315
345500,0.4931717173512449
345600,0.4932713984007322
345700,0.4933710598453317
345800,0.49347070168889917
345900,0.49357032393528966
346000,0.4936699265883575
346100,0.4937695096519563
346200,0.49386907312993866
346300,0.4939686170261568
346400,0.49406814134446186
346500,0.49416764608870445
346600,0.49426713126273414
346700,0.4943665968704001
346800,0.4944660429155505
346900,0.49456546940203294
347000,0.49466487633369394
347100,0.49476426371437954
347200,0.494863631547935
347300,0.4949629798382047
347400,0.49506230858903244
347500,0.49516161780426116
347600,0.4952609074877329
347700,0.4953601776432893
347800,0.49545942827477085
347900,0.4955586593860175
348000,0.49565787098086855
348100,0.49575706306316225
348200,0.4958562356367364
348300,0.49595538870542777
348400,0.49605452227307256
348500,0.4961536363435063
348600,0.4962527309205633
348700,0.4963518060080777
348800,0.4964508616098826
348900,0.4965498977298103
349000,0.49664891437169245
349100,0.49674791153935993
349200,0.4968468892366429
349300,0.4969458474673706
349400,0.49704478623537174
349500,0.4971437055444742
349600,0.49724260539850496
349700,0.49734148580129034
349800,0.49744034675665616
349900,0.49753918826842713
350000,0.4976380103404273
350100,0.4977368129764801
350200,0.49783559618040807
350300,0.49793435995603297
350400,0.49803310430717607
350500,0.49813182923765753
350600,0.49823053475129697
350700,0.49832922085191333
350800,0.49842788754332457
350900,0.49852653482934806
351000,0.4986251627138004
351100,0.4987237712004974
351200,0.498822360293254
351300,0.4989209299958848
351400,0.4990194803122031
351500,0.49911801124602195
351600,0.49921652280115336
351700,0.4993150149814085
351800,0.49941348779059824
351900,0.4995119412325322
352000,0.4996103753110194
352100,0.49970879002986834
352200,0.4998071853928865
352300,0.49990556140388065
352400,0.5000039180666571
352500,0.500102255385021
352600,0.500200573362777
352700,0.5002988720037288
352800,0.5003971513116797
352900,0.500495411290432
353000,0.5005936519437871
353100,0.5006918732755461
353200,0.5007900752895089
353300,0.500888257989475
353400,0.5009864213792429
353500,0.5010845654626105
353600,0.5011826902433749
353700,0.5012807957253325
353800,0.5013788819122788
353900,0.5014769488080087
354000,0.5015749964163165
354100,0.5016730247409953
354200,0.5017710337858381
354300,0.5018690235546364
354400,0.5019669940511815
354500,0.5020649452792638
354600,0.502162877242673
354700,0.5022607899451978
354800,0.5023586833906266
354900,0.5024565575827468
355000,0.5025544125253448
355100,0.5026522482222069
355200,0.5027500646771179
355300,0.5028478618938624
355400,0.5029456398762242
355500,0.5030433986279861
355600,0.5031411381529304
355700,0.5032388584548384
355800,0.503336559537491
355900,0.5034342414046682
356000,0.5035319040601489
356100,0.5036295475077119
356200,0.5037271717511348
356300,0.5038247767941946
356400,0.5039223626406677
356500,0.5040199292943295
356600,0.5041174767589547
356700,0.5042150050383173
356800,0.5043125141361908
356900,0.5044100040563475
357000,0.5045074748025595
357100,0.5046049263785976
357200,0.5047023587882321
357300,0.5047997720352329
357400,0.5048971661233683
357500,0.5049945410564068
357600,0.5050918968381157
357700,0.5051892334722616
357800,0.5052865509626103
357900,0.5053838493129269
358000,0.5054811285269758
358100,0.5055783886085208
358200,0.5056756295613247
358300,0.5057728513891495
358400,0.505870054095757
358500,0.5059672376849076
358600,0.5060644021603613
358700,0.5061615475258774
358800,0.5062586737852143
358900,0.5063557809421297
359000,0.5064528690003807
359100,0.5065499379637234
359200,0.5066469878359134
359300,0.5067440186207055
359400,0.5068410303218538
359500,0.5069380229431113
359600,0.5070349964882309
359700,0.5071319509609642
359800,0.5072288863650625
359900,0.507325802704276
360000,0.5074226999823542
360100,0.5075195782030462
360200,0.5076164373701
360300,0.507713277487263
360400,0.507810098558282
360500,0.5079069005869028
360600,0.5080036835768704
360700,0.5081004475319296
360800,0.508197192455824
360900,0.5082939183522965
361000,0.5083906252250894
361100,0.508487313077944
361200,0.5085839819146014
361300,0.5086806317388015
361400,0.5087772625542836
361500,0.5088738743647861
361600,0.5089704671740471
361700,0.5090670409858036
361800,0.5091635958037918
361900,0.5092601316317474
362000,0.5093566484734054
362100,0.5094531463324999
362200,0.5095496252127643
362300,0.5096460851179313
362400,0.5097425260517328
362500,0.5098389480179
362600,0.5099353510201635
362700,0.510031735062253
362800,0.5101281001478974
362900,0.5102244462808251
363000,0.5103207734647637
363100,0.5104170817034397
363200,0.5105133710005796
363300,0.5106096413599086
363400,0.5107058927851512
363500,0.5108021252800314
363600,0.5108983388482723
363700,0.5109945334935964
363800,0.5110907092197252
363900,0.5111868660303798
364000,0.5112830039292805
364100,0.5113791229201465
364200,0.511475223006697
364300,0.5115713041926497
364400,0.511667366481722
364500,0.5117634098776302
364600,0.5118594343840907
364700,0.5119554400048181
364800,0.512051426743527
364900,0.512147394603931
365000,0.5122433435897431
365100,0.5123392737046752
365200,0.5124351849524391
365300,0.5125310773367453
365400,0.5126269508613039
365500,0.5127228055298242
365600,0.5128186413460145
365700,0.512914458313583
365800,0.5130102564362363
365900,0.5131060357176811
366000,0.5132017961616229
366100,0.5132975377717666
366200,0.5133932605518163
366300,0.5134889645054754
366400,0.5135846496364469
366500,0.5136803159484324
366600,0.5137759634451333
366700,0.5138715921302502
366800,0.5139672020074828
366900,0.5140627930805302
367000,0.5141583653530907
367100,0.5142539188288618
367200,0.5143494535115407
367300,0.5144449694048232
367400,0.5145404665124049
367500,0.5146359448379805
367600,0.514731404385244
367700,0.5148268451578886
367800,0.5149222671596068
367900,0.5150176703940903
368000,0.5151130548650305
368100,0.5152084205761173
368200,0.5153037675310406
368300,0.5153990957334893
368400,0.5154944051871514
368500,0.5155896958957145
368600,0.5156849678628652
368700,0.5157802210922897
368800,0.515875455587673
368900,0.5159706713526997
369000,0.5160658683910536
369100,0.5161610467064179
369200,0.516256206302475
369300,0.5163513471829064
369400,0.516446469351393
369500,0.5165415728116153
369600,0.5166366575672523
369700,0.516731723621983
369800,0.5168267709794856
369900,0.5169217996434371
370000,0.5170168096175141
370100,0.5171118009053927
370200,0.5172067735107477
370300,0.5173017274372538
370400,0.5173966626885844
370500,0.5174915792684127
370600,0.5175864771804108
370700,0.5176813564282505
370800,0.5177762170156022
370900,0.5178710589461362
371000,0.5179658822235218
371100,0.5180606868514275
371200,0.5181554728335214
371300,0.5182502401734708
371400,0.5183449888749417
371500,0.5184397189416003
371600,0.5185344303771114
371700,0.5186291231851394
371800,0.5187237973693479
371900,0.5188184529333996
372000,0.5189130898809567
372100,0.5190077082156808
372200,0.5191023079412325
372300,0.5191968890612716
372400,0.5192914515794576
372500,0.5193859954994489
372600,0.5194805208249034
372700,0.5195750275594782
372800,0.5196695157068295
372900,0.5197639852706133
373000,0.5198584362544842
373100,0.5199528686620968
373200,0.5200472824971043
373300,0.5201416777631596
373400,0.5202360544639146
373500,0.520330412603021
373600,0.5204247521841292
373700,0.5205190732108892
373800,0.5206133756869502
373900,0.5207076596159605
374000,0.5208019250015681
374100,0.5208961718474199
374200,0.5209904001571624
374300,0.5210846099344408
374400,0.5211788011829006
374500,0.5212729739061855
374600,0.5213671281079392
374700,0.5214612637918044
374800,0.5215553809614228
374900,0.5216494796204363
375000,0.5217435597724851
375100,0.5218376214212093
375200,0.5219316645702478
375300,0.5220256892232391
375400,0.5221196953838212
375500,0.5222136830556309
375600,0.5223076522423045
375700,0.5224016029474776
375800,0.5224955351747852
375900,0.5225894489278613
376000,0.5226833442103394
376100,0.5227772210258521
376200,0.5228710793780317
376300,0.5229649192705093
376400,0.5230587407069154
376500,0.52315254369088
376600,0.5232463282260323
376700,0.5233400943160007
376800,0.5234338419644129
376900,0.5235275711748959
377000,0.5236212819510759
377100,0.5237149742965788
377200,0.5238086482150293
377300,0.5239023037100514
377400,0.5239959407852688
377500,0.524089559444304
377600,0.5241831596907793
377700,0.5242767415283158
377800,0.5243703049605343
377900,0.5244638499910544
378000,0.5245573766234956
378100,0.524650884861476
378200,0.5247443747086137
378300,0.5248378461685255
378400,0.5249312992448278
378500,0.5250247339411365
378600,0.525118150261066
378700,0.5252115482082307
378800,0.5253049277862443
378900,0.5253982889987192
379000,0.525491631849268
379100,0.5255849563415014
379200,0.5256782624790304
379300,0.525771550265465
379400,0.5258648197044142
379500,0.5259580707994869
379600,0.5260513035542904
379700,0.526144517972432
379800,0.5262377140575182
379900,0.5263308918131546
380000,0.5264240512429461
380100,0.526517192350497
380200,0.526610315139411
380300,0.5267034196132907
380400,0.5267965057757383
380500,0.5268895736303554
380600,0.5269826231807424
380700,0.5270756544304995
380800,0.5271686673832261
380900,0.5272616620425206
381000,0.5273546384119808
381100,0.5274475964952041
381200,0.527540536295787
381300,0.527633457817325
381400,0.5277263610634133
381500,0.5278192460376463
381600,0.5279121127436177
381700,0.5280049611849202
381800,0.5280977913651461
381900,0.528190603287887
382000,0.5282833969567338
382100,0.5283761723752762
382200,0.5284689295471041
382300,0.5285616684758059
382400,0.5286543891649695
382500,0.5287470916181827
382600,0.5288397758390314
382700,0.5289324418311019
382800,0.5290250895979793
382900,0.529117719143248
383000,0.5292103304704918
383100,0.5293029235832936
383200,0.529395498485236
383300,0.5294880551799005
383400,0.529580593670868
383500,0.5296731139617188
383600,0.5297656160560325
383700,0.5298580999573878
383800,0.5299505656693628
383900,0.5300430131955349
384000,0.5301354425394811
384100,0.5302278537047771
384200,0.5303202466949983
384300,0.5304126215137195
384400,0.5305049781645141
384500,0.5305973166509559
384600,0.530689636976617
384700,0.5307819391450692
384800,0.530874223159884
384900,0.5309664890246312
385000,0.5310587367428808
385100,0.5311509663182019
385200,0.5312431777541625
385300,0.5313353710543304
385400,0.5314275462222724
385500,0.5315197032615546
385600,0.5316118421757425
385700,0.5317039629684011
385800,0.5317960656430941
385900,0.5318881502033852
386000,0.5319802166528369
386100,0.5320722649950111
386200,0.5321642952334693
386300,0.532256307371772
386400,0.5323483014134789
386500,0.5324402773621494
386600,0.5325322352213417
386700,0.5326241749946139
386800,0.5327160966855228
386900,0.5328080002976249
387000,0.5328998858344758
387100,0.5329917532996304
387200,0.5330836026966432
387300,0.5331754340290678
387400,0.5332672473004567
387500,0.5333590425143624
387600,0.5334508196743362
387700,0.5335425787839291
387800,0.5336343198466909
387900,0.5337260428661712
388000,0.5338177478459185
388100,0.533909434789481
388200,0.5340011037004058
388300,0.5340927545822396
388400,0.5341843874385284
388500,0.534276002272817
388600,0.5343675990886503
388700,0.534459177889572
388800,0.5345507386791251
388900,0.5346422814608519
389000,0.5347338062382945
389100,0.5348253130149936
389200,0.5349168017944896
389300,0.535008272580322
389400,0.5350997253760301
389500,0.5351911601851518
389600,0.5352825770112246
389700,0.5353739758577856
389800,0.5354653567283707
389900,0.5355567196265154
390000,0.5356480645557546
390100,0.5357393915196222
390200,0.5358307005216516
390300,0.5359219915653756
390400,0.5360132646543259
390500,0.536104519792034
390600,0.5361957569820303
390700,0.5362869762278448
390800,0.5363781775330068
390900,0.5364693609010445
391000,0.536560526335486
391100,0.5366516738398583
391200,0.5367428034176878
391300,0.5368339150725002
391400,0.5369250088078206
391500,0.5370160846271733
391600,0.537107142534082
391700,0.5371981825320695
391800,0.5372892046246582
391900,0.5373802088153696
392000,0.5374711951077247
392100,0.5375621635052436
392200,0.5376531140114457
392300,0.5377440466298498
392400,0.5378349613639741
392500,0.5379258582173361
392600,0.5380167371934521
392700,0.5381075982958388
392800,0.5381984415280108
392900,0.5382892668934833
393000,0.5383800743957701
393100,0.5384708640383844
393200,0.5385616358248386
393300,0.538652389758645
393400,0.5387431258433145
393500,0.5388338440823577
393600,0.5389245444792844
393700,0.5390152270376036
393800,0.5391058917608239
393900,0.5391965386524529
394000,0.5392871677159978
394100,0.5393777789549649
394200,0.5394683723728597
394300,0.5395589479731875
394400,0.5396495057594523
394500,0.5397400457351578
394600,0.5398305679038069
394700,0.539921072268902
394800,0.5400115588339445
394900,0.5401020276024351
395000,0.540192478577874
395100,0.540282911763761
395200,0.5403733271635945
395300,0.5404637247808728
395400,0.5405541046190933
395500,0.5406444666817525
395600,0.5407348109723467
395700,0.5408251374943711
395800,0.5409154462513204
395900,0.5410057372466885
396000,0.5410960104839688
396100,0.5411862659666538
396200,0.5412765036982354
396300,0.5413667236822048
396400,0.5414569259220527
396500,0.5415471104212688
396600,0.5416372771833422
396700,0.5417274262117616
396800,0.5418175575100146
396900,0.5419076710815883
397000,0.5419977669299691
397100,0.542087845058643
397200,0.5421779054710947
397300,0.5422679481708088
397400,0.5423579731612688
397500,0.5424479804459577
397600,0.5425379700283579
397700,0.5426279419119511
397800,0.5427178961002179
397900,0.542807832596639
398000,0.5428977514046935
398100,0.5429876525278607
398200,0.5430775359696185
398300,0.5431674017334446
398400,0.5432572498228156
398500,0.5433470802412079
398600,0.5434368929920969
398700,0.5435266880789572
398800,0.5436164655052631
398900,0.543706225274488
399000,0.5437959673901044
399100,0.5438856918555846
399200,0.5439753986743998
399300,0.5440650878500208
399400,0.5441547593859175
399500,0.5442444132855593
399600,0.5443340495524147
399700,0.5444236681899519
399800,0.5445132692016379
399900,0.5446028525909393
400000,0.5446924183613222
400100,0.5447819665162517
400200,0.5448714970591924
400300,0.544961009993608
400400,0.5450505053229617
400500,0.5451399830507162
400600,0.5452294431803333
400700,0.5453188857152739
400800,0.5454083106589986
400900,0.5454977180149672
401000,0.5455871077866388
401100,0.5456764799774716
401200,0.5457658345909235
401300,0.5458551716304517
401400,0.5459444910995124
401500,0.5460337930015613
401600,0.5461230773400534
401700,0.546212344118443
401800,0.5463015933401838
401900,0.5463908250087288
402000,0.5464800391275304
402100,0.54656923570004
402200,0.5466584147297087
402300,0.5467475762199867
402400,0.5468367201743235
402500,0.5469258465961682
402600,0.5470149554889687
402700,0.5471040468561729
402800,0.5471931207012275
402900,0.5472821770275786
403000,0.5473712158386719
403100,0.5474602371379521
403200,0.5475492409288635
403300,0.5476382272148494
403400,0.5477271959993527
403500,0.5478161472858156
403600,0.5479050810776793
403700,0.5479939973783848
403800,0.5480828961913722
403900,0.5481717775200807
404000,0.5482606413679494
404100,0.5483494877384159
404200,0.5484383166349179
404300,0.5485271280608921
404400,0.5486159220197746
404500,0.5487046985150004
404600,0.5487934575500046
404700,0.548882199128221
404800,0.5489709232530829
404900,0.5490596299280232
405000,0.5491483191564736
405100,0.5492369909418655
405200,0.5493256452876296
405300,0.5494142821971959
405400,0.5495029016739934
405500,0.5495915037214512
405600,0.5496800883429968
405700,0.5497686555420576
405800,0.5498572053220602
405900,0.5499457376864305
406000,0.5500342526385937
406100,0.5501227501819745
406200,0.5502112303199967
406300,0.5502996930560836
406400,0.5503881383936576
406500,0.5504765663361407
406600,0.550564976886954
406700,0.5506533700495182
406800,0.5507417458272529
406900,0.5508301042235775
407000,0.5509184452419104
407100,0.5510067688856695
407200,0.5510950751582717
407300,0.551183364063134
407400,0.5512716356036718
407500,0.5513598897833004
407600,0.5514481266054343
407700,0.5515363460734872
407800,0.5516245481908724
407900,0.5517127329610023
408000,0.5518009003872886
408100,0.5518890504731424
408200,0.5519771832219743
408300,0.5520652986371941
408400,0.5521533967222108
408500,0.5522414774804327
408600,0.5523295409152678
408700,0.5524175870301231
408800,0.5525056158284052
408900,0.5525936273135196
409000,0.5526816214888715
409100,0.5527695983578653
409200,0.5528575579239048
409300,0.5529455001903929
409400,0.5530334251607323
409500,0.5531213328383247
409600,0.5532092232265708
409700,0.5532970963288715
409800,0.553384952148626
409900,0.5534727906892339
410000,0.5535606119540933
410100,0.553648415946602
410200,0.5537362026701571
410300,0.5538239721281548
410400,0.553911724323991
410500,0.5539994592610609
410600,0.5540871769427586
410700,0.5541748773724778
410800,0.5542625605536118
410900,0.5543502264895529
411000,0.5544378751836927
411100,0.5545255066394223
411200,0.5546131208601324
411300,0.5547007178492122
411400,0.554788297610051
411500,0.5548758601460372
411600,0.5549634054605586
411700,0.555050933557002
411800,0.5551384444387539
411900,0.5552259381092002
412000,0.5553134145717258
412100,0.5554008738297149
412200,0.5554883158865516
412300,0.5555757407456188
412400,0.5556631484102987
412500,0.5557505388839732
412600,0.5558379121700234
412700,0.5559252682718298
412800,0.5560126071927718
412900,0.5560999289362287
413000,0.5561872335055789
413100,0.5562745209042
413200,0.5563617911354692
413300,0.5564490442027629
413400,0.5565362801094568
413500,0.5566234988589259
413600,0.5567107004545448
413700,0.5567978848996872
413800,0.5568850521977261
413900,0.556972202352034
414000,0.5570593353659826
414100,0.5571464512429432
414200,0.5572335499862859
414300,0.5573206315993807
414400,0.5574076960855967
414500,0.5574947434483024
414600,0.5575817736908654
414700,0.5576687868166529
414800,0.5577557828290314
414900,0.5578427617313668
415000,0.5579297235270241
415100,0.5580166682193677
415200,0.5581035958117617
415300,0.558190506307569
415400,0.558277399710152
415500,0.5583642760228729
415600,0.5584511352490926
415700,0.5585379773921717
415800,0.5586248024554699
415900,0.5587116104423466
416000,0.5587984013561602
416100,0.5588851752002686
416200,0.5589719319780291
416300,0.559058671692798
416400,0.5591453943479314
416500,0.5592320999467844
416600,0.5593187884927115
416700,0.559405459989067
416800,0.5594921144392038
416900,0.5595787518464743
417000,0.5596653722142308
417100,0.5597519755458246
417200,0.559838561844606
417300,0.5599251311139252
417400,0.5600116833571313
417500,0.5600982185775729
417600,0.5601847367785984
417700,0.5602712379635546
417800,0.5603577221357883
417900,0.5604441892986456
418000,0.5605306394554719
418100,0.5606170726096117
418200,0.5607034887644091
418300,0.5607898879232075
418400,0.5608762700893495
418500,0.5609626352661773
418600,0.5610489834570322
418700,0.5611353146652549
418800,0.5612216288941856
418900,0.5613079261471636
419000,0.5613942064275277
419100,0.5614804697386162
419200,0.5615667160837662
419300,0.5616529454663147
419400,0.5617391578895978
419500,0.5618253533569512
419600,0.5619115318717094
419700,0.5619976934372066
419800,0.5620838380567765
419900,0.5621699657337519
420000,0.5622560764714649
420100,0.5623421702732472
420200,0.5624282471424296
420300,0.5625143070823424
420400,0.562600350096315
420500,0.5626863761876766
420600,0.5627723853597554
420700,0.5628583776158789
420800,0.5629443529593742
420900,0.5630303113935675
421000,0.5631162529217845
421100,0.5632021775473501
421200,0.5632880852735889
421300,0.5633739761038244
421400,0.5634598500413797
421500,0.5635457070895773
421600,0.5636315472517386
421700,0.563717370531185
421800,0.5638031769312368
421900,0.5638889664552138
422000,0.5639747391064351
422100,0.5640604948882193
422200,0.5641462338038841
422300,0.5642319558567466
422400,0.5643176610501233
422500,0.5644033493873302
422600,0.5644890208716824
422700,0.5645746755064946
422800,0.5646603132950806
422900,0.5647459342407536
423000,0.5648315383468263
423100,0.5649171256166106
423200,0.5650026960534178
423300,0.5650882496605585
423400,0.5651737864413428
423500,0.5652593063990798
423600,0.5653448095370787
423700,0.565430295858647
423800,0.5655157653670924
423900,0.5656012180657215
424000,0.5656866539578405
424100,0.5657720730467547
424200,0.565857475335769
424300,0.5659428608281876
424400,0.5660282295273138
424500,0.5661135814364505
424600,0.5661989165589001
424700,0.5662842348979638
424800,0.5663695364569428
424900,0.5664548212391372
425000,0.5665400892478465
425100,0.5666253404863697
425200,0.5667105749580053
425300,0.5667957926660507
425400,0.5668809936138031
425500,0.5669661778045587
425600,0.5670513452416133
425700,0.5671364959282618
425800,0.5672216298677987
425900,0.5673067470635178
426000,0.5673918475187121
426100,0.5674769312366742
426200,0.5675619982206959
426300,0.5676470484740682
426400,0.5677320820000817
426500,0.5678170988020266
426600,0.5679020988831915
426700,0.5679870822468656
426800,0.5680720488963363
426900,0.5681569988348912
427000,0.568241932065817
427100,0.5683268485923995
427200,0.5684117484179241
427300,0.5684966315456754
427400,0.5685814979789376
427500,0.5686663477209941
427600,0.5687511807751278
427700,0.5688359971446204
427800,0.5689207968327539
427900,0.5690055798428086
428000,0.569090346178065
428100,0.5691750958418027
428200,0.5692598288373003
428300,0.5693445451678363
428400,0.569429244836688
428500,0.5695139278471328
428600,0.5695985942024466
428700,0.5696832439059054
428800,0.569767876960784
428900,0.5698524933703568
429000,0.5699370931378976
429100,0.5700216762666794
429200,0.5701062427599749
429300,0.5701907926210557
429400,0.5702753258531927
429500,0.570359842459657
429600,0.570444342443718
429700,0.5705288258086452
429800,0.570613292557707
429900,0.5706977426941715
430000,0.5707821762213059
430100,0.570866593142377
430200,0.5709509934606506
430300,0.5710353771793921
430400,0.5711197443018665
430500,0.5712040948313377
430600,0.5712884287710691
430700,0.5713727461243235
430800,0.5714570468943633
430900,0.5715413310844497
431000,0.5716255986978438
431100,0.5717098497378057
431200,0.5717940842075953
431300,0.5718783021104711
431400,0.5719625034496917
431500,0.5720466882285148
431600,0.5721308564501972
431700,0.5722150081179956
431800,0.5722991432351656
431900,0.5723832618049624
432000,0.5724673638306403
432100,0.5725514493154532
432200,0.5726355182626544
432300,0.5727195706754964
432400,0.5728036065572311
432500,0.5728876259111098
432600,0.572971628740383
432700,0.5730556150483008
432800,0.5731395848381126
432900,0.573223538113067
433000,0.5733074748764123
433100,0.5733913951313958
433200,0.5734752988812643
433300,0.5735591861292638
433400,0.5736430568786401
433500,0.573726911132638
433600,0.5738107488945017
433700,0.5738945701674749
433800,0.5739783749548004
433900,0.5740621632597207
434000,0.5741459350854774
434100,0.5742296904353116
434200,0.5743134293124637
434300,0.5743971517201736
434400,0.5744808576616802
434500,0.5745645471402222
434600,0.5746482201590375
434700,0.5747318767213632
434800,0.5748155168304359
434900,0.5748991404894918
435000,0.5749827477017659
435100,0.575066338470493
435200,0.5751499127989075
435300,0.5752334706902422
435400,0.5753170121477303
435500,0.5754005371746039
435600,0.5754840457740944
435700,0.5755675379494327
435800,0.5756510137038492
435900,0.5757344730405733
436000,0.575817915962834
436100,0.5759013424738597
436200,0.5759847525768781
436300,0.5760681462751163
436400,0.5761515235718006
436500,0.5762348844701568
436600,0.5763182289734101
436700,0.5764015570847851
436800,0.5764848688075057
436900,0.5765681641447951
437000,0.5766514430998759
437100,0.5767347056759702
437200,0.5768179518762991
437300,0.5769011817040837
437400,0.5769843951625437
437500,0.5770675922548988
437600,0.5771507729843677
437700,0.5772339373541687
437800,0.5773170853675194
437900,0.5774002170276366
438000,0.5774833323377365
438100,0.5775664313010349
438200,0.5776495139207469
438300,0.5777325802000868
438400,0.5778156301422683
438500,0.5778986637505048
438600,0.5779816810280083
438700,0.5780646819779911
438800,0.5781476666036643
438900,0.5782306349082386
439000,0.5783135868949236
439100,0.5783965225669292
439200,0.5784794419274637
439300,0.5785623449797352
439400,0.5786452317269514
439500,0.5787281021723188
439600,0.5788109563190439
439700,0.578893794170332
439800,0.5789766157293881
439900,0.5790594209994167
440000,0.579142209983621
440100,0.5792249826852045
440200,0.5793077391073693
440300,0.5793904792533174
440400,0.5794732031262498
440500,0.5795559107293671
440600,0.579638602065869
440700,0.579721277138955
440800,0.5798039359518237
440900,0.5798865785076728
441000,0.5799692048097
441100,0.5800518148611019
441200,0.5801344086650746
441300,0.5802169862248137
441400,0.580299547543514
441500,0.5803820926243696
441600,0.5804646214705742
441700,0.5805471340853208
441800,0.5806296304718017
441900,0.5807121106332086
442000,0.5807945745727325
442100,0.5808770222935642
442200,0.5809594537988931
442300,0.5810418690919086
442400,0.5811242681757993
442500,0.5812066510537531
442600,0.5812890177289574
442700,0.5813713682045989
442800,0.5814537024838634
442900,0.5815360205699367
443000,0.5816183224660034
443100,0.5817006081752477
443200,0.5817828777008534
443300,0.581865131046003
443400,0.5819473682138792
443500,0.5820295892076635
443600,0.5821117940305369
443700,0.5821939826856801
443800,0.5822761551762726
443900,0.5823583115054938
444000,0.5824404516765223
444100,0.5825225756925356
444200,0.5826046835567116
444300,0.5826867752722266
444400,0.5827688508422567
444500,0.5828509102699775
444600,0.5829329535585636
444700,0.5830149807111893
444800,0.5830969917310281
444900,0.583178986621253
445000,0.5832609653850362
445100,0.5833429280255497
445200,0.5834248745459643
445300,0.5835068049494503
445400,0.5835887192391778
445500,0.5836706174183157
445600,0.5837524994900329
445700,0.5838343654574972
445800,0.5839162153238759
445900,0.5839980490923358
446000,0.5840798667660427
446100,0.5841616683481624
446200,0.5842434538418595
446300,0.5843252232502985
446400,0.5844069765766425
446500,0.5844887138240549
446600,0.5845704349956978
446700,0.5846521400947331
446800,0.5847338291243218
446900,0.5848155020876242
447000,0.5848971589878005
447100,0.5849787998280098
447200,0.5850604246114106
447300,0.585142033341161
447400,0.5852236260204184
447500,0.5853052026523395
447600,0.5853867632400804
447700,0.5854683077867966
447800,0.5855498362956431
447900,0.585631348769774
448000,0.5857128452123431
