x,y
0,0.0
100,9.83428762629801e-05
200,0.00019667608120466085
300,0.0002949996157761703
400,0.00039331348092852547
500,0.0004916176776125214
600,0.0005899122067791751
700,0.0006881970693790596
800,0.0007864722663627477
900,0.0008847377986810345
1000,0.000982993667284271
1100,0.0010812398731226969
1200,0.0011794764171466632
1300,0.0012777033003062988
1400,0.0013759205235517324
1500,0.001474128087832982
1600,0.0015723259940998435
1700,0.0016705142433022235
1800,0.0017686928363896959
1900,0.0018668617743120564
2000,0.0019650210580185457
2100,0.0020631706884588485
2200,0.0021613106665820947
2300,0.002259440993337747
2400,0.0023575616696747126
2500,0.0024556726965421216
2600,0.0025537740748891036
2700,0.002651865805664233
2800,0.0027499478898164176
2900,0.002848020328294454
3000,0.0029460831220466943
3100,0.0030441362720218246
3200,0.003142179779168086
3300,0.0032402136444339424
3400,0.003338237868767413
3500,0.0034362524531168503
3600,0.003534257398430052
3700,0.003632252705655037
3800,0.003730238375739714
3900,0.0038282144096316584
4000,0.003926180808278779
4100,0.004024137572628317
4200,0.0041220847036279595
4300,0.00422002220222506
4400,0.00431795006936686
4500,0.004415868306000492
4600,0.0045137769130730865
4700,0.004611675891531664
4800,0.004709565242323133
4900,0.004807444966394292
5000,0.004905315064691829
5100,0.00500317553816243
5200,0.005101026387752561
5300,0.0051988676144087975
5400,0.005296699219077272
5500,0.00539452120270445
5600,0.0054923335662362405
5700,0.005590136310618998
5800,0.005687929436798522
5900,0.005785712945720833
6000,0.005883486838331509
6100,0.005981251115576347
6200,0.0060790057784010365
6300,0.006176750827751043
6400,0.006274486264571721
6500,0.006372212089808427
6600,0.006469928304406292
6700,0.006567634909310671
6800,0.006665331905466476
6900,0.006763019293818728
7000,0.006860697075312117
7100,0.006958365250891663
7200,0.007056023821501722
7300,0.007153672788087206
7400,0.0072513121515924706
7500,0.0073489419129617595
7600,0.00744656207313954
7700,0.0075441726330700565
7800,0.007641773593697332
7900,0.007739364955965389
8000,0.00783694672081825
8100,0.007934518889199604
8200,0.008032081462053253
8300,0.008129634440322997
8400,0.008227177824952192
8500,0.008324711616884306
8600,0.008422235817062917
8700,0.00851975042643116
8800,0.00861725544593217
8900,0.008714750876509192
9000,0.008812236719105027
9100,0.008909712974662809
9200,0.00900717964412523
9300,0.00910463672843509
9400,0.009202084228534857
9500,0.009299522145367223
9600,0.009396950479874655
9700,0.0094943692329994
9800,0.009591778405683704
9900,0.009689177998869813
10000,0.009786568013499863
10100,0.009883948450515656
10200,0.009981319310859216
10300,0.010078680595472345
10400,0.010176032305296734
10500,0.010273374441273853
10600,0.010370707004345392
10700,0.01046802999545271
10800,0.010565343415537165
10900,0.010662647265540004
11000,0.010759941546402363
11100,0.010857226259065378
11200,0.010954501404469852
11300,0.011051766983556699
11400,0.011149022997266722
11500,0.011246269446540724
11600,0.011343506332319175
11700,0.011440733655542545
11800,0.011537951417151304
11900,0.01163515961808581
12000,0.011732358259286202
12100,0.011829547341692614
12200,0.011926726866245185
12300,0.01202389683388383
12400,0.01212105724554835
12500,0.01221820810217844
12600,0.012315349404713904
12700,0.012412481154094324
12800,0.012509603351259058
12900,0.012606715997147688
13000,0.012703819092699242
13100,0.01280091263885319
13200,0.012897996636548559
13300,0.012995071086724264
13400,0.013092135990319442
13500,0.013189191348272677
13600,0.013286237161522996
13700,0.013383273431008869
13800,0.013480300157668879
13900,0.013577317342441497
14000,0.013674324986265085
14100,0.013771323090078003
14200,0.013868311654818388
14300,0.01396529068142438
14400,0.014062260170834007
14500,0.014159220123985072
14600,0.014256170541815383
14700,0.014353111425262854
14800,0.01445004277526507
14900,0.014546964592759393
15000,0.014643876878683515
15100,0.014740779633974577
15200,0.01483767285957005
15300,0.014934556556407075
15400,0.015031430725422568
15500,0.015128295367553779
15600,0.015225150483737404
15700,0.015321996074910249
15800,0.015418832142009231
15900,0.015515658685970823
16000,0.015612475707731499
16100,0.015709283208227842
16200,0.015806081188396104
16300,0.015902869649172646
16400,0.01599964859149361
16500,0.01609641801629491
16600,0.01619317792451269
16700,0.016289928317082758
16800,0.016386669194940917
16900,0.016483400559022976
17000,0.01658012241026441
17100,0.01667683474960091
17200,0.016773537577967623
17300,0.01687023089630013
17400,0.016966914705533576
17500,0.017063589006603208
17600,0.017160253800443948
17700,0.017256909087990824
17800,0.017353554870178756
17900,0.01745019114794244
18000,0.017546817922216684
18100,0.017643435193935963
18200,0.017740042964034863
18300,0.017836641233447748
18400,0.01793323000310898
18500,0.018029809273952813
18600,0.018126379046913388
18700,0.018222939322924736
18800,0.018319490102920777
18900,0.01841603138783543
19000,0.018512563178602393
19100,0.018609085476155363
19200,0.018705598281428037
19300,0.018802101595353893
19400,0.018898595418866293
19500,0.01899507975289849
19600,0.019091554598383742
19700,0.019188019956255187
19800,0.019284475827445968
19900,0.019380922212888896
20000,0.01947735911351689
20100,0.01957378653026265
20200,0.019670204464058982
20300,0.019766612915838255
20400,0.019863011886533166
20500,0.01995940137707608
20600,0.02005578138839914
20700,0.020152151921434824
20800,0.02024851297711494
20900,0.020344864556371745
21000,0.020441206660137157
21100,0.020537539289342877
21200,0.020633862444920825
21300,0.020730176127802702
21400,0.020826480338919873
21500,0.020922775079203926
21600,0.021019060349586227
21700,0.021115336150998143
21800,0.021211602484370817
21900,0.021307859350635394
22000,0.021404106750722796
22100,0.021500344685564166
22200,0.021596573156090204
22300,0.02169279216323161
22400,0.021789001707919087
22500,0.02188520179108333
22600,0.0219813924136546
22700,0.02207757357656337
22800,0.02217374528074001
22900,0.022269907527114552
23000,0.022366060316617253
23100,0.022462203650178147
23200,0.022558337528726935
23300,0.02265446195319365
23400,0.022750576924508104
23500,0.022846682443599664
23600,0.022942778511398143
23700,0.02303886512883291
23800,0.023134942296833327
23900,0.023231010016328657
24000,0.023327068288248265
24100,0.023423117113520964
24200,0.02351915649307601
24300,0.023615186427842216
24400,0.023711206918748506
24500,0.02380721796672347
24600,0.02390321957269581
24700,0.023999211737594117
24800,0.02409519446234676
24900,0.024191167747882325
25000,0.024287131595128852
25100,0.024383086005014598
25200,0.02447903097846771
25300,0.02457496651641622
25400,0.024670892619787943
25500,0.024766809289510805
25600,0.024862716526512396
25700,0.02495861433172053
25800,0.025054502706062576
25900,0.025150381650466236
26000,0.025246251165858546
26100,0.0253421112531671
26200,0.02543796191331893
26300,0.025533803147241074
26400,0.02562963495586068
26500,0.025725457340104563
26600,0.025821270300899646
26700,0.025917073839172522
26800,0.026012867955849894
26900,0.026108652651858244
27000,0.026204427928124163
27100,0.02630019378557391
27200,0.026395950225133746
27300,0.02649169724772993
27400,0.026587434854288605
27500,0.02668316304573559
27600,0.026778881822996925
27700,0.02687459118699831
27800,0.02697029113866567
27900,0.027065981678924378
28000,0.02716166280870025
28100,0.027257334528918653
28200,0.02735299684050474
28300,0.0274486497443841
28400,0.027544293241481776
28500,0.027639927332722802
28600,0.027735552019032217
28700,0.027831167301334947
28800,0.02792677318055581
28900,0.028022369657619506
29000,0.028117956733450633
29100,0.028213534408973895
29200,0.028309102685113552
29300,0.028404661562794087
29400,0.02850021104293976
29500,0.028595751126474722
29600,0.028691281814323122
29700,0.028786803107408887
29800,0.028882315006655834
29900,0.028977817512988002
30000,0.029073310627328985
30100,0.02916879435060238
30200,0.029264268683731887
30300,0.029359733627640883
30400,0.029455189183252628
30500,0.029550635351490495
30600,0.029646072133277634
30700,0.029741499529537196
30800,0.02983691754119211
30900,0.029932326169165302
31000,0.03002772541437959
31100,0.030123115277757795
31200,0.030218495760222397
31300,0.030313866862695993
31400,0.030409228586101067
31500,0.030504580931359992
31600,0.030599923899395032
31700,0.030695257491128336
31800,0.030790581707482056
31900,0.030885896549378233
32000,0.030981202017738574
32100,0.031076498113485118
32200,0.031171784837539462
32300,0.031267062190823314
32400,0.03136233017425816
32500,0.03145758878876559
32600,0.03155283803526676
32700,0.03164807791468316
32800,0.031743308427935935
32900,0.03183852957594602
33000,0.03193374135963456
33100,0.03202894377992238
33200,0.03212413683773052
33300,0.03221932053397947
33400,0.03231449486958993
33500,0.0324096598454825
33600,0.03250481546257755
33700,0.03259996172179558
33800,0.03269509862405684
33900,0.03279022617028149
34000,0.03288534436138957
34100,0.03298045319830123
34200,0.03307555268193629
34300,0.03317064281321458
34400,0.03326572359305591
34500,0.03336079502237976
34600,0.03345585710210586
34700,0.033550909833153675
34800,0.03364595321644248
34900,0.03374098725289154
35000,0.03383601194342012
35100,0.03393102728894737
35200,0.03402603329039222
35300,0.03412102994867372
35400,0.034216017264710574
35500,0.03431099523942149
35600,0.03440596387372519
35700,0.034500923168540254
35800,0.03459587312478518
35900,0.034690813743378346
36000,0.0347857450252379
36100,0.034880666971282226
36200,0.03497557958242925
36300,0.03507048285959724
36400,0.03516537680370391
36500,0.03526026141566718
36600,0.035355136696404776
36700,0.0354500026468344
36800,0.03554485926787365
36900,0.03563970656043991
37000,0.03573454452545055
37100,0.035829373163823064
37200,0.03592419247647438
37300,0.03601900246432188
37400,0.036113803128282496
37500,0.03620859446927305
37600,0.03630337648821058
37700,0.0363981491860117
37800,0.036492912563593105
37900,0.036587666621871406
38000,0.03668241136176309
38100,0.03677714678418453
38200,0.036871872890052004
38300,0.03696658968028188
38400,0.037061297155790096
38500,0.03715599531749281
38600,0.037250684166305836
38700,0.03734536370314523
38800,0.037440033928926586
38900,0.03753469484456562
39000,0.03762934645097804
39100,0.03772398874907912
39200,0.03781862173978445
39300,0.03791324542400931
39400,0.03800785980266885
39500,0.038102464876678344
39600,0.03819706064695261
39700,0.0382916471144068
39800,0.03838622427995575
39900,0.038480792144514275
40000,0.03857535070899687
40100,0.038669899974318356
40200,0.038764439941393114
40300,0.038858970611135524
40400,0.038953491984460076
40500,0.03904800406228082
40600,0.039142506845512126
40700,0.03923700033506783
40800,0.03933148453186197
40900,0.03942595943680838
41000,0.039520425050820984
41100,0.03961488137481339
41200,0.03970932840969921
41300,0.03980376615639192
41400,0.039898194615805016
41500,0.03999261378885188
41600,0.040087023676445566
41700,0.040181424279499445
41800,0.04027581559892646
41900,0.04037019763563965
42000,0.040464570390551846
42100,0.040558933864575986
42200,0.04065328805862456
42300,0.04074763297361039
42400,0.04084196861044587
42500,0.040936294970043474
42600,0.041030612053315596
42700,0.0411249198611745
42800,0.04121921839453224
42900,0.041313507654301085
43000,0.04140778764139286
43100,0.04150205835671961
43200,0.04159631980119294
43300,0.04169057197572479
43400,0.04178481488122665
43500,0.04187904851861013
43600,0.04197327288878672
43700,0.042067487992667685
43800,0.042161693831164304
43900,0.042255890405187846
44000,0.04235007771564936
44100,0.042444255763460004
44200,0.042538424549530385
44300,0.04263258407477155
44400,0.04272673434009411
44500,0.04282087534640877
44600,0.042915007094626145
44700,0.043009129585656614
44800,0.04310324282041067
44900,0.043197346799798475
45000,0.0432914415247303
45100,0.0433855269961162
45200,0.043479603214866214
45300,0.04357367018189029
45400,0.04366772789809836
45500,0.04376177636439993
45600,0.04385581558170493
45700,0.04394984555092285
45800,0.044043866272963084
45900,0.04413787774873501
46000,0.044231879979148125
46100,0.04432587296511148
46200,0.04441985670753423
46300,0.04451383120732544
46400,0.044607796465394034
46500,0.04470175248264896
46600,0.04479569925999882
46700,0.04488963679835234
46800,0.04498356509861823
46900,0.04507748416170487
47000,0.04517139398852077
47100,0.04526529457997419
47200,0.0453591859369733
47300,0.04545306806042637
47400,0.045546940951241344
47500,0.04564080461032627
47600,0.045734659038588976
47700,0.045828504236937184
47800,0.04592234020627872
47900,0.0460161669475212
48000,0.046109984461571996
48100,0.04620379274933861
48200,0.04629759181172832
48300,0.04639138164964862
48400,0.04648516226400634
48500,0.046578933655708754
48600,0.04667269582566291
48700,0.046766448774775427
48800,0.046860192503953346
48900,0.04695392701410328
49000,0.04704765230613195
49100,0.047141368380945736
49200,0.04723507523945125
49300,0.04732877288255466
49400,0.047422461311162456
49500,0.047516140526180695
49600,0.04760981052851543
49700,0.04770347131907271
49800,0.04779712289875848
49900,0.047890765268478575
50000,0.04798439842913871
50100,0.04807802238164438
50200,0.04817163712690142
50300,0.04826524266581511
50400,0.04835883899929083
50500,0.04845242612823386
50600,0.048546004053549585
50700,0.048639572776142836
50800,0.04873313229691889
50900,0.04882668261678258
51000,0.048920223736638624
51100,0.049013755657391966
51200,0.04910727837994722
51300,0.049200791905208874
51400,0.04929429623408155
51500,0.049387791367469513
51600,0.04948127730627727
51700,0.049574754051408765
51800,0.04966822160376838
51900,0.049761679964260064
52000,0.049855129133787646
52100,0.04994856911325518
52200,0.05004199990356639
52300,0.050135421505625
52400,0.050228833920334504
52500,0.0503222371485984
52600,0.05041563119132031
52700,0.05050901604940339
52800,0.05060239172375092
52900,0.05069575821526595
53000,0.05078911552485177
53100,0.0508824636534112
53200,0.0509758026018472
53300,0.05106913237106259
53400,0.05116245296195998
53500,0.0512557643754421
53600,0.05134906661241134
53700,0.05144235967377031
53800,0.051535643560421285
53900,0.05162891827326643
54000,0.051722183813208145
54100,0.051815440181148364
54200,0.05190868737798915
54300,0.05200192540463244
54400,0.05209515426197997
54500,0.05218837395093345
54600,0.052281584472394615
54700,0.05237478582726507
54800,0.052467978016446204
54900,0.05256116104083941
55000,0.05265433490134597
55100,0.05274749959886704
55200,0.052840655134303804
55300,0.05293380150855731
55400,0.053026938722528505
55500,0.05312006677711811
55600,0.05321318567322697
55700,0.0533062954117558
55800,0.0533993959936051
55900,0.05349248741967538
56000,0.05358556969086714
56100,0.053678642808080546
56200,0.05377170677221588
56300,0.053864761584173415
56400,0.053957807244852996
56500,0.05405084375515479
56600,0.054143871115978404
56700,0.0542368893282239
56800,0.05432989839279079
56900,0.05442289831057889
57000,0.05451588908248739
57100,0.054608870709416
57200,0.05470184319226401
57300,0.054794806531930695
57400,0.054887760729315005
57500,0.05498070578531633
57600,0.0550736417008334
57700,0.055166568476765376
57800,0.05525948611401077
57900,0.055352394613468525
58000,0.05544529397603726
58100,0.05553818420261547
58200,0.055631065294101556
58300,0.05572393725139391
58400,0.055816800075391027
58500,0.05590965376699075
58600,0.05600249832709148
58700,0.05609533375659115
58800,0.056188160056387604
58900,0.05628097722737879
59000,0.05637378527046233
59100,0.05646658418653605
59200,0.05655937397649746
59300,0.05665215464124396
59400,0.05674492618167304
59500,0.0568376885986821
59600,0.05693044189316809
59700,0.05702318606602852
59800,0.05711592111816011
59900,0.057208647050459915
60000,0.057301363863824895
60100,0.05739407155915177
60200,0.05748677013733727
60300,0.057579459599277905
60400,0.05767213994587028
60500,0.0577648111780108
60600,0.05785747329659574
60700,0.0579501263025215
60800,0.058042770196684135
60900,0.05813540497997971
61000,0.058228030653304286
61100,0.0583206472175537
61200,0.058413254673623904
61300,0.0585058530224104
61400,0.058598442264809036
61500,0.0586910224017152
61600,0.058783593434024395
61700,0.05887615536263202
61800,0.05896870818843336
61900,0.0590612519123237
62000,0.05915378653519787
62100,0.05924631205795128
62200,0.059338828481478534
62300,0.05943133580667459
62400,0.059523834034434175
62500,0.05961632316565213
62600,0.05970880320122274
62700,0.05980127414204084
62800,0.059893735989000496
62900,0.059986188742996216
63000,0.06007863240492217
63100,0.06017106697567254
63200,0.060263492456141377
63300,0.06035590884722264
63400,0.060448316149810166
63500,0.0605407143647978
63600,0.060633103493079155
63700,0.06072548353554785
63800,0.06081785449309762
63900,0.06091021636662164
64000,0.0610025691570133
64100,0.061094912865165996
64200,0.06118724749197291
64300,0.06127957303832687
64400,0.06137188950512118
64500,0.06146419689324856
64600,0.06155649520360196
64700,0.061648784437074
64800,0.061741064594557304
64900,0.0618333356769446
65000,0.061925597685128175
65100,0.062017850620000536
65200,0.06211009448245397
65300,0.06220232927338065
65400,0.062294554993672646
65500,0.06238677164422202
65600,0.06247897922592083
65700,0.06257117773966081
65800,0.06266336718633381
65900,0.06275554756683133
66000,0.06284771888204521
66100,0.06293988113286675
66200,0.06303203432018756
66300,0.06312417844489882
66400,0.06321631350789181
66500,0.06330843951005771
66600,0.0634005564522876
66700,0.06349266433547252
66800,0.0635847631605031
66900,0.06367685292827041
67000,0.06376893363966518
67100,0.06386100529557781
67200,0.06395306789689903
67300,0.06404512144451924
67400,0.06413716593932883
67500,0.06422920138221799
67600,0.064321227774077
67700,0.06441324511579594
67800,0.06450525340826485
67900,0.0645972526523737
68000,0.06468924284901212
68100,0.06478122399907016
68200,0.06487319610343723
68300,0.06496515916300305
68400,0.06505711317865714
68500,0.0651490581512888
68600,0.0652409940817874
68700,0.06533292097104215
68800,0.06542483881994221
68900,0.06551674762937665
69000,0.06560864740023442
69100,0.06570053813340437
69200,0.06579241982977535
69300,0.06588429249023597
69400,0.06597615611567498
69500,0.06606801070698087
69600,0.06615985626504195
69700,0.06625169279074672
69800,0.06634352028498347
69900,0.06643533874864016
70000,0.06652714818260519
70100,0.0666189485877664
70200,0.06671073996501165
70300,0.06680252231522887
70400,0.06689429563930582
70500,0.06698605993813012
70600,0.06707781521258926
70700,0.06716956146357078
70800,0.06726129869196218
70900,0.06735302689865064
71000,0.06744474608452344
71100,0.06753645625046767
71200,0.06762815739737049
71300,0.06771984952611865
71400,0.0678115326375992
71500,0.06790320673269878
71600,0.06799487181230424
71700,0.06808652787730218
71800,0.06817817492857892
71900,0.06826981296702117
72000,0.06836144199351502
72100,0.06845306200894696
72200,0.06854467301420297
72300,0.06863627501016933
72400,0.0687278679977319
72500,0.06881945197777661
72600,0.06891102695118922
72700,0.06900259291885569
72800,0.0690941498816614
72900,0.06918569784049211
73000,0.06927723679623332
73100,0.06936876674977022
73200,0.0694602877019882
73300,0.06955179965377256
73400,0.06964330260600837
73500,0.0697347965595807
73600,0.0698262815153744
73700,0.06991775747427453
73800,0.07000922443716562
73900,0.07010068240493261
74000,0.07019213137845992
74100,0.07028357135863217
74200,0.07037500234633376
74300,0.07046642434244899
74400,0.07055783734786225
74500,0.07064924136345752
74600,0.07074063639011907
74700,0.07083202242873088
74800,0.07092339948017667
74900,0.07101476754534053
75000,0.07110612662510596
75100,0.0711974767203567
75200,0.07128881783197638
75300,0.07138014996084852
75400,0.07147147310785629
75500,0.0715627872738831
75600,0.07165409245981225
75700,0.07174538866652669
75800,0.07183667589490972
75900,0.07192795414584396
76000,0.07201922342021261
76100,0.07211048371889828
76200,0.07220173504278371
76300,0.07229297739275142
76400,0.07238421076968404
76500,0.07247543517446398
76600,0.07256665060797352
76700,0.07265785707109496
76800,0.07274905456471048
76900,0.07284024308970216
77000,0.07293142264695207
77100,0.07302259323734206
77200,0.07311375486175398
77300,0.07320490752106945
77400,0.07329605121617033
77500,0.07338718594793803
77600,0.07347831171725405
77700,0.07356942852499992
77800,0.07366053637205672
77900,0.07375163525930584
78000,0.07384272518762836
78100,0.07393380615790535
78200,0.07402487817101777
78300,0.07411594122784637
78400,0.07420699532927211
78500,0.07429804047617561
78600,0.0743890766694375
78700,0.07448010390993831
78800,0.07457112219855855
78900,0.0746621315361784
79000,0.07475313192367816
79100,0.07484412336193813
79200,0.07493510585183838
79300,0.07502607939425887
79400,0.07511704399007957
79500,0.07520799964018021
79600,0.07529894634544065
79700,0.07538988410674052
79800,0.07548081292495934
79900,0.07557173280097662
80000,0.07566264373567178
80100,0.07575354572992421
80200,0.075844438784613
80300,0.07593532290061744
80400,0.0760261980788165
80500,0.07611706432008902
80600,0.0762079216253142
80700,0.07629876999537055
80800,0.07638960943113682
80900,0.07648043993349185
81000,0.07657126150331395
81100,0.07666207414148163
81200,0.0767528778488733
81300,0.07684367262636715
81400,0.0769344584748416
81500,0.07702523539517436
81600,0.07711600338824387
81700,0.07720676245492775
81800,0.07729751259610407
81900,0.07738825381265035
82000,0.07747898610544446
82100,0.0775697094753639
82200,0.07766042392328631
82300,0.07775112945008888
82400,0.07784182605664913
82500,0.07793251374384413
82600,0.07802319251255119
82700,0.07811386236364737
82800,0.07820452329800953
82900,0.07829517531651464
83000,0.07838581842003944
83100,0.0784764526094609
83200,0.07856707788565531
83300,0.07865769424949953
83400,0.07874830170186986
83500,0.0788389002436427
83600,0.07892948987569437
83700,0.07902007059890104
83800,0.07911064241413879
83900,0.07920120532228381
84000,0.07929175932421195
84100,0.07938230442079908
84200,0.07947284061292104
84300,0.07956336790145335
84400,0.07965388628727177
84500,0.07974439577125181
84600,0.07983489635426877
84700,0.07992538803719818
84800,0.08001587082091521
84900,0.08010634470629507
85000,0.08019680969421272
85100,0.08028726578554335
85200,0.0803777129811617
85300,0.08046815128194273
85400,0.0805585806887611
85500,0.08064900120249152
85600,0.08073941282400854
85700,0.08082981555418667
85800,0.08092020939390032
85900,0.08101059434402369
86000,0.08110097040543118
86100,0.08119133757899677
86200,0.08128169586559464
86300,0.08137204526609876
86400,0.08146238578138287
86500,0.08155271741232095
86600,0.08164304015978652
86700,0.08173335402465343
86800,0.08182365900779509
86900,0.08191395511008492
87000,0.08200424233239634
87100,0.08209452067560263
87200,0.08218479014057689
87300,0.08227505072819241
87400,0.08236530243932216
87500,0.08245554527483911
87600,0.0825457792356159
87700,0.08263600432252549
87800,0.08272622053644063
87900,0.08281642787823373
88000,0.08290662634877732
88100,0.08299681594894404
88200,0.08308699667960595
88300,0.08317716854163548
88400,0.08326733153590471
88500,0.08335748566328571
88600,0.08344763092465057
88700,0.08353776732087115
88800,0.08362789485281918
88900,0.08371801352136654
89000,0.08380812332738485
89100,0.08389822427174565
89200,0.08398831635532045
89300,0.08407839957898067
89400,0.0841684739435975
89500,0.08425853945004225
89600,0.08434859609918599
89700,0.08443864389189992
89800,0.08452868282905479
89900,0.08461871291152168
90000,0.08470873414017133
90100,0.08479874651587438
90200,0.08488875003950158
90300,0.08497874471192335
90400,0.0850687305340102
90500,0.08515870750663246
90600,0.08524867563066041
90700,0.08533863490696436
90800,0.08542858533641429
90900,0.08551852691988027
91000,0.08560845965823216
91100,0.08569838355233994
91200,0.08578829860307335
91300,0.08587820481130204
91400,0.08596810217789563
91500,0.08605799070372355
91600,0.08614787038965543
91700,0.08623774123656036
91800,0.08632760324530775
91900,0.08641745641676679
92000,0.08650730075180646
92100,0.08659713625129573
92200,0.08668696291610367
92300,0.08677678074709905
92400,0.0868665897451506
92500,0.08695638991112686
92600,0.08704618124589658
92700,0.08713596375032817
92800,0.08722573742529005
92900,0.08731550227165052
93000,0.08740525829027779
93100,0.08749500548204003
93200,0.08758474384780535
93300,0.08767447338844159
93400,0.08776419410481673
93500,0.08785390599779863
93600,0.08794360906825494
93700,0.08803330331705317
93800,0.08812298874506108
93900,0.08821266535314598
94000,0.0883023331421754
94100,0.08839199211301652
94200,0.08848164226653654
94300,0.08857128360360256
94400,0.08866091612508176
94500,0.08875053983184089
94600,0.08884015472474693
94700,0.08892976080466664
94800,0.08901935807246675
94900,0.08910894652901391
95000,0.08919852617517454
95100,0.08928809701181506
95200,0.08937765903980188
95300,0.0894672122600012
95400,0.08955675667327945
95500,0.08964629228050236
95600,0.08973581908253625
95700,0.08982533708024687
95800,0.08991484627450008
95900,0.09000434666616175
96000,0.09009383825609751
96100,0.09018332104517279
96200,0.09027279503425334
96300,0.09036226022420435
96400,0.09045171661589135
96500,0.09054116421017944
96600,0.0906306030079338
96700,0.09072003301001963
96800,0.09080945421730169
96900,0.09089886663064517
97000,0.09098827025091472
97100,0.09107766507897508
97200,0.0911670511156909
97300,0.09125642836192671
97400,0.09134579681854715
97500,0.09143515648641654
97600,0.09152450736639917
97700,0.09161384945935913
97800,0.09170318276616085
97900,0.09179250728766819
98000,0.09188182302474512
98100,0.09197112997825563
98200,0.09206042814906346
98300,0.09214971753803225
98400,0.09223899814602576
98500,0.09232826997390753
98600,0.09241753302254085
98700,0.09250678729278938
98800,0.0925960327855162
98900,0.09268526950158451
99000,0.0927744974418575
99100,0.09286371660719828
99200,0.09295292699846969
99300,0.0930421286165346
99400,0.09313132146225589
99500,0.09322050553649608
99600,0.09330968084011804
99700,0.09339884737398396
99800,0.09348800513895661
99900,0.09357715413589818
100000,0.09366629436567098
100100,0.0937554258291372
100200,0.09384454852715896
100300,0.0939336624605982
100400,0.09402276763031692
100500,0.09411186403717697
100600,0.09420095168204012
100700,0.09429003056576801
100800,0.09437910068922228
100900,0.09446816205326436
101000,0.09455721465875577
101100,0.09464625850655783
101200,0.09473529359753186
101300,0.09482431993253881
101400,0.09491333751244002
101500,0.09500234633809634
101600,0.09509134641036876
101700,0.09518033773011803
101800,0.095269320298205
101900,0.09535829411549035
102000,0.09544725918283448
102100,0.09553621550109803
102200,0.09562516307114144
102300,0.0957141018938249
102400,0.09580303197000872
102500,0.09589195330055311
102600,0.09598086588631816
102700,0.09606976972816361
102800,0.09615866482694968
102900,0.096247551183536
103000,0.09633642879878235
103100,0.09642529767354846
103200,0.09651415780869377
103300,0.0966030092050777
103400,0.09669185186355989
103500,0.09678068578499943
103600,0.09686951097025565
103700,0.09695832742018762
103800,0.09704713513565455
103900,0.0971359341175152
104000,0.09722472436662866
104100,0.09731350588385357
104200,0.0974022786700488
104300,0.09749104272607279
104400,0.09757979805278427
104500,0.09766854465104158
104600,0.09775728252170324
104700,0.09784601166562745
104800,0.09793473208367243
104900,0.09802344377669625
105000,0.09811214674555713
105100,0.09820084099111281
105200,0.09828952651422129
105300,0.09837820331574043
105400,0.09846687139652777
105500,0.09855553075744106
105600,0.09864418139933773
105700,0.09873282332307531
105800,0.09882145652951124
105900,0.0989100810195026
106000,0.09899869679390683
106100,0.09908730385358078
106200,0.09917590219938177
106300,0.09926449183216646
106400,0.09935307275279193
106500,0.09944164496211494
106600,0.09953020846099203
106700,0.09961876325027996
106800,0.09970730933083516
106900,0.09979584670351416
107000,0.09988437536917327
107100,0.09997289532866871
107200,0.10006140658285678
107300,0.10014990913259358
107400,0.10023840297873499
107500,0.10032688812213708
107600,0.10041536456365563
107700,0.1005038323041465
107800,0.10059229134446523
107900,0.10068074168546759
108000,0.100769183328009
108100,0.10085761627294487
108200,0.10094604052113054
108300,0.10103445607342143
108400,0.10112286293067252
108500,0.10121126109373901
108600,0.10129965056347578
108700,0.10138803134073804
108800,0.10147640342638031
108900,0.10156476682125759
109000,0.10165312152622441
109100,0.10174146754213542
109200,0.10182980486984516
109300,0.10191813351020795
109400,0.10200645346407822
109500,0.10209476473231027
109600,0.1021830673157581
109700,0.10227136121527591
109800,0.10235964643171769
109900,0.1024479229659373
110000,0.10253619081878873
110100,0.10262444999112563
110200,0.10271270048380154
110300,0.10280094229767023
110400,0.10288917543358522
110500,0.10297739989239973
110600,0.1030656156749673
110700,0.10315382278214102
110800,0.1032420212147741
110900,0.10333021097371964
111000,0.10341839205983072
111100,0.10350656447396
111200,0.10359472821696059
111300,0.10368288328968511
111400,0.10377102969298613
111500,0.10385916742771639
111600,0.10394729649472834
111700,0.10403541689487428
111800,0.10412352862900665
111900,0.10421163169797765
112000,0.10429972610263938
112100,0.10438781184384405
112200,0.10447588892244353
112300,0.1045639573392898
112400,0.10465201709523464
112500,0.1047400681911298
112600,0.10482811062782693
112700,0.10491614440617758
112800,0.10500416952703329
112900,0.10509218599124548
113000,0.10518019379966526
113100,0.10526819295314416
113200,0.10535618345253317
113300,0.10544416529868339
113400,0.1055321384924458
113500,0.10562010303467129
113600,0.10570805892621071
113700,0.10579600616791474
113800,0.10588394476063401
113900,0.1059718747052193
114000,0.1060597960025208
114100,0.10614770865338907
114200,0.10623561265867432
114300,0.10632350801922696
114400,0.106411394735897
114500,0.10649927280953453
114600,0.10658714224098953
114700,0.10667500303111199
114800,0.10676285518075157
114900,0.10685069869075803
115000,0.10693853356198113
115100,0.10702635979527031
115200,0.10711417739147511
115300,0.10720198635144484
115400,0.10728978667602906
115500,0.10737757836607664
115600,0.10746536142243701
115700,0.10755313584595916
115800,0.10764090163749196
115900,0.1077286587978844
116000,0.10781640732798525
116100,0.10790414722864328
116200,0.10799187850070713
116300,0.10807960114502535
116400,0.10816731516244649
116500,0.10825502055381875
116600,0.10834271731999057
116700,0.10843040546181026
116800,0.10851808498012583
116900,0.10860575587578536
117000,0.10869341814963684
117100,0.10878107180252816
117200,0.10886871683530708
117300,0.10895635324882147
117400,0.10904398104391888
117500,0.10913160022144686
117600,0.10921921078225294
117700,0.10930681272718445
117800,0.10939440605708883
117900,0.10948199077281306
118000,0.10956956687520447
118100,0.10965713436511015
118200,0.10974469324337688
118300,0.10983224351085175
118400,0.10991978516838152
118500,0.11000731821681287
118600,0.11009484265699254
118700,0.11018235848976687
118800,0.11026986571598263
118900,0.11035736433648602
119000,0.11044485435212337
119100,0.11053233576374089
119200,0.1106198085721849
119300,0.11070727277830128
119400,0.11079472838293603
119500,0.11088217538693512
119600,0.11096961379114423
119700,0.11105704359640933
119800,0.11114446480357576
119900,0.11123187741348928
120000,0.11131928142699532
120100,0.11140667684493932
120200,0.1114940636681665
120300,0.11158144189752217
120400,0.11166881153385144
120500,0.1117561725779993
120600,0.11184352503081085
120700,0.11193086889313097
120800,0.11201820416580444
120900,0.112105530849676
121000,0.11219284894559023
121100,0.11228015845439177
121200,0.11236745937692516
121300,0.11245475171403474
121400,0.11254203546656472
121500,0.11262931063535953
121600,0.11271657722126305
121700,0.11280383522511961
121800,0.1128910846477732
121900,0.11297832549006748
122000,0.11306555775284644
122100,0.11315278143695373
122200,0.11323999654323313
122300,0.11332720307252808
122400,0.11341440102568212
122500,0.11350159040353858
122600,0.11358877120694089
122700,0.11367594343673226
122800,0.11376310709375581
122900,0.11385026217885463
123000,0.11393740869287172
123100,0.11402454663664985
123200,0.11411167601103211
123300,0.11419879681686096
123400,0.11428590905497926
123500,0.11437301272622946
123600,0.1144601078314541
123700,0.11454719437149563
123800,0.11463427234719636
123900,0.11472134175939841
124000,0.1148084026089441
124100,0.11489545489667541
124200,0.11498249862343435
124300,0.1150695337900628
124400,0.11515656039740263
124500,0.11524357844629562
124600,0.11533058793758344
124700,0.11541758887210751
124800,0.11550458125070961
124900,0.11559156507423085
125000,0.11567854034351277
125100,0.11576550705939648
125200,0.11585246522272319
125300,0.11593941483433412
125400,0.11602635589507004
125500,0.11611328840577206
125600,0.11620021236728084
125700,0.11628712778043737
125800,0.11637403464608209
125900,0.11646093296505566
126000,0.11654782273819864
126100,0.11663470396635134
126200,0.11672157665035432
126300,0.11680844079104757
126400,0.11689529638927143
126500,0.11698214344586588
126600,0.11706898196167104
126700,0.11715581193752678
126800,0.11724263337427288
126900,0.11732944627274922
127000,0.11741625063379546
127100,0.11750304645825116
127200,0.11758983374695586
127300,0.1176766125007489
127400,0.11776338272046971
127500,0.11785014440695751
127600,0.11793689756105152
127700,0.11802364218359085
127800,0.1181103782754146
127900,0.11819710583736143
128000,0.11828382487027045
128100,0.11837053537498032
128200,0.11845723735232982
128300,0.1185439308031574
128400,0.1186306157283018
128500,0.11871729212860127
128600,0.11880396000489413
128700,0.11889061935801892
128800,0.11897727018881354
128900,0.11906391249811632
129000,0.11915054628676514
129100,0.11923717155559799
129200,0.11932378830545276
129300,0.11941039653716723
129400,0.11949699625157906
129500,0.11958358744952591
129600,0.11967017013184533
129700,0.11975674429937466
129800,0.11984330995295145
129900,0.1199298670934128
130000,0.12001641572159605
130100,0.12010295583833819
130200,0.12018948744447644
130300,0.12027601054084758
130400,0.1203625251282886
130500,0.12044903120763617
130600,0.12053552877972717
130700,0.12062201784539806
130800,0.12070849840548559
130900,0.12079497046082599
131000,0.12088143401225582
131100,0.12096788906061129
131200,0.12105433560672862
131300,0.12114077365144393
131400,0.12122720319559332
131500,0.1213136242400128
131600,0.12140003678553823
131700,0.1214864408330053
131800,0.1215728363832499
131900,0.12165922343710744
132000,0.12174560199541373
132100,0.1218319720590042
132200,0.12191833362871418
132300,0.122004686705379
132400,0.12209103128983378
132500,0.12217736738291385
132600,0.1222636949854542
132700,0.12235001409828983
132800,0.12243632472225563
132900,0.12252262685818638
133000,0.12260892050691685
133100,0.12269520566928172
133200,0.12278148234611552
133300,0.12286775053825283
133400,0.12295401024652797
133500,0.12304026147177527
133600,0.12312650421482896
133700,0.12321273847652336
133800,0.12329896425769238
133900,0.12338518155917
134000,0.12347139038179022
134100,0.12355759072638695
134200,0.12364378259379383
134300,0.12372996598484454
134400,0.12381614090037274
134500,0.12390230734121177
134600,0.1239884653081953
134700,0.12407461480215642
134800,0.1241607558239286
134900,0.12424688837434494
135000,0.12433301245423845
135100,0.12441912806444233
135200,0.12450523520578938
135300,0.12459133387911236
135400,0.12467742408524429
135500,0.12476350582501772
135600,0.1248495790992653
135700,0.1249356439088195
135800,0.12502170025451276
135900,0.1251077481371774
136000,0.12519378755764587
136100,0.12527981851675019
136200,0.12536584101532255
136300,0.12545185505419498
136400,0.12553786063419947
136500,0.1256238577561678
136600,0.12570984642093186
136700,0.12579582662932332
136800,0.12588179838217373
136900,0.12596776168031465
137000,0.12605371652457764
137100,0.12613966291579393
137200,0.12622560085479506
137300,0.12631153034241194
137400,0.1263974513794759
137500,0.12648336396681792
137600,0.12656926810526903
137700,0.1266551637956601
137800,0.12674105103882194
137900,0.1268269298355852
138000,0.12691280018678053
138100,0.12699866209323862
138200,0.12708451555578992
138300,0.12717036057526465
138400,0.12725619715249326
138500,0.12734202528830607
138600,0.1274278449835331
138700,0.12751365623900446
138800,0.12759945905555004
138900,0.12768525343399995
139000,0.12777103937518397
139100,0.12785681687993167
139200,0.12794258594907293
139300,0.1280283465834372
139400,0.12811409878385394
139500,0.1281998425511528
139600,0.1282855778861628
139700,0.12837130478971348
139800,0.12845702326263386
139900,0.12854273330575305
140000,0.12862843491990006
140100,0.12871412810590388
140200,0.1287998128645933
140300,0.1288854891967971
140400,0.12897115710334395
140500,0.1290568165850624
140600,0.12914246764278114
140700,0.1292281102773284
140800,0.1293137444895328
140900,0.1293993702802223
141000,0.12948498765022542
141100,0.12957059660036996
141200,0.12965619713148424
141300,0.12974178924439606
141400,0.1298273729399333
141500,0.12991294821892374
141600,0.12999851508219507
141700,0.13008407353057494
141800,0.13016962356489103
141900,0.13025516518597058
142000,0.13034069839464113
142100,0.13042622319172992
142200,0.13051173957806406
142300,0.13059724755447089
142400,0.1306827471217774
142500,0.13076823828081052
142600,0.13085372103239723
142700,0.1309391953773642
142800,0.13102466131653823
142900,0.13111011885074597
143000,0.131195567980814
143100,0.13128100870756887
143200,0.13136644103183692
143300,0.1314518649544444
143400,0.1315372804762177
143500,0.1316226875979828
143600,0.13170808632056596
143700,0.13179347664479313
143800,0.1318788585714903
143900,0.13196423210148311
144000,0.1320495972355974
144100,0.1321349539746589
144200,0.13222030231949322
144300,0.13230564227092578
144400,0.13239097382978204
144500,0.13247629699688734
144600,0.13256161177306702
144700,0.1326469181591462
144800,0.1327322161559501
144900,0.1328175057643035
145000,0.13290278698503166
145100,0.13298805981895923
145200,0.133073324266911
145300,0.13315858032971173
145400,0.13324382800818602
145500,0.1333290673031584
145600,0.13341429821545336
145700,0.13349952074589533
145800,0.13358473489530842
145900,0.13366994066451698
146000,0.13375513805434514
146100,0.133840327065617
146200,0.13392550769915634
146300,0.1340106799557873
146400,0.13409584383633355
146500,0.13418099934161876
146600,0.1342661464724667
146700,0.13435128522970086
146800,0.13443641561414477
146900,0.13452153762662178
147000,0.13460665126795524
147100,0.13469175653896848
147200,0.1347768534404845
147300,0.13486194197332657
147400,0.13494702213831755
147500,0.13503209393628035
147600,0.13511715736803787
147700,0.13520221243441277
147800,0.13528725913622797
147900,0.1353722974743058
148000,0.1354573274494688
148100,0.1355423490625396
148200,0.13562736231434036
148300,0.13571236720569335
148400,0.1357973637374209
148500,0.13588235191034514
148600,0.13596733172528785
148700,0.13605230318307127
148800,0.13613726628451706
148900,0.136222221030447
149000,0.13630716742168303
149100,0.13639210545904656
149200,0.13647703514335918
149300,0.13656195647544234
149400,0.13664686945611748
149500,0.13673177408620585
149600,0.13681667036652867
149700,0.13690155829790707
149800,0.13698643788116227
149900,0.13707130911711496
150000,0.13715617200658625
150100,0.13724102655039694
150200,0.1373258727493678
150300,0.1374107106043193
150400,0.13749554011607212
150500,0.13758036128544682
150600,0.13766517411326373
150700,0.13774997860034321
150800,0.1378347747475055
150900,0.1379195625555708
151000,0.13800434202535916
151100,0.13808911315769057
151200,0.13817387595338515
151300,0.13825863041326247
151400,0.13834337653814244
151500,0.13842811432884483
151600,0.138512843786189
151700,0.13859756491099473
151800,0.13868227770408137
151900,0.13876698216626826
152000,0.13885167829837475
152100,0.13893636610121995
152200,0.13902104557562311
152300,0.13910571672240313
152400,0.139190379542379
152500,0.13927503403636965
152600,0.13935968020519396
152700,0.1394443180496705
152800,0.13952894757061796
152900,0.139613568768855
153000,0.13969818164519998
153100,0.13978278620047124
153200,0.13986738243548724
153300,0.1399519703510662
153400,0.14003654994802628
153500,0.14012112122718545
153600,0.14020568418936175
153700,0.14029023883537317
153800,0.14037478516603752
153900,0.14045932318217247
154000,0.1405438528845958
154100,0.1406283742741251
154200,0.14071288735157783
154300,0.14079739211777142
154400,0.14088188857352324
154500,0.14096637671965062
154600,0.14105085655697058
154700,0.14113532808630047
154800,0.1412197913084572
154900,0.14130424622425763
155000,0.14138869283451883
155100,0.14147313114005744
155200,0.14155756114169016
155300,0.14164198284023377
155400,0.14172639623650474
155500,0.1418108013313194
155600,0.14189519812549434
155700,0.1419795866198459
155800,0.14206396681519007
155900,0.14214833871234311
156000,0.14223270231212115
156100,0.1423170576153402
156200,0.14240140462281603
156300,0.14248574333536457
156400,0.14257007375380149
156500,0.14265439587894246
156600,0.1427387097116033
156700,0.1428230152525991
156800,0.1429073125027457
156900,0.14299160146285816
157000,0.14307588213375189
157100,0.14316015451624198
157200,0.14324441861114368
157300,0.14332867441927188
157400,0.1434129219414415
157500,0.14349716117846756
157600,0.14358139213116472
157700,0.14366561480034767
157800,0.1437498291868311
157900,0.14383403529142957
158000,0.14391823311495755
158100,0.14400242265822938
158200,0.1440866039220593
158300,0.14417077690726177
158400,0.14425494161465058
158500,0.14433909804504008
158600,0.14442324619924418
158700,0.14450738607807667
158800,0.14459151768235157
158900,0.14467564101288244
159000,0.14475975607048308
159100,0.14484386285596706
159200,0.14492796137014774
159300,0.14501205161383868
159400,0.14509613358785323
159500,0.14518020729300452
159600,0.1452642727301059
159700,0.14534832989997037
159800,0.1454323788034111
159900,0.14551641944124083
160000,0.1456004518142725
160100,0.1456844759233189
160200,0.1457684917691927
160300,0.1458524993527066
160400,0.14593649867467318
160500,0.14602048973590476
160600,0.14610447253721381
160700,0.1461884470794127
160800,0.14627241336331354
160900,0.14635637138972846
161000,0.1464403211594696
161100,0.14652426267334895
161200,0.14660819593217833
161300,0.14669212093676964
161400,0.14677603768793457
161500,0.1468599461864849
161600,0.1469438464332321
161700,0.14702773842898775
161800,0.1471116221745632
161900,0.1471954976707699
162000,0.14727936491841898
162100,0.1473632239183218
162200,0.14744707467128926
162300,0.1475309171781326
162400,0.14761475143966252
162500,0.14769857745669013
162600,0.14778239523002612
162700,0.14786620476048118
162800,0.147950006048866
162900,0.14803379909599101
163000,0.14811758390266683
163100,0.14820136046970367
163200,0.1482851287979121
163300,0.14836888888810207
163400,0.14845264074108389
163500,0.14853638435766758
163600,0.14862011973866318
163700,0.14870384688488059
163800,0.1487875657971296
163900,0.1488712764762199
164000,0.14895497892296128
164100,0.14903867313816332
164200,0.1491223591226356
164300,0.14920603687718736
164400,0.14928970640262806
164500,0.14937336769976695
164600,0.14945702076941336
164700,0.14954066561237622
164800,0.14962430222946455
164900,0.14970793062148757
165000,0.14979155078925388
165100,0.14987516273357238
165200,0.14995876645525175
165300,0.1500423619551008
165400,0.15012594923392786
165500,0.15020952829254142
165600,0.15029309913175004
165700,0.15037666175236197
165800,0.15046021615518546
165900,0.15054376234102862
166000,0.1506273003106996
166100,0.1507108300650063
166200,0.15079435160475674
166300,0.15087786493075872
166400,0.15096137004382004
166500,0.1510448669447484
166600,0.15112835563435134
166700,0.15121183611343636
166800,0.15129530838281102
166900,0.15137877244328257
167000,0.15146222829565836
167100,0.15154567594074553
167200,0.1516291153793513
167300,0.15171254661228273
167400,0.1517959696403467
167500,0.15187938446435023
167600,0.1519627910850999
167700,0.15204618950340265
167800,0.15212957972006513
167900,0.15221296173589383
168000,0.1522963355516952
168100,0.1523797011682757
168200,0.15246305858644182
168300,0.15254640780699957
168400,0.1526297488307552
168500,0.15271308165851494
168600,0.1527964062910847
168700,0.15287972272927042
168800,0.15296303097387798
168900,0.15304633102571308
169000,0.15312962288558152
169100,0.15321290655428887
169200,0.15329618203264084
169300,0.15337944932144254
169400,0.15346270842149967
169500,0.15354595933361748
169600,0.1536292020586011
169700,0.15371243659725564
169800,0.15379566295038627
169900,0.153878881118798
170000,0.15396209110329562
170100,0.15404529290468416
170200,0.1541284865237681
170300,0.15421167196135233
170400,0.15429484921824133
170500,0.15437801829523967
170600,0.15446117919315172
170700,0.15454433191278194
170800,0.15462747645493458
170900,0.15471061282041365
171000,0.15479374101002352
171100,0.1548768610245681
171200,0.15495997286485141
171300,0.15504307653167726
171400,0.15512617202584955
171500,0.15520925934817187
171600,0.1552923384994479
171700,0.15537540948048134
171800,0.15545847229207543
171900,0.15554152693503387
172000,0.15562457341015967
172100,0.15570761171825642
172200,0.15579064186012703
172300,0.15587366383657464
172400,0.15595667764840226
172500,0.15603968329641293
172600,0.15612268078140945
172700,0.1562056701041945
172800,0.1562886512655709
172900,0.1563716242663412
173000,0.15645458910730803
173100,0.1565375457892737
173200,0.1566204943130406
173300,0.15670343467941117
173400,0.15678636688918746
173500,0.1568692909431718
173600,0.15695220684216615
173700,0.1570351145869725
173800,0.15711801417839277
173900,0.15720090561722877
174000,0.15728378890428218
174100,0.15736666404035482
174200,0.15744953102624826
174300,0.15753238986276386
174400,0.1576152405507032
174500,0.15769808309086764
174600,0.15778091748405831
174700,0.15786374373107648
174800,0.15794656183272338
174900,0.15802937178979992
175000,0.15811217360310714
175100,0.15819496727344584
175200,0.15827775280161682
175300,0.1583605301884209
175400,0.15844329943465862
175500,0.1585260605411306
175600,0.15860881350863743
175700,0.15869155833797932
175800,0.15877429502995677
175900,0.1588570235853699
176000,0.15893974400501898
176100,0.15902245628970402
176200,0.15910516044022505
176300,0.1591878564573821
176400,0.15927054434197496
176500,0.15935322409480346
176600,0.15943589571666716
176700,0.15951855920836588
176800,0.15960121457069898
176900,0.15968386180446614
177000,0.1597665009104665
177100,0.15984913188949945
177200,0.15993175474236432
177300,0.16001436946986025
177400,0.16009697607278617
177500,0.1601795745519412
177600,0.16026216490812417
177700,0.16034474714213398
177800,0.16042732125476944
177900,0.16050988724682902
178000,0.16059244511911164
178100,0.16067499487241554
178200,0.1607575365075392
178300,0.1608400700252811
178400,0.1609225954264395
178500,0.16100511271181261
178600,0.1610876218821985
178700,0.16117012293839528
178800,0.16125261588120088
178900,0.16133510071141322
179000,0.1614175774298301
179100,0.1615000460372492
179200,0.16158250653446837
179300,0.16166495892228494
179400,0.1617474032014966
179500,0.16182983937290074
179600,0.1619122674372947
179700,0.16199468739547562
179800,0.16207709924824087
179900,0.16215950299638748
180000,0.16224189864071248
180100,0.16232428618201278
180200,0.1624066656210853
180300,0.16248903695872685
180400,0.16257140019573413
180500,0.16265375533290383
180600,0.16273610237103242
180700,0.1628184413109165
180800,0.1629007721533523
180900,0.16298309489913632
181000,0.16306540954906468
181100,0.16314771610393364
181200,0.16323001456453934
181300,0.1633123049316776
181400,0.16339458720614453
181500,0.16347686138873585
181600,0.16355912748024748
181700,0.163641385481475
181800,0.1637236353932141
181900,0.1638058772162604
182000,0.1638881109514092
182100,0.16397033659945592
182200,0.1640525541611959
182300,0.1641347636374244
182400,0.16421696502893657
182500,0.16429915833652753
182600,0.1643813435609921
182700,0.16446352070312542
182800,0.16454568976372208
182900,0.1646278507435771
183000,0.16471000364348498
183100,0.1647921484642404
183200,0.16487428520663794
183300,0.16495641387147197
183400,0.16503853445953676
183500,0.16512064697162687
183600,0.16520275140853624
183700,0.16528484777105923
183800,0.16536693605998976
183900,0.16544901627612185
184000,0.16553108842024933
184100,0.16561315249316622
184200,0.1656952084956661
184300,0.16577725642854257
184400,0.16585929629258944
184500,0.16594132808860007
184600,0.16602335181736805
184700,0.16610536747968652
184800,0.16618737507634884
184900,0.16626937460814828
185000,0.16635136607587786
185100,0.16643334948033073
185200,0.1665153248222997
185300,0.1665972921025779
185400,0.16667925132195793
185500,0.1667612024812326
185600,0.1668431455811945
185700,0.16692508062263633
185800,0.16700700760635045
185900,0.16708892653312934
186000,0.16717083740376548
186100,0.1672527402190509
186200,0.16733463497977785
186300,0.1674165216867386
186400,0.16749840034072494
186500,0.16758027094252903
186600,0.16766213349294268
186700,0.16774398799275758
186800,0.16782583444276555
186900,0.1679076728437583
187000,0.16798950319652717
187100,0.16807132550186388
187200,0.16815313976055968
187300,0.16823494597340605
187400,0.16831674414119413
187500,0.16839853426471507
187600,0.16848031634476002
187700,0.16856209038212
187800,0.16864385637758594
187900,0.16872561433194866
188000,0.16880736424599907
188100,0.16888910612052777
188200,0.16897083995632534
188300,0.16905256575418248
188400,0.16913428351488968
188500,0.16921599323923708
188600,0.16929769492801527
188700,0.1693793885820144
188800,0.1694610742020246
188900,0.16954275178883604
189000,0.16962442134323852
189100,0.16970608286602218
189200,0.16978773635797684
189300,0.1698693818198923
189400,0.16995101925255807
189500,0.17003264865676404
189600,0.1701142700332995
189700,0.1701958833829541
189800,0.17027748870651704
189900,0.1703590860047779
190000,0.1704406752785257
190100,0.17052225652854958
190200,0.1706038297556387
190300,0.1706853949605821
190400,0.1707669521441686
190500,0.1708485013071871
190600,0.1709300424504263
190700,0.17101157557467506
190800,0.1710931006807218
190900,0.17117461776935516
191000,0.1712561268413635
191100,0.17133762789753526
191200,0.17141912093865874
191300,0.1715006059655222
191400,0.17158208297891375
191500,0.17166355197962135
191600,0.17174501296843325
191700,0.17182646594613715
191800,0.17190791091352087
191900,0.17198934787137232
192000,0.1720707768204791
192100,0.1721521977616287
192200,0.17223361069560894
192300,0.17231501562320695
192400,0.17239641254521032
192500,0.1724778014624062
192600,0.17255918237558188
192700,0.17264055528552447
192800,0.17272192019302113
192900,0.17280327709885868
193000,0.17288462600382415
193100,0.17296596690870425
193200,0.1730472998142859
193300,0.1731286247213556
193400,0.17320994163070003
193500,0.1732912505431058
193600,0.17337255145935915
193700,0.1734538443802467
193800,0.17353512930655446
193900,0.17361640623906882
194000,0.17369767517857582
194100,0.1737789361258616
194200,0.17386018908171208
194300,0.1739414340469132
194400,0.17402267102225066
194500,0.1741039000085104
194600,0.17418512100647798
194700,0.17426633401693903
194800,0.174347539040679
194900,0.17442873607848342
195000,0.1745099251311375
195100,0.17459110619942675
195200,0.1746722792841362
195300,0.174753444386051
195400,0.1748346015059562
195500,0.17491575064463682
195600,0.1749968918028777
195700,0.17507802498146374
195800,0.17515915018117967
195900,0.17524026740281007
196000,0.17532137664713965
196100,0.17540247791495278
196200,0.17548357120703406
196300,0.17556465652416764
196400,0.1756457338671379
196500,0.17572680323672918
196600,0.17580786463372533
196700,0.1758889180589106
196800,0.17596996351306893
196900,0.17605100099698423
197000,0.17613203051144022
197100,0.1762130520572207
197200,0.1762940656351093
197300,0.1763750712458897
197400,0.17645606889034526
197500,0.1765370585692596
197600,0.17661804028341588
197700,0.17669901403359756
197800,0.17677997982058768
197900,0.1768609376451694
198000,0.17694188750812578
198100,0.17702282941023995
198200,0.1771037633522945
198300,0.17718468933507248
198400,0.17726560735935648
198500,0.17734651742592933
198600,0.1774274195355734
198700,0.17750831368907138
198800,0.17758919988720567
198900,0.17767007813075852
199000,0.1777509484205123
199100,0.1778318107572492
199200,0.1779126651417513
199300,0.1779935115748006
199400,0.1780743500571792
199500,0.17815518058966895
199600,0.17823600317305166
199700,0.17831681780810904
199800,0.1783976244956227
199900,0.1784784232363743
200000,0.17855921403114539
200100,0.1786399968807173
200200,0.17872077178587154
200300,0.17880153874738913
200400,0.17888229776605158
200500,0.1789630488426397
200600,0.17904379197793474
200700,0.17912452717271765
200800,0.17920525442776924
200900,0.17928597374387034
201000,0.17936668512180176
201100,0.1794473885623442
201200,0.17952808406627807
201300,0.17960877163438405
201400,0.1796894512674425
201500,0.17977012296623374
201600,0.1798507867315381
201700,0.17993144256413585
201800,0.18001209046480693
201900,0.1800927304343315
202000,0.18017336247348958
202100,0.18025398658306102
202200,0.1803346027638255
202300,0.180415211016563
202400,0.18049581134205306
202500,0.1805764037410753
202600,0.18065698821440923
202700,0.1807375647628342
202800,0.1808181333871297
202900,0.1808986940880749
203000,0.18097924686644906
203100,0.18105979172303133
203200,0.18114032865860075
203300,0.18122085767393625
203400,0.18130137876981678
203500,0.18138189194702115
203600,0.18146239720632806
203700,0.18154289454851624
203800,0.18162338397436428
203900,0.18170386548465056
204000,0.1817843390801538
204100,0.18186480476165212
204200,0.18194526252992382
204300,0.18202571238574727
204400,0.1821061543299004
204500,0.18218658836316148
204600,0.18226701448630833
204700,0.18234743270011888
204800,0.18242784300537096
204900,0.18250824540284238
205000,0.18258863989331076
205100,0.1826690264775538
205200,0.18274940515634885
205300,0.18282977593047345
205400,0.18291013880070495
205500,0.18299049376782062
205600,0.18307084083259773
205700,0.18315117999581332
205800,0.18323151125824466
205900,0.18331183462066847
206000,0.1833921500838619
206100,0.18347245764860165
206200,0.18355275731566445
206300,0.183633049085827
206400,0.18371333295986603
206500,0.1837936089385579
206600,0.1838738770226791
206700,0.18395413721300613
206800,0.18403438951031514
206900,0.1841146339153824
207000,0.18419487042898408
207100,0.1842750990518962
207200,0.18435531978489483
207300,0.18443553262875578
207400,0.184515737584255
207500,0.18459593465216817
207600,0.18467612383327114
207700,0.1847563051283393
207800,0.18483647853814822
207900,0.18491664406347352
208000,0.18499680170509036
208100,0.18507695146377423
208200,0.1851570933403004
208300,0.1852372273354438
208400,0.18531735344997968
208500,0.185397471684683
208600,0.1854775820403286
208700,0.1855576845176915
208800,0.18563777911754642
208900,0.18571786584066785
209000,0.18579794468783073
209100,0.18587801565980944
209200,0.18595807875737835
209300,0.18603813398131208
209400,0.18611818133238478
209500,0.18619822081137072
209600,0.18627825241904405
209700,0.18635827615617895
209800,0.18643829202354933
209900,0.18651830002192926
210000,0.18659830015209244
210100,0.1866782924148127
210200,0.18675827681086377
210300,0.18683825334101933
210400,0.1869182220060528
210500,0.18699818280673774
210600,0.18707813574384768
210700,0.18715808081815566
210800,0.18723801803043516
210900,0.18731794738145935
211000,0.18739786887200116
211100,0.18747778250283376
211200,0.18755768827473007
211300,0.18763758618846293
211400,0.18771747624480506
211500,0.18779735844452938
211600,0.1878772327884084
211700,0.1879570992772146
211800,0.1880369579117207
211900,0.18811680869269898
212000,0.1881966516209217
212100,0.18827648669716124
212200,0.18835631392218977
212300,0.18843613329677944
212400,0.18851594482170209
212500,0.18859574849772998
212600,0.18867554432563471
212700,0.18875533230618824
212800,0.18883511244016238
212900,0.1889148847283285
213000,0.18899464917145847
213100,0.18907440577032364
213200,0.1891541545256955
213300,0.18923389543834535
213400,0.18931362850904454
213500,0.18939335373856425
213600,0.18947307112767553
213700,0.18955278067714942
213800,0.18963248238775698
213900,0.18971217626026915
214000,0.18979186229545664
214100,0.18987154049409016
214200,0.18995121085694056
214300,0.1900308733847782
214400,0.1901105280783738
214500,0.19019017493849777
214600,0.19026981396592035
214700,0.19034944516141195
214800,0.1904290685257427
214900,0.1905086840596828
215000,0.19058829176400238
215100,0.1906678916394713
215200,0.19074748368685945
215300,0.19082706790693682
215400,0.190906644300473
215500,0.1909862128682378
215600,0.19106577361100074
215700,0.19114532652953142
215800,0.19122487162459934
215900,0.19130440889697375
216000,0.19138393834742407
216100,0.19146345997671943
216200,0.19154297378562912
216300,0.19162247977492208
216400,0.19170197794536736
216500,0.19178146829773401
216600,0.19186095083279064
216700,0.1919404255513062
216800,0.19201989245404938
216900,0.1920993515417888
217000,0.19217880281529287
217100,0.19225824627533028
217200,0.1923376819226693
217300,0.19241710975807835
217400,0.19249652978232556
217500,0.1925759419961791
217600,0.19265534640040716
217700,0.19273474299577775
217800,0.19281413178305873
217900,0.19289351276301803
218000,0.19297288593642348
218100,0.1930522513040427
218200,0.1931316088666435
218300,0.19321095862499327
218400,0.19329030057985952
218500,0.19336963473200985
218600,0.19344896108221132
218700,0.19352827963123143
218800,0.19360759037983732
218900,0.19368689332879607
219000,0.19376618847887472
219100,0.1938454758308401
219200,0.1939247553854594
219300,0.19400402714349918
219400,0.1940832911057263
219500,0.1941625472729075
219600,0.19424179564580912
219700,0.1943210362251978
219800,0.19440026901184004
219900,0.1944794940065021
220000,0.19455871120995039
220100,0.19463792062295104
220200,0.19471712224627014
220300,0.19479631608067383
220400,0.19487550212692806
220500,0.19495468038579866
220600,0.1950338508580517
220700,0.19511301354445265
220800,0.19519216844576737
220900,0.19527131556276145
221000,0.1953504548962003
221100,0.1954295864468496
221200,0.19550871021547456
221300,0.19558782620284043
221400,0.19566693440971272
221500,0.19574603483685626
221600,0.19582512748503633
221700,0.19590421235501798
221800,0.19598328944756593
221900,0.19606235876344524
222000,0.19614142030342052
222100,0.1962204740682566
222200,0.1962995200587181
222300,0.1963785582755695
222400,0.1964575887195753
222500,0.19653661139149992
222600,0.19661562629210771
222700,0.19669463342216287
222800,0.19677363278242965
222900,0.19685262437367224
223000,0.19693160819665434
223100,0.19701058425214024
223200,0.19708955254089366
223300,0.19716851306367844
223400,0.1972474658212583
223500,0.19732641081439684
223600,0.19740534804385768
223700,0.19748427751040443
223800,0.19756319921480037
223900,0.19764211315780889
224000,0.19772101934019326
224100,0.19779991776271666
224200,0.19787880842614236
224300,0.1979576913312332
224400,0.19803656647875234
224500,0.19811543386946262
224600,0.19819429350412687
224700,0.1982731453835077
224800,0.19835198950836808
224900,0.19843082587947036
225000,0.19850965449757707
225100,0.1985884753634508
225200,0.19866728847785398
225300,0.19874609384154873
225400,0.19882489145529725
225500,0.1989036813198619
225600,0.19898246343600468
225700,0.19906123780448748
225800,0.19914000442607238
225900,0.1992187633015211
226000,0.1992975144315955
226100,0.19937625781705726
226200,0.19945499345866802
226300,0.19953372135718928
226400,0.19961244151338253
226500,0.1996911539280093
226600,0.19976985860183072
226700,0.1998485555356082
226800,0.19992724473010282
226900,0.2000059261860757
227000,0.20008459990428795
227100,0.20016326588550049
227200,0.20024192413047415
227300,0.20032057463996977
227400,0.20039921741474798
227500,0.2004778524555696
227600,0.20055647976319513
227700,0.20063509933838508
227800,0.20071371118189985
227900,0.2007923152944998
228000,0.20087091167694526
228100,0.20094950032999637
228200,0.2010280812544133
228300,0.2011066544509562
228400,0.20118521992038485
228500,0.20126377766345926
228600,0.2013423276809393
228700,0.20142086997358477
228800,0.2014994045421552
228900,0.2015779313874102
229000,0.2016564505101095
229100,0.20173496191101237
229200,0.2018134655908782
229300,0.2018919615504664
229400,0.20197044979053613
229500,0.20204893031184668
229600,0.20212740311515698
229700,0.2022058682012261
229800,0.20228432557081288
229900,0.20236277522467638
230000,0.20244121716357522
230100,0.20251965138826822
230200,0.2025980778995139
230300,0.20267649669807097
230400,0.20275490778469785
230500,0.2028333111601528
230600,0.20291170682519444
230700,0.20299009478058083
230800,0.20306847502707026
230900,0.20314684756542079
231000,0.20322521239639046
231100,0.20330356952073725
231200,0.20338191893921898
231300,0.2034602606525937
231400,0.20353859466161894
231500,0.20361692096705242
231600,0.20369523956965163
231700,0.20377355047017431
231800,0.20385185366937775
231900,0.20393014916801944
232000,0.20400843696685655
232100,0.20408671706664627
232200,0.20416498946814587
232300,0.20424325417211242
232400,0.20432151117930286
232500,0.20439976049047415
232600,0.204478002106383
232700,0.2045562360277864
232800,0.2046344622554409
232900,0.20471268079010319
233000,0.20479089163252984
233100,0.20486909478347726
233200,0.20494729024370184
233300,0.20502547801395998
233400,0.20510365809500797
233500,0.20518183048760186
233600,0.20525999519249782
233700,0.20533815221045182
233800,0.20541630154222001
233900,0.20549444318855803
234000,0.2055725771502218
234100,0.2056507034279671
234200,0.2057288220225495
234300,0.20580693293472463
234400,0.205885036165248
234500,0.20596313171487501
234600,0.20604121958436106
234700,0.20611929977446142
234800,0.20619737228593127
234900,0.20627543711952578
235000,0.20635349427600014
235100,0.20643154375610906
235200,0.20650958556060772
235300,0.20658761969025086
235400,0.2066656461457932
235500,0.20674366492798946
235600,0.20682167603759438
235700,0.20689967947536225
235800,0.2069776752420478
235900,0.2070556633384053
236000,0.20713364376518906
236100,0.20721161652315334
236200,0.20728958161305244
236300,0.2073675390356403
236400,0.2074454887916709
236500,0.2075234308818984
236600,0.2076013653070765
236700,0.2076792920679591
236800,0.20775721116529988
236900,0.2078351225998526
237000,0.20791302637237064
237100,0.20799092248360762
237200,0.20806881093431706
237300,0.20814669172525213
237400,0.20822456485716634
237500,0.20830243033081264
237600,0.20838028814694443
237700,0.20845813830631454
237800,0.20853598080967606
237900,0.20861381565778192
238000,0.20869164285138497
238100,0.20876946239123795
238200,0.20884727427809346
238300,0.20892507851270437
238400,0.20900287509582294
238500,0.2090806640282018
238600,0.20915844531059335
238700,0.20923621894374977
238800,0.20931398492842346
238900,0.20939174326536658
239000,0.2094694939553312
239100,0.2095472369990693
239200,0.2096249723973328
239300,0.20970270015087378
239400,0.20978042026044386
239500,0.20985813272679477
239600,0.20993583755067824
239700,0.2100135347328459
239800,0.21009122427404914
239900,0.21016890617503936
240000,0.21024658043656808
240100,0.21032424705938657
240200,0.2104019060442459
240300,0.21047955739189728
240400,0.21055720110309184
240500,0.21063483717858045
240600,0.21071246561911416
240700,0.21079008642544372
240800,0.21086769959831997
240900,0.21094530513849352
241000,0.21102290304671512
241100,0.21110049332373515
241200,0.21117807597030414
241300,0.21125565098717258
241400,0.21133321837509067
241500,0.2114107781348088
241600,0.21148833026707703
241700,0.21156587477264555
241800,0.2116434116522643
241900,0.21172094090668336
242000,0.21179846253665247
242100,0.21187597654292156
242200,0.21195348292624028
242300,0.21203098168735846
242400,0.21210847282702538
242500,0.2121859563459909
242600,0.2122634322450042
242700,0.2123409005248148
242800,0.21241836118617197
242900,0.2124958142298249
243000,0.21257325965652263
243100,0.21265069746701448
243200,0.2127281276620493
243300,0.2128055502423759
243400,0.2128829652087434
243500,0.21296037256190037
243600,0.21303777230259568
243700,0.21311516443157774
243800,0.21319254894959527
243900,0.2132699258573968
244000,0.2133472951557306
244100,0.21342465684534506
244200,0.2135020109269885
244300,0.213579357401409
244400,0.2136566962693548
244500,0.21373402753157378
244600,0.2138113511888141
244700,0.21388866724182354
244800,0.2139659756913499
244900,0.21404327653814104
245000,0.21412056978294458
245100,0.21419785542650804
245200,0.21427513346957905
245300,0.214352403912905
245400,0.2144296667572334
245500,0.21450692200331134
245600,0.21458416965188631
245700,0.21466140970370517
245800,0.21473864215951532
245900,0.2148158670200636
246000,0.21489308428609688
246100,0.2149702939583622
246200,0.2150474960376062
246300,0.21512469052457572
246400,0.2152018774200174
246500,0.21527905672467773
246600,0.21535622843930324
246700,0.21543339256464045
246800,0.21551054910143552
246900,0.21558769805043487
247000,0.2156648394123848
247100,0.21574197318803112
247200,0.21581909937812016
247300,0.21589621798339786
247400,0.21597332900461008
247500,0.21605043244250277
247600,0.21612752829782145
247700,0.21620461657131207
247800,0.21628169726372015
247900,0.2163587703757912
248000,0.21643583590827076
248100,0.2165128938619042
248200,0.21658994423743683
248300,0.21666698703561382
248400,0.2167440222571806
248500,0.21682104990288198
248600,0.21689806997346317
248700,0.21697508246966912
248800,0.21705208739224469
248900,0.2171290847419347
249000,0.21720607451948382
249100,0.21728305672563675
249200,0.21736003136113824
249300,0.2174369984267326
249400,0.2175139579231643
249500,0.2175909098511778
249600,0.21766785421151735
249700,0.21774479100492727
249800,0.21782172023215152
249900,0.21789864189393437
250000,0.2179755559910198
250100,0.21805246252415156
250200,0.2181293614940738
250300,0.21820625290153006
250400,0.21828313674726418
250500,0.2183600130320198
250600,0.2184368817565404
250700,0.21851374292156955
250800,0.21859059652785062
250900,0.21866744257612702
251000,0.21874428106714205
251100,0.2188211120016389
251200,0.21889793538036062
251300,0.2189747512040503
251400,0.2190515594734509
251500,0.21912836018930537
251600,0.21920515335235669
251700,0.21928193896334736
251800,0.21935871702302012
251900,0.21943548753211772
252000,0.21951225049138268
252100,0.2195890059015574
252200,0.21966575376338437
252300,0.21974249407760582
252400,0.21981922684496402
252500,0.21989595206620127
252600,0.21997266974205942
252700,0.22004937987328077
252800,0.22012608246060716
252900,0.22020277750478057
253000,0.2202794650065426
253100,0.22035614496663525
253200,0.2204328173858
253300,0.2205094822647785
253400,0.2205861396043124
253500,0.22066278940514295
253600,0.2207394316680117
253700,0.2208160663936598
253800,0.2208926935828286
253900,0.22096931323625923
254000,0.2210459253546927
254100,0.22112252993887016
254200,0.22119912698953237
254300,0.2212757165074204
254400,0.22135229849327498
254500,0.22142887294783664
254600,0.22150543987184634
254700,0.2215819992660445
254800,0.2216585511311716
254900,0.2217350954679681
255000,0.22181163227717426
255100,0.22188816155953062
255200,0.22196468331577712
255300,0.22204119754665408
255400,0.22211770425290145
255500,0.2221942034352593
255600,0.22227069509446762
255700,0.222347179231266
255800,0.22242365584639445
255900,0.22250012494059268
256000,0.2225765865146001
256100,0.22265304056915647
256200,0.2227294871050013
256300,0.22280592612287375
256400,0.22288235762351338
256500,0.22295878160765947
256600,0.2230351980760511
256700,0.22311160702942745
256800,0.2231880084685275
256900,0.2232644023940904
257000,0.22334078880685482
257100,0.2234171677075597
257200,0.2234935390969438
257300,0.22356990297574586
257400,0.2236462593447044
257500,0.22372260820455803
257600,0.22379894955604518
257700,0.22387528339990415
257800,0.22395160973687345
257900,0.22402792856769127
258000,0.2241042398930957
258100,0.2241805437138249
258200,0.22425684003061686
258300,0.22433312884420964
258400,0.224409410155341
258500,0.22448568396474888
258600,0.22456195027317094
258700,0.2246382090813449
258800,0.2247144603900083
258900,0.22479070419989866
259000,0.2248669405117535
259100,0.2249431693263101
259200,0.22501939064430587
259300,0.22509560446647792
259400,0.22517181079356363
259500,0.22524800962629987
259600,0.22532420096542372
259700,0.22540038481167213
259800,0.22547656116578196
259900,0.22555273002849008
260000,0.2256288914005331
260100,0.2257050452826478
260200,0.22578119167557065
260300,0.2258573305800382
260400,0.22593346199678688
260500,0.22600958592655307
260600,0.22608570237007308
260700,0.2261618113280831
260800,0.22623791280131922
260900,0.2263140067905176
261000,0.22639009329641424
261100,0.22646617231974508
261200,0.22654224386124588
261300,0.2266183079216525
261400,0.22669436450170066
261500,0.22677041360212602
261600,0.22684645522366398
261700,0.22692248936705028
261800,0.22699851603302024
261900,0.22707453522230914
262000,0.2271505469356523
262100,0.22722655117378487
262200,0.2273025479374422
262300,0.22737853722735912
262400,0.22745451904427072
262500,0.22753049338891196
262600,0.22760646026201758
262700,0.22768241966432234
262800,0.2277583715965611
262900,0.22783431605946836
263000,0.22791025305377866
263100,0.22798618258022652
263200,0.22806210463954635
263300,0.22813801923247257
263400,0.22821392635973925
263500,0.2282898260220808
263600,0.22836571822023122
263700,0.22844160295492466
263800,0.2285174802268949
263900,0.2285933500368761
264000,0.2286692123856019
264100,0.22874506727380606
264200,0.22882091470222243
264300,0.22889675467158443
264400,0.2289725871826258
264500,0.22904841223607986
264600,0.2291242298326801
264700,0.22920003997315985
264800,0.2292758426582524
264900,0.22935163788869073
265000,0.22942742566520813
265100,0.22950320598853768
265200,0.22957897885941214
265300,0.22965474427856458
265400,0.22973050224672786
265500,0.22980625276463462
265600,0.2298819958330175
265700,0.22995773145260923
265800,0.23003345962414234
265900,0.23010918034834915
266000,0.23018489362596217
266100,0.2302605994577137
266200,0.23033629784433607
266300,0.23041198878656133
266400,0.23048767228512157
266500,0.23056334834074887
266600,0.2306390169541752
266700,0.23071467812613256
266800,0.23079033185735254
266900,0.23086597814856702
267000,0.23094161700050764
267100,0.23101724841390603
267200,0.2310928723894936
267300,0.231168488928002
267400,0.23124409803016244
267500,0.2313196996967063
267600,0.2313952939283649
267700,0.2314708807258693
267800,0.2315464600899506
267900,0.2316220320213399
268000,0.23169759652076805
268100,0.231773153588966
268200,0.2318487032266645
268300,0.23192424543459433
268400,0.23199978021348622
268500,0.2320753075640707
268600,0.23215082748707816
268700,0.23222633998323927
268800,0.23230184505328433
268900,0.23237734269794363
269000,0.23245283291794738
269100,0.23252831571402577
269200,0.23260379108690887
269300,0.23267925903732678
269400,0.23275471956600924
269500,0.23283017267368644
269600,0.23290561836108792
269700,0.23298105662894342
269800,0.2330564874779828
269900,0.23313191090893548
270000,0.233207326922531
270100,0.23328273551949885
270200,0.23335813670056837
270300,0.23343353046646897
270400,0.23350891681792962
270500,0.23358429575567974
270600,0.2336596672804483
270700,0.23373503139296425
270800,0.2338103880939567
270900,0.2338857373841544
271000,0.2339610792642861
271100,0.23403641373508077
271200,0.23411174079726682
271300,0.2341870604515729
271400,0.23426237269872752
271500,0.2343376775394591
271600,0.2344129749744961
271700,0.23448826500456676
271800,0.23456354763039933
271900,0.23463882285272186
272000,0.23471409067226268
272100,0.23478935108974952
272200,0.23486460410591037
272300,0.2349398497214733
272400,0.23501508793716597
272500,0.235090318753716
272600,0.23516554217185115
272700,0.23524075819229906
272800,0.23531596681578715
272900,0.23539116804304294
273000,0.23546636187479364
273100,0.23554154831176677
273200,0.2356167273546893
273300,0.23569189900428866
273400,0.2357670632612917
273500,0.23584222012642553
273600,0.2359173696004171
273700,0.23599251168399316
273800,0.2360676463778807
273900,0.23614277368280623
274000,0.23621789359949652
274100,0.2362930061286782
274200,0.2363681112710777
274300,0.23644320902742144
274400,0.23651829939843594
274500,0.23659338238484728
274600,0.2366684579873818
274700,0.23674352620676553
274800,0.23681858704372472
274900,0.23689364049898531
275000,0.2369686865732733
275100,0.23704372526731443
275200,0.23711875658183457
275300,0.23719378051755946
275400,0.23726879707521464
275500,0.23734380625552587
275600,0.23741880805921844
275700,0.237493802487018
275800,0.23756878953964988
275900,0.23764376921783925
276000,0.23771874152231132
276100,0.2377937064537915
276200,0.23786866401300455
276300,0.23794361420067567
276400,0.23801855701752983
276500,0.2380934924642918
276600,0.2381684205416864
276700,0.23824334125043833
276800,0.2383182545912722
276900,0.23839316056491278
277000,0.23846805917208447
277100,0.2385429504135116
277200,0.23861783428991867
277300,0.23869271080203003
277400,0.23876757995056974
277500,0.238842441736262
277600,0.23891729615983104
277700,0.23899214322200069
277800,0.23906698292349504
277900,0.23914181526503786
278000,0.239216640247353
278100,0.23929145787116413
278200,0.23936626813719486
278300,0.23944107104616896
278400,0.23951586659880975
278500,0.23959065479584085
278600,0.23966543563798548
278700,0.23974020912596705
278800,0.23981497526050877
278900,0.2398897340423337
279000,0.2399644854721651
279100,0.24003922955072576
279200,0.24011396627873882
279300,0.24018869565692702
279400,0.24026341768601334
279500,0.2403381323667203
279600,0.24041283969977068
279700,0.2404875396858871
279800,0.240562232325792
279900,0.2406369176202079
280000,0.2407115955698571
280100,0.24078626617546184
280200,0.24086092943774462
280300,0.24093558535742732
280400,0.24101023393523213
280500,0.24108487517188115
280600,0.24115950906809624
280700,0.2412341356245994
280800,0.24130875484211223
280900,0.24138336672135663
281000,0.24145797126305424
281100,0.2415325684679266
281200,0.24160715833669533
281300,0.24168174087008176
281400,0.24175631606880743
281500,0.24183088393359342
281600,0.24190544446516127
281700,0.24197999766423184
281800,0.24205454353152644
281900,0.24212908206776607
282000,0.24220361327367168
282100,0.24227813714996405
282200,0.24235265369736414
282300,0.2424271629165925
282400,0.2425016648083701
282500,0.24257615937341725
282600,0.24265064661245472
282700,0.2427251265262027
282800,0.24279959911538185
282900,0.24287406438071235
283000,0.24294852232291453
283100,0.24302297294270847
283200,0.24309741624081427
283300,0.24317185221795212
283400,0.2432462808748418
283500,0.24332070221220337
283600,0.2433951162307565
283700,0.24346952293122093
283800,0.24354392231431654
283900,0.24361831438076287
284000,0.24369269913127933
284100,0.24376707656658547
284200,0.2438414466874007
284300,0.24391580949444436
284400,0.24399016498843562
284500,0.2440645131700938
284600,0.24413885404013802
284700,0.24421318759928712
284800,0.2442875138482603
284900,0.24436183278777635
285000,0.2444361444185541
285100,0.24451044874131234
285200,0.2445847457567698
285300,0.24465903546564505
285400,0.2447333178686567
285500,0.2448075929665231
285600,0.24488186075996277
285700,0.24495612124969401
285800,0.24503037443643505
285900,0.2451046203209043
286000,0.24517885890381952
286100,0.24525309018589914
286200,0.2453273141678608
286300,0.2454015308504227
286400,0.24547574023430252
286500,0.2455499423202182
286600,0.2456241371088872
286700,0.24569832460102736
286800,0.24577250479735602
286900,0.24584667769859092
287000,0.2459208433054494
287100,0.24599500161864873
287200,0.24606915263890627
287300,0.2461432963669392
287400,0.24621743280346464
287500,0.24629156194919966
287600,0.24636568380486124
287700,0.24643979837116636
287800,0.2465139056488319
287900,0.24658800563857464
288000,0.2466620983411112
288100,0.24673618375715833
288200,0.2468102618874325
288300,0.2468843327326502
288400,0.24695839629352812
288500,0.24703245257078232
288600,0.24710650156512914
288700,0.247180543277285
288800,0.24725457770796588
288900,0.24732860485788788
289000,0.24740262472776708
289100,0.24747663731831937
289200,0.2475506426302606
289300,0.24762464066430667
289400,0.2476986314211731
289500,0.24777261490157576
289600,0.2478465911062302
289700,0.24792056003585183
289800,0.2479945216911562
289900,0.24806847607285865
290000,0.24814242318167445
290100,0.24821636301831895
290200,0.24829029558350724
290300,0.2483642208779543
290400,0.24843813890237543
290500,0.2485120496574853
290600,0.248585953143999
290700,0.2486598493626313
290800,0.24873373831409684
290900,0.24880761999911039
291000,0.24888149441838658
291100,0.24895536157263987
291200,0.24902922146258477
291300,0.24910307408893562
291400,0.24917691945240672
291500,0.2492507575537125
291600,0.24932458839356697
291700,0.2493984119726842
291800,0.2494722282917784
291900,0.24954603735156344
292000,0.24961983915275332
292100,0.2496936336960618
292200,0.2497674209822025
292300,0.24984120101188945
292400,0.24991497378583594
292500,0.24998873930475562
292600,0.25006249756936205
292700,0.25013624858036865
292800,0.2502099923384886
292900,0.2502837288444353
293000,0.25035745809892196
293100,0.25043118010266163
293200,0.2505048948563674
293300,0.25057860236075225
293400,0.25065230261652915
293500,0.2507259956244109
293600,0.25079968138511033
293700,0.2508733598993401
293800,0.2509470311678129
293900,0.25102069519124115
294000,0.2510943519703376
294100,0.2511680015058144
294200,0.2512416437983841
294300,0.2513152788487589
294400,0.2513889066576511
294500,0.2514625272257729
294600,0.2515361405538361
294700,0.251609746642553
294800,0.2516833454926354
294900,0.2517569371047952
295000,0.25183052147974416
295100,0.25190409861819407
295200,0.25197766852085646
295300,0.2520512311884432
295400,0.2521247866216655
295500,0.2521983348212349
295600,0.2522718757878629
295700,0.2523454095222607
295800,0.25241893602513943
295900,0.25249245529721054
296000,0.2525659673391849
296100,0.2526394721517736
296200,0.2527129697356877
296300,0.25278646009163797
296400,0.2528599432203352
296500,0.25293341912249023
296600,0.25300688779881375
296700,0.2530803492500163
296800,0.2531538034768084
296900,0.2532272504799006
297000,0.25330069026000324
297100,0.2533741228178267
297200,0.2534475481540812
297300,0.25352096626947696
297400,0.253594377164724
297500,0.25366778084053254
297600,0.2537411772976125
297700,0.25381456653667367
297800,0.253887948558426
297900,0.25396132336357935
298000,0.25403469095284315
298100,0.2541080513269274
298200,0.25418140448654125
298300,0.25425475043239454
298400,0.25432808916519645
298500,0.2544014206856565
298600,0.25447474499448397
298700,0.2545480620923879
298800,0.2546213719800776
298900,0.254694674658262
299000,0.2547679701276503
299100,0.25484125838895133
299200,0.2549145394428739
299300,0.25498781329012676
299400,0.2550610799314189
299500,0.25513433936745866
299600,0.2552075915989549
299700,0.2552808366266158
299800,0.2553540744511502
299900,0.25542730507326616
300000,0.2555005284936722
300100,0.2555737447130765
300200,0.25564695373218704
300300,0.25572015555171224
300400,0.2557933501723598
300500,0.255866537594838
300600,0.2559397178198545
300700,0.2560128908481172
300800,0.2560860566803338
300900,0.256159215317212
301000,0.2562323667594595
301100,0.25630551100778365
301200,0.2563786480628921
301300,0.25645177792549223
301400,0.2565249005962913
301500,0.2565980160759965
301600,0.25667112436531525
301700,0.25674422546495457
301800,0.25681731937562147
301900,0.25689040609802294
302000,0.25696348563286586
302100,0.2570365579808572
302200,0.2571096231427037
302300,0.2571826811191119
302400,0.25725573191078865
302500,0.25732877551844047
302600,0.2574018119427738
302700,0.25747484118449504
302800,0.25754786324431056
302900,0.2576208781229268
303000,0.2576938858210498
303100,0.2577668863393857
303200,0.25783987967864075
303300,0.2579128658395209
303400,0.257985844822732
303500,0.25805881662898
303600,0.25813178125897074
303700,0.2582047387134099
303800,0.2582776889930031
303900,0.258350632098456
304000,0.25842356803047406
304100,0.25849649678976283
304200,0.2585694183770276
304300,0.2586423327929738
304400,0.2587152400383066
304500,0.2587881401137312
304600,0.25886103301995267
304700,0.25893391875767613
304800,0.25900679732760645
304900,0.25907966873044863
305000,0.2591525329669073
305100,0.25922539003768763
305200,0.2592982399434939
305300,0.25937108268503095
305400,0.2594439182630033
305500,0.2595167466781154
305600,0.2595895679310717
305700,0.2596623820225764
305800,0.25973518895333403
305900,0.25980798872404876
306000,0.25988078133542447
306100,0.2599535667881655
306200,0.26002634508297573
306300,0.26009911622055915
306400,0.26017188020161963
306500,0.26024463702686085
306600,0.26031738669698656
306700,0.26039012921270055
306800,0.26046286457470635
306900,0.2605355927837074
307000,0.26060831384040717
307100,0.26068102774550905
307200,0.2607537344997164
307300,0.2608264341037324
307400,0.2608991265582602
307500,0.260971811864003
307600,0.26104449002166374
307700,0.2611171610319454
307800,0.261189824895551
307900,0.2612624816131831
308000,0.26133513118554463
308100,0.26140777361333833
308200,0.26148040889726676
308300,0.26155303703803234
308400,0.26162565803633775
308500,0.2616982718928852
308600,0.2617708786083772
308700,0.26184347818351605
308800,0.2619160706190038
308900,0.26198865591554266
309000,0.26206123407383464
309100,0.26213380509458173
309200,0.26220636897848604
309300,0.2622789257262492
309400,0.26235147533857317
309500,0.26242401781615954
309600,0.26249655315971
309700,0.2625690813699262
309800,0.26264160244750956
309900,0.26271411639316156
310000,0.2627866232075836
310100,0.26285912289147695
310200,0.2629316154455429
310300,0.2630041008704824
310400,0.2630765791669969
310500,0.2631490503357873
310600,0.26322151437755437
310700,0.26329397129299914
310800,0.2633664210828225
310900,0.2634388637477252
311000,0.2635112992884078
311100,0.26358372770557104
311200,0.2636561489999153
311300,0.2637285631721412
311400,0.26380097022294924
311500,0.2638733701530396
311600,0.26394576296311256
311700,0.2640181486538683
311800,0.2640905272260071
311900,0.2641628986802289
312000,0.26423526301723366
312100,0.2643076202377215
312200,0.26437997034239213
312300,0.2644523133319453
312400,0.26452464920708085
312500,0.26459697796849846
312600,0.26466929961689756
312700,0.2647416141529777
312800,0.26481392157743844
312900,0.264886221890979
313000,0.2649585150942988
313100,0.2650308011880971
313200,0.26510308017307305
313300,0.2651753520499256
313400,0.26524761681935405
313500,0.26531987448205707
313600,0.2653921250387338
313700,0.26546436849008304
313800,0.2655366048368033
313900,0.26560883407959357
314000,0.2656810562191524
314100,0.2657532712561782
314200,0.26582547919136956
314300,0.2658976800254249
314400,0.2659698737590426
314500,0.2660420603929209
314600,0.26611423992775796
314700,0.2661864123642519
314800,0.2662585777031009
314900,0.2663307359450029
315000,0.26640288709065585
315100,0.26647503114075755
315200,0.266547168096006
315300,0.2666192979570986
315400,0.2666914207247334
315500,0.2667635363996076
315600,0.2668356449824191
315700,0.26690774647386495
315800,0.2669798408746429
315900,0.2670519281854501
316000,0.2671240084069837
316100,0.2671960815399411
316200,0.26726814758501927
316300,0.26734020654291535
316400,0.26741225841432614
316500,0.26748430319994876
316600,0.26755634090047986
316700,0.26762837151661634
316800,0.26770039504905485
316900,0.26777241149849196
317000,0.2678444208656243
317100,0.2679164231511485
317200,0.2679884183557607
317300,0.2680604064801574
317400,0.268132387525035
317500,0.2682043614910895
317600,0.26827632837901716
317700,0.2683482881895142
317800,0.2684202409232763
317900,0.2684921865809998
318000,0.26856412516338024
318100,0.2686360566711137
318200,0.2687079811048957
318300,0.26877989846542205
318400,0.2688518087533883
318500,0.26892371196949005
318600,0.2689956081144226
318700,0.26906749718888157
318800,0.2691393791935621
318900,0.2692112541291596
319000,0.26928312199636917
319100,0.269354982795886
319200,0.26942683652840516
319300,0.26949868319462156
319400,0.2695705227952301
319500,0.26964235533092573
319600,0.26971418080240317
319700,0.2697859992103572
319800,0.2698578105554823
319900,0.2699296148384732
320000,0.2700014120600245
320100,0.2700732022208304
320200,0.2701449853215856
320300,0.270216761362984
320400,0.2702885303457201
320500,0.2703602922704881
320600,0.27043204713798186
320700,0.27050379494889565
320800,0.27057553570392334
320900,0.27064726940375883
321000,0.270718996049096
321100,0.2707907156406285
321200,0.27086242817905004
321300,0.27093413366505437
321400,0.27100583209933493
321500,0.2710775234825853
321600,0.2711492078154988
321700,0.27122088509876885
321800,0.2712925553330886
321900,0.2713642185191514
322000,0.2714358746576504
322100,0.27150752374927867
322200,0.27157916579472907
322300,0.2716508007946947
322400,0.2717224287498685
322500,0.2717940496609431
322600,0.2718656635286113
322700,0.27193727035356574
322800,0.2720088701364991
322900,0.27208046287810383
323000,0.2721520485790725
323100,0.2722236272400973
323200,0.2722951988618708
323300,0.27236676344508515
323400,0.2724383209904325
323500,0.27250987149860506
323600,0.27258141497029487
323700,0.27265295140619383
323800,0.2727244808069941
323900,0.27279600317338715
324000,0.27286751850606505
324100,0.27293902680571946
324200,0.27301052807304194
324300,0.27308202230872414
324400,0.2731535095134576
324500,0.27322498968793374
324600,0.2732964628328439
324700,0.2733679289488795
324800,0.2734393880367316
324900,0.2735108400970915
325000,0.2735822851306503
325100,0.273653723138099
325200,0.27372515412012843
325300,0.27379657807742974
325400,0.2738679950106937
325500,0.273939404920611
325600,0.27401080780787235
325700,0.2740822036731684
325800,0.27415359251718974
325900,0.27422497434062676
326000,0.27429634914417
326100,0.2743677169285097
326200,0.2744390776943363
326300,0.2745104314423399
326400,0.2745817781732106
326500,0.2746531178876387
326600,0.274724450586314
326700,0.2747957762699266
326800,0.2748670949391664
326900,0.274938406594723
327000,0.27500971123728635
327100,0.27508100886754605
327200,0.2751522994861917
327300,0.2752235830939128
327400,0.275294859691399
327500,0.27536612927933957
327600,0.27543739185842386
327700,0.2755086474293411
327800,0.27557989599278054
327900,0.2756511375494314
328000,0.2757223720999826
328100,0.2757935996451233
328200,0.27586482018554226
328300,0.27593603372192854
328400,0.2760072402549707
328500,0.2760784397853576
328600,0.276149632313778
328700,0.27622081784092023
328800,0.27629199636747304
328900,0.27636316789412485
329000,0.276434332421564
329100,0.27650548995047886
329200,0.2765766404815576
329300,0.2766477840154886
329400,0.27671892055295977
329500,0.2767900500946592
329600,0.27686117264127486
329700,0.2769322881934948
329800,0.2770033967520068
329900,0.27707449831749864
330000,0.277145592890658
330100,0.2772166804721725
330200,0.2772877610627298
330300,0.27735883466301736
330400,0.2774299012737227
330500,0.2775009608955331
330600,0.27757201352913585
330700,0.27764305917521837
330800,0.27771409783446765
330900,0.27778512950757084
331000,0.2778561541952149
331100,0.277927171898087
331200,0.2779981826168739
331300,0.2780691863522625
331400,0.2781401831049396
331500,0.2782111728755917
331600,0.27828215566490566
331700,0.278353131473568
331800,0.27842410030226505
331900,0.2784950621516834
332000,0.2785660170225094
332100,0.27863696491542933
332200,0.27870790583112937
332300,0.2787788397702957
332400,0.2788497667336144
332500,0.2789206867217716
332600,0.2789915997354532
332700,0.27906250577534497
332800,0.2791334048421329
332900,0.2792042969365026
333000,0.2792751820591399
333100,0.2793460602107304
333200,0.27941693139195956
333300,0.2794877956035129
333400,0.27955865284607584
333500,0.27962950312033374
333600,0.27970034642697195
333700,0.27977118276667556
333800,0.2798420121401298
333900,0.27991283454801974
334000,0.2799836499910304
334100,0.28005445846984667
334200,0.2801252599851535
334300,0.28019605453763563
334400,0.2802668421279779
334500,0.2803376227568649
334600,0.2804083964249813
334700,0.2804791631330116
334800,0.28054992288164027
334900,0.2806206756715517
335000,0.2806914215034304
335100,0.2807621603779604
335200,0.280832892295826
335300,0.2809036172577114
335400,0.2809743352643006
335500,0.2810450463162777
335600,0.28111575041432646
335700,0.2811864475591309
335800,0.28125713775137484
335900,0.2813278209917418
336000,0.2813984972809157
336100,0.2814691666195801
336200,0.28153982900841834
336300,0.2816104844481141
336400,0.2816811329393507
336500,0.2817517744828114
336600,0.28182240907917955
336700,0.28189303672913835
336800,0.28196365743337093
336900,0.2820342711925603
337000,0.2821048780073896
337100,0.28217547787854147
337200,0.28224607080669906
337300,0.28231665679254503
337400,0.28238723583676206
337500,0.28245780794003295
337600,0.28252837310304024
337700,0.2825989313264664
337800,0.2826694826109939
337900,0.28274002695730516
338000,0.28281056436608254
338100,0.2828810948380083
338200,0.2829516183737645
338300,0.2830221349740334
338400,0.2830926446394969
338500,0.28316314737083714
338600,0.2832336431687361
338700,0.2833041320338754
338800,0.2833746139669371
338900,0.28344508896860265
339000,0.2835155570395539
339100,0.28358601818047235
339200,0.2836564723920395
339300,0.2837269196749369
339400,0.2837973600298458
339500,0.2838677934574476
339600,0.2839382199584236
339700,0.2840086395334549
339800,0.2840790521832227
339900,0.28414945790840795
340000,0.28421985670969163
340100,0.28429024858775476
340200,0.28436063354327823
340300,0.2844310115769426
340400,0.2845013826894287
340500,0.2845717468814173
340600,0.2846421041535888
340700,0.28471245450662375
340800,0.28478279794120276
340900,0.284853134458006
341000,0.28492346405771385
341100,0.2849937867410066
341200,0.2850641025085645
341300,0.28513441136106743
341400,0.2852047132991957
341500,0.28527500832362906
341600,0.2853452964350476
341700,0.28541557763413106
341800,0.2854858519215593
341900,0.28555611929801195
342000,0.2856263797641687
342100,0.28569663332070916
342200,0.28576687996831274
342300,0.285837119707659
342400,0.28590735253942723
342500,0.2859775784642967
342600,0.28604779748294684
342700,0.2861180095960567
342800,0.28618821480430545
342900,0.28625841310837197
343000,0.2863286045089355
343100,0.2863987890066747
343200,0.2864689666022686
343300,0.2865391372963958
343400,0.28660930108973526
343500,0.28667945798296535
343600,0.28674960797676474
343700,0.2868197510718121
343800,0.2868898872687856
343900,0.2869600165683639
344000,0.2870301389712251
344100,0.28710025447804755
344200,0.2871703630895094
344300,0.2872404648062886
344400,0.2873105596290635
344500,0.2873806475585119
344600,0.2874507285953116
344700,0.2875208027401407
344800,0.2875908699936768
344900,0.2876609303565977
345000,0.28773098382958096
345100,0.2878010304133042
345200,0.2878710701084449
345300,0.28794110291568054
345400,0.28801112883568847
345500,0.28808114786914607
345600,0.28815116001673047
345700,0.2882211652791189
345800,0.2882911636569885
345900,0.28836115515101635
346000,0.2884311397618793
346100,0.2885011174902543
346200,0.2885710883368182
346300,0.2886410523022479
346400,0.28871100938721994
346500,0.288780959592411
346600,0.2888509029184977
346700,0.28892083936615653
346800,0.288990768936064
346900,0.28906069162889636
347000,0.28913060744533003
347100,0.28920051638604116
347200,0.2892704184517061
347300,0.2893403136430007
347400,0.2894102019606013
347500,0.2894800834051836
347600,0.2895499579774238
347700,0.2896198256779974
347800,0.28968968650758053
347900,0.2897595404668486
348000,0.28982938755647747
348100,0.2898992277771426
348200,0.2899690611295197
348300,0.29003888761428387
348400,0.2901087072321108
348500,0.2901785199836757
348600,0.29024832586965377
348700,0.2903181248907203
348800,0.2903879170475503
348900,0.2904577023408188
349000,0.29052748077120083
349100,0.2905972523393714
349200,0.2906670170460053
349300,0.2907367748917772
349400,0.2908065258773619
349500,0.2908762700034341
349600,0.2909460072706683
349700,0.2910157376797391
349800,0.29108546123132084
349900,0.29115517792608814
350000,0.291224887764715
350100,0.2912945907478759
350200,0.2913642868762448
350300,0.29143397615049615
350400,0.2915036585713038
350500,0.2915733341393417
350600,0.2916430028552839
350700,0.29171266471980417
350800,0.29178231973357627
350900,0.29185196789727397
351000,0.29192160921157095
351100,0.2919912436771408
351200,0.29206087129465697
351300,0.292130492064793
351400,0.2922001059882222
351500,0.292269713065618
351600,0.2923393132976536
351700,0.2924089066850022
351800,0.29247849322833686
351900,0.29254807292833074
352000,0.29261764578565685
352100,0.292687211800988
352200,0.2927567709749971
352300,0.292826323308357
352400,0.29289586880174046
352500,0.2929654074558199
352600,0.2930349392712681
352700,0.2931044642487577
352800,0.293173982388961
352900,0.2932434936925504
353000,0.2933129981601983
353100,0.2933824957925769
353200,0.2934519865903584
353300,0.29352147055421507
353400,0.29359094768481886
353500,0.2936604179828417
353600,0.29372988144895573
353700,0.29379933808383263
353800,0.2938687878881444
353900,0.29393823086256254
354000,0.29400766700775893
354100,0.29407709632440493
354200,0.29414651881317233
354300,0.2942159344747326
354400,0.294285343309757
354500,0.2943547453189168
354600,0.29442414050288357
354700,0.29449352886232827
354800,0.29456291039792204
354900,0.2946322851103361
355000,0.29470165300024154
355100,0.29477101406830897
355200,0.29484036831520954
355300,0.29490971574161406
355400,0.2949790563481931
355500,0.29504839013561757
355600,0.2951177171045578
355700,0.2951870372556846
355800,0.29525635058966837
355900,0.2953256571071795
356000,0.2953949568088883
356100,0.29546424969546514
356200,0.29553353576758024
356300,0.2956028150259037
356400,0.2956720874711056
356500,0.2957413531038561
356600,0.29581061192482494
356700,0.29587986393468213
356800,0.29594910913409755
356900,0.2960183475237408
357000,0.29608757910428174
357100,0.2961568038763899
357200,0.2962260218407349
357300,0.2962952329979861
357400,0.2963644373488131
357500,0.2964336348938852
357600,0.29650282563387165
357700,0.29657200956944174
357800,0.2966411867012646
357900,0.29671035703000936
358000,0.29677952055634493
358100,0.29684867728094055
358200,0.2969178272044649
358300,0.2969869703275868
358400,0.29705610665097526
358500,0.29712523617529873
358600,0.2971943589012259
358700,0.2972634748294254
358800,0.29733258396056583
358900,0.2974016862953154
359000,0.2974707818343427
359100,0.2975398705783159
359200,0.2976089525279033
359300,0.29767802768377316
359400,0.29774709604659344
359500,0.2978161576170323
359600,0.2978852123957577
359700,0.2979542603834374
359800,0.29802330158073953
359900,0.29809233598833174
360000,0.2981613636068817
360100,0.2982303844370572
360200,0.2982993984795256
360300,0.2983684057349546
360400,0.2984374062040116
360500,0.29850639988736405
360600,0.2985753867856793
360700,0.2986443668996245
360800,0.29871334022986684
360900,0.2987823067770735
361000,0.2988512665419115
361100,0.298920219525048
361200,0.29898916572714973
361300,0.29905810514888376
361400,0.29912703779091665
361500,0.2991959636539152
361600,0.29926488273854623
361700,0.2993337950454763
361800,0.29940270057537177
361900,0.29947159932889933
362000,0.2995404913067252
362100,0.2996093765095159
362200,0.29967825493793765
362300,0.29974712659265657
362400,0.2998159914743389
362500,0.2998848495836507
362600,0.29995370092125795
362700,0.3000225454878267
362800,0.30009138328402263
362900,0.30016021431051176
363000,0.3002290385679598
363100,0.3002978560570324
363200,0.3003666667783951
363300,0.3004354707327136
363400,0.3005042679206533
363500,0.30057305834287973
363600,0.30064184200005817
363700,0.3007106188928539
363800,0.30077938902193213
363900,0.30084815238795815
364000,0.30091690899159695
364100,0.3009856588335136
364200,0.30105440191437294
364300,0.30112313823484005
364400,0.3011918677955797
364500,0.30126059059725674
364600,0.3013293066405357
364700,0.3013980159260814
364800,0.3014667184545582
364900,0.3015354142266309
365000,0.3016041032429637
365100,0.30167278550422105
365200,0.30174146101106736
365300,0.30181012976416677
365400,0.3018787917641834
365500,0.30194744701178156
365600,0.3020160955076252
365700,0.3020847372523783
365800,0.3021533722467047
365900,0.30222200049126846
366000,0.3022906219867332
366100,0.30235923673376264
366200,0.30242784473302065
366300,0.30249644598517056
366400,0.30256504049087607
366500,0.30263362825080053
366600,0.30270220926560754
366700,0.3027707835359602
366800,0.3028393510625219
366900,0.3029079118459558
367000,0.30297646588692506
367100,0.3030450131860928
367200,0.30311355374412186
367300,0.3031820875616754
367400,0.30325061463941616
367500,0.3033191349780071
367600,0.30338764857811074
367700,0.30345615544038995
367800,0.30352465556550723
367900,0.30359314895412515
368000,0.3036616356069063
368100,0.303730115524513
368200,0.3037985887076077
368300,0.30386705515685253
368400,0.3039355148729098
368500,0.3040039678564418
368600,0.3040724141081105
368700,0.3041408536285778
368800,0.304209286418506
368900,0.3042777124785566
369000,0.30434613180939185
369100,0.30441454441167315
369200,0.3044829502860624
369300,0.30455134943322126
369400,0.30461974185381124
369500,0.30468812754849395
369600,0.3047565065179306
369700,0.30482487876278275
369800,0.3048932442837118
369900,0.30496160308137876
370000,0.30502995515644493
370100,0.30509830050957154
370200,0.3051666391414195
370300,0.30523497105264985
370400,0.3053032962439235
370500,0.30537161471590124
370600,0.3054399264692441
370700,0.3055082315046126
370800,0.30557652982266736
370900,0.3056448214240691
371000,0.30571310630947846
371100,0.3057813844795557
371200,0.3058496559349613
371300,0.3059179206763557
371400,0.3059861787043989
371500,0.3060544300197514
371600,0.3061226746230733
371700,0.3061909125150246
371800,0.3062591436962653
371900,0.3063273681674553
372000,0.30639558592925475
372100,0.3064637969823232
372200,0.3065320013273205
372300,0.3066001989649063
372400,0.3066683898957403
372500,0.30673657412048205
372600,0.30680475163979093
372700,0.3068729224543266
372800,0.30694108656474817
372900,0.30700924397171514
373000,0.3070773946758867
373100,0.30714553867792194
373200,0.30721367597848004
373300,0.3072818065782199
373400,0.3073499304778008
373500,0.3074180476778814
373600,0.3074861581791206
373700,0.3075542619821773
373800,0.30762235908770996
373900,0.30769044949637747
374000,0.3077585332088384
374100,0.3078266102257512
374200,0.30789468054777425
374300,0.3079627441755661
374400,0.3080308011097851
374500,0.3080988513510894
374600,0.30816689490013727
374700,0.30823493175758676
374800,0.308302961924096
374900,0.30837098540032293
375000,0.30843900218692566
375100,0.3085070122845619
375200,0.30857501569388956
375300,0.30864301241556635
375400,0.30871100245024996
375500,0.30877898579859797
375600,0.30884696246126797
375700,0.30891493243891754
375800,0.30898289573220383
375900,0.30905085234178453
376000,0.3091188022683167
376100,0.30918674551245773
376200,0.3092546820748646
376300,0.3093226119561946
376400,0.3093905351571047
376500,0.3094584516782518
376600,0.3095263615202929
376700,0.30959426468388473
376800,0.30966216116968426
376900,0.30973005097834805
377000,0.3097979341105327
377100,0.309865810566895
377200,0.3099336803480913
377300,0.31000154345477815
377400,0.31006939988761184
377500,0.31013724964724876
377600,0.31020509273434516
377700,0.3102729291495573
377800,0.3103407588935412
377900,0.310408581966953
378000,0.3104763983704486
378100,0.3105442081046841
378200,0.3106120111703152
378300,0.31067980756799796
378400,0.31074759729838797
378500,0.31081538036214085
378600,0.3108831567599122
378700,0.3109509264923578
378800,0.3110186895601329
378900,0.311086445963893
379000,0.3111541957042935
379100,0.31122193878198967
379200,0.31128967519763673
379300,0.3113574049518898
379400,0.3114251280454041
379500,0.3114928444788345
379600,0.31156055425283613
379700,0.3116282573680639
379800,0.31169595382517246
379900,0.3117636436248168
380000,0.31183132676765146
380100,0.3118990032543313
380200,0.31196667308551074
380300,0.3120343362618443
380400,0.31210199278398654
380500,0.31216964265259173
380600,0.31223728586831434
380700,0.3123049224318085
380800,0.3123725523437285
380900,0.31244017560472837
381000,0.3125077922154623
381100,0.3125754021765843
381200,0.31264300548874824
381300,0.31271060215260793
381400,0.3127781921688173
381500,0.31284577553803017
381600,0.3129133522609
381700,0.3129809223380806
381800,0.3130484857702255
381900,0.313116042557988
382000,0.3131835927020218
382100,0.3132511362029802
382200,0.3133186730615163
382300,0.3133862032782835
382400,0.313453726853935
382500,0.3135212437891238
382600,0.31358875408450315
382700,0.3136562577407257
382800,0.3137237547584446
382900,0.3137912451383127
383000,0.31385872888098265
383100,0.3139262059871073
383200,0.3139936764573392
383300,0.314061140292331
383400,0.31412859749273525
383500,0.3141960480592043
383600,0.3142634919923908
383700,0.3143309292929468
383800,0.31439835996152465
383900,0.3144657839987768
384000,0.314533201405355
384100,0.3146006121819116
384200,0.3146680163290986
384300,0.31473541384756787
384400,0.3148028047379713
384500,0.31487018900096064
384600,0.31493756663718786
384700,0.31500493764730453
384800,0.31507230203196224
384900,0.3151396597918126
385000,0.31520701092750714
385100,0.3152743554396973
385200,0.3153416933290344
385300,0.3154090245961698
385400,0.3154763492417547
385500,0.31554366726644034
385600,0.31561097867087784
385700,0.31567828345571824
385800,0.31574558162161237
385900,0.31581287316921147
386000,0.31588015809916614
386100,0.3159474364121272
386200,0.31601470810874555
386300,0.3160819731896718
386400,0.3161492316555564
386500,0.3162164835070501
386600,0.31628372874480326
386700,0.31635096736946633
386800,0.3164181993816897
386900,0.3164854247821235
387000,0.3165526435714181
387100,0.31661985575022367
387200,0.3166870613191902
387300,0.3167542602789679
387400,0.31682145263020645
387500,0.3168886383735561
387600,0.3169558175096663
387700,0.3170229900391871
387800,0.31709015596276824
387900,0.31715731528105917
388000,0.3172244679947096
388100,0.317291614104369
388200,0.3173587536106869
388300,0.3174258865143126
388400,0.3174930128158955
388500,0.3175601325160847
388600,0.3176272456155297
388700,0.3176943521148794
388800,0.3177614520147829
388900,0.31782854531588933
389000,0.3178956320188474
389100,0.31796271212430627
389200,0.3180297856329146
389300,0.31809685254532116
389400,0.3181639128621747
389500,0.31823096658412375
389600,0.318298013711817
389700,0.3183650542459028
389800,0.3184320881870296
389900,0.31849911553584587
390000,0.3185661362929999
390100,0.31863315045913987
390200,0.3187001580349139
390300,0.3187671590209703
390400,0.31883415341795707
390500,0.31890114122652213
390600,0.3189681224473133
390700,0.31903509708097866
390800,0.31910206512816586
390900,0.31916902658952273
391000,0.31923598146569687
391100,0.319302929757336
391200,0.31936987146508744
391300,0.31943680658959883
391400,0.31950373513151753
391500,0.3195706570914909
391600,0.31963757247016633
391700,0.31970448126819095
391800,0.3197713834862118
391900,0.3198382791248763
392000,0.31990516818483106
392100,0.3199720506667234
392200,0.32003892657120014
392300,0.320105795898908
392400,0.3201726586504938
392500,0.3202395148266044
392600,0.3203063644278863
392700,0.3203732074549862
392800,0.3204400439085504
392900,0.3205068737892257
393000,0.32057369709765815
393100,0.3206405138344943
393200,0.3207073240003805
393300,0.3207741275959627
393400,0.3208409246218872
393500,0.3209077150788
393600,0.3209744989673471
393700,0.3210412762881746
393800,0.3211080470419283
393900,0.32117481122925406
394000,0.3212415688507976
394100,0.32130831990720454
394200,0.32137506439912067
394300,0.32144180232719144
394400,0.32150853369206245
394500,0.32157525849437907
394600,0.3216419767347868
394700,0.32170868841393074
394800,0.3217753935324563
394900,0.3218420920910088
395000,0.32190878409023305
395100,0.32197546953077427
395200,0.3220421484132775
395300,0.32210882073838765
395400,0.32217548650674954
395500,0.3222421457190081
395600,0.32230879837580795
395700,0.32237544447779376
395800,0.32244208402561036
395900,0.322508717019902
396000,0.32257534346131345
396100,0.3226419633504889
396200,0.32270857668807296
396300,0.3227751834747097
396400,0.32284178371104344
396500,0.3229083773977185
396600,0.3229749645353788
396700,0.3230415451246684
396800,0.3231081191662314
396900,0.3231746866607117
397000,0.32324124760875317
397100,0.3233078020109995
397200,0.32337434986809444
397300,0.32344089118068176
397400,0.32350742594940496
397500,0.32357395417490775
397600,0.3236404758578334
397700,0.3237069909988254
397800,0.3237734995985272
397900,0.323840001657582
398000,0.3239064971766329
398100,0.3239729861563233
398200,0.32403946859729627
398300,0.3241059445001946
398400,0.32417241386566154
398500,0.32423887669433993
398600,0.3243053329868726
398700,0.3243717827439022
398800,0.32443822596607164
398900,0.32450466265402345
399000,0.32457109280840035
399100,0.32463751642984473
399200,0.3247039335189992
399300,0.32477034407650607
399400,0.32483674810300767
399500,0.32490314559914624
399600,0.32496953656556415
399700,0.32503592100290346
399800,0.3251022989118063
399900,0.32516867029291463
400000,0.32523503514687047
400100,0.32530139347431564
400200,0.32536774527589196
400300,0.3254340905522414
400400,0.32550042930400547
400500,0.32556676153182584
400600,0.3256330872363442
400700,0.32569940641820205
400800,0.32576571907804075
400900,0.3258320252165017
401000,0.3258983248342263
401100,0.3259646179318558
401200,0.32603090451003147
401300,0.3260971845693944
401400,0.32616345811058556
401500,0.3262297251342461
401600,0.3262959856410169
401700,0.326362239631539
401800,0.326428487106453
401900,0.3264947280663998
402000,0.32656096251202005
402100,0.3266271904439544
402200,0.3266934118628434
402300,0.3267596267693277
402400,0.3268258351640476
402500,0.32689203704764347
402600,0.32695823242075583
402700,0.32702442128402465
402800,0.3270906036380904
402900,0.327156779483593
403000,0.32722294882117275
403100,0.32728911165146934
403200,0.32735526797512304
403300,0.32742141779277356
403400,0.3274875611050607
403500,0.32755369791262434
403600,0.327619828216104
403700,0.3276859520161395
403800,0.3277520693133702
403900,0.3278181801084358
404000,0.3278842844019757
404100,0.32795038219462913
404200,0.32801647348703566
404300,0.32808255827983424
404400,0.32814863657366433
404500,0.3282147083691649
404600,0.32828077366697506
404700,0.3283468324677339
404800,0.3284128847720802
404900,0.3284789305806528
405000,0.32854496989409077
405100,0.3286110027130327
405200,0.32867702903811724
405300,0.32874304886998307
405400,0.32880906220926875
405500,0.3288750690566128
405600,0.32894106941265355
405700,0.32900706327802953
405800,0.3290730506533789
405900,0.32913903153934
406000,0.329205005936551
406100,0.3292709738456501
406200,0.32933693526727525
406300,0.32940289020206437
406400,0.32946883865065557
406500,0.3295347806136867
406600,0.3296007160917954
406700,0.3296666450856197
406800,0.32973256759579694
406900,0.32979848362296504
407000,0.3298643931677614
407100,0.3299302962308236
407200,0.3299961928127889
407300,0.33006208291429495
407400,0.33012796653597876
407500,0.3301938436784778
407600,0.3302597143424292
407700,0.3303255785284699
407800,0.3303914362372372
407900,0.330457287469368
408000,0.3305231322254992
408100,0.3305889705062677
408200,0.33065480231231026
408300,0.3307206276442638
408400,0.3307864465027648
408500,0.3308522588884498
408600,0.3309180648019556
408700,0.3309838642439187
408800,0.33104965721497537
408900,0.33111544371576196
409000,0.33118122374691483
409100,0.33124699730907026
409200,0.3313127644028644
409300,0.3313785250289334
409400,0.3314442791879133
409500,0.33151002688044007
409600,0.3315757681071496
409700,0.3316415028686779
409800,0.3317072311656606
409900,0.33177295299873355
410000,0.3318386683685325
410100,0.3319043772756928
410200,0.33197007972085024
410300,0.33203577570464027
410400,0.33210146522769823
410500,0.33216714829065963
410600,0.33223282489415973
410700,0.3322984950388336
410800,0.33236415872531666
410900,0.3324298159542439
411000,0.3324954667262504
411100,0.33256111104197117
411200,0.332626748902041
411300,0.332692380307095
411400,0.3327580052577679
411500,0.3328236237546943
411600,0.33288923579850904
411700,0.33295484138984666
411800,0.33302044052934165
411900,0.33308603321762864
412000,0.333151619455342
412100,0.3332171992431161
412200,0.33328277258158523
412300,0.33334833947138376
412400,0.33341389991314563
412500,0.3334794539075051
412600,0.33354500145509625
412700,0.333610542556553
412800,0.33367607721250936
412900,0.3337416054235992
413000,0.33380712719045624
413100,0.3338726425137142
413200,0.33393815139400695
413300,0.33400365383196784
413400,0.33406914982823077
413500,0.3341346393834289
413600,0.33420012249819586
413700,0.3342655991731649
413800,0.3343310694089695
413900,0.33439653320624274
414000,0.3344619905656179
414100,0.33452744148772806
414200,0.33459288597320624
414300,0.33465832402268547
414400,0.3347237556367988
414500,0.3347891808161789
414600,0.3348545995614588
414700,0.33492001187327103
414800,0.3349854177522483
414900,0.3350508171990235
415000,0.3351162102142289
415100,0.335181596798497
415200,0.33524697695246053
415300,0.33531235067675147
415400,0.33537771797200244
415500,0.3354430788388456
415600,0.33550843327791313
415700,0.33557378128983706
415800,0.33563912287524955
415900,0.33570445803478266
416000,0.3357697867690682
416100,0.33583510907873815
416200,0.3359004249644243
416300,0.33596573442675837
416400,0.336031037466372
416500,0.33609633408389694
416600,0.33616162427996477
416700,0.33622690805520683
416800,0.33629218541025463
416900,0.33635745634573966
417000,0.3364227208622931
417100,0.3364879789605463
417200,0.3365532306411304
417300,0.33661847590467664
417400,0.3366837147518159
417500,0.33674894718317927
417600,0.33681417319939777
417700,0.33687939280110224
417800,0.3369446059889235
417900,0.3370098127634922
418000,0.3370750131254392
418100,0.33714020707539505
418200,0.33720539461399046
418300,0.3372705757418557
418400,0.3373357504596214
418500,0.3374009187679179
418600,0.3374660806673755
418700,0.33753123615862446
418800,0.33759638524229507
418900,0.33766152791901727
419000,0.33772666418942143
419100,0.3377917940541374
419200,0.3378569175137951
419300,0.33792203456902437
419400,0.33798714522045525
419500,0.33805224946871737
419600,0.33811734731444043
419700,0.33818243875825416
419800,0.33824752380078804
419900,0.3383126024426717
420000,0.3383776746845345
420100,0.33844274052700585
420200,0.3385077999707151
420300,0.3385728530162915
420400,0.3386378996643643
420500,0.33870293991556266
420600,0.3387679737705157
420700,0.33883300122985227
420800,0.3388980222942015
420900,0.3389630369641923
421000,0.3390280452404535
421100,0.33909304712361366
421200,0.3391580426143018
421300,0.3392230317131464
421400,0.33928801442077605
421500,0.33935299073781944
421600,0.3394179606649048
421700,0.3394829242026607
421800,0.33954788135171543
421900,0.3396128321126973
422000,0.33967777648623454
422100,0.33974271447295534
422200,0.3398076460734877
422300,0.3398725712884597
422400,0.3399374901184993
422500,0.3400024025642344
422600,0.340067308626293
422700,0.34013220830530266
422800,0.3401971016018912
422900,0.3402619885166863
423000,0.34032686905031573
423100,0.3403917432034067
423200,0.34045661097658697
423300,0.3405214723704838
423400,0.3405863273857246
423500,0.3406511760229366
423600,0.3407160182827471
423700,0.3407808541657834
423800,0.3408456836726723
423900,0.3409105068040412
424000,0.34097532356051685
424100,0.34104013394272614
424200,0.34110493795129615
424300,0.3411697355868535
424400,0.3412345268500251
424500,0.34129931174143735
424600,0.3413640902617172
424700,0.34142886241149095
424800,0.3414936281913852
424900,0.3415583876020264
425000,0.34162314064404087
425100,0.341687887318055
425200,0.34175262762469494
425300,0.34181736156458686
425400,0.34188208913835705
425500,0.3419468103466313
425600,0.34201152519003597
425700,0.3420762336691966
425800,0.3421409357847395
425900,0.3422056315372901
426000,0.34227032092747434
426100,0.34233500395591787
426200,0.3423996806232463
426300,0.3424643509300853
426400,0.34252901487706033
426500,0.3425936724647968
426600,0.34265832369392013
426700,0.3427229685650557
426800,0.3427876070788286
426900,0.34285223923586416
427000,0.34291686503678753
427100,0.34298148448222376
427200,0.3430460975727978
427300,0.3431107043091347
427400,0.3431753046918593
427500,0.34323989872159655
427600,0.34330448639897104
427700,0.3433690677246076
427800,0.3434336426991308
427900,0.3434982113231654
428000,0.34356277359733567
428100,0.34362732952226616
428200,0.34369187909858145
428300,0.3437564223269056
428400,0.34382095920786315
428500,0.3438854897420782
428600,0.3439500139301749
428700,0.3440145317727773
428800,0.34407904327050953
428900,0.3441435484239954
429000,0.3442080472338591
429100,0.34427253970072424
429200,0.34433702582521475
429300,0.34440150560795424
429400,0.34446597904956655
429500,0.3445304461506751
429600,0.3445949069119034
429700,0.3446593613338751
429800,0.3447238094172136
429900,0.3447882511625422
430000,0.3448526865704842
430100,0.34491711564166283
430200,0.3449815383767013
430300,0.3450459547762228
430400,0.3451103648408501
430500,0.34517476857120655
430600,0.3452391659679148
430700,0.345303557031598
430800,0.34536794176287866
430900,0.3454323201623797
431000,0.34549669223072377
431100,0.3455610579685334
431200,0.34562541737643127
431300,0.3456897704550399
431400,0.3457541172049817
431500,0.345818457626879
431600,0.34588279172135417
431700,0.34594711948902945
431800,0.34601144093052705
431900,0.346075756046469
432000,0.3461400648374775
432100,0.3462043673041746
432200,0.3462686634471821
432300,0.346332953267122
432400,0.346397236764616
432500,0.346461513940286
432600,0.3465257847947537
432700,0.3465900493286408
432800,0.34665430754256865
432900,0.346718559437159
433000,0.34678280501303316
433100,0.3468470442708127
433200,0.3469112772111188
433300,0.34697550383457276
433400,0.34703972414179596
433500,0.34710393813340934
433600,0.3471681458100341
433700,0.34723234717229123
433800,0.34729654222080175
433900,0.3473607309561866
434000,0.34742491337906656
434100,0.3474890894900625
434200,0.34755325928979497
434300,0.34761742277888485
434400,0.3476815799579527
434500,0.34774573082761895
434600,0.3478098753885043
434700,0.34787401364122883
434800,0.34793814558641323
434900,0.34800227122467775
435000,0.34806639055664246
435100,0.34813050358292763
435200,0.34819461030415344
435300,0.34825871072093983
435400,0.3483228048339069
435500,0.3483868926436746
435600,0.3484509741508627
435700,0.348515049356091
435800,0.34857911825997945
435900,0.3486431808631476
436000,0.348707237166215
436100,0.34877128716980144
436200,0.34883533087452623
436300,0.34889936828100887
436400,0.34896339938986876
436500,0.3490274242017253
436600,0.3490914427171976
436700,0.34915545493690503
436800,0.3492194608614666
436900,0.3492834604915015
437000,0.34934745382762866
437100,0.34941144087046716
437200,0.34947542162063583
437300,0.3495393960787534
437400,0.3496033642454388
437500,0.3496673261213107
437600,0.34973128170698775
437700,0.3497952310030886
437800,0.3498591740102317
437900,0.3499231107290355
438000,0.3499870411601186
438100,0.35005096530409907
438200,0.35011488316159545
438300,0.3501787947332259
438400,0.35024270001960855
438500,0.3503065990213615
438600,0.35037049173910284
438700,0.3504343781734506
438800,0.35049825832502257
438900,0.35056213219443677
439000,0.3506259997823109
439100,0.3506898610892627
439200,0.3507537161159099
439300,0.3508175648628702
439400,0.350881407330761
439500,0.35094524352019985
439600,0.3510090734318043
439700,0.3510728970661916
439800,0.3511367144239792
439900,0.3512005255057842
440000,0.3512643303122239
440100,0.3513281288439154
440200,0.35139192110147577
440300,0.3514557070855221
440400,0.35151948679667133
440500,0.3515832602355403
440600,0.3516470274027458
440700,0.3517107882989047
440800,0.3517745429246337
440900,0.35183829128054933
441000,0.35190203336726844
441100,0.35196576918540734
441200,0.35202949873558254
441300,0.3520932220184104
441400,0.3521569390345075
441500,0.35222064978448986
441600,0.35228435426897386
441700,0.3523480524885756
441800,0.3524117444439112
441900,0.3524754301355968
442000,0.35253910956424817
442100,0.3526027827304815
442200,0.35266644963491245
442300,0.3527301102781569
442400,0.35279376466083057
442500,0.3528574127835492
442600,0.35292105464692836
442700,0.35298469025158363
442800,0.35304831959813054
442900,0.3531119426871844
443000,0.35317555951936075
443100,0.35323917009527483
443200,0.3533027744155419
443300,0.3533663724807773
443400,0.3534299642915959
443500,0.3534935498486129
443600,0.3535571291524434
443700,0.35362070220370234
443800,0.3536842690030044
443900,0.35374782955096473
444000,0.3538113838481979
444100,0.3538749318953187
444200,0.35393847369294174
444300,0.3540020092416817
444400,0.35406553854215306
444500,0.35412906159497015
444600,0.3541925784007477
444700,0.35425608896009975
444800,0.3543195932736407
444900,0.35438309134198487
445000,0.3544465831657463
445100,0.35451006874553925
445200,0.3545735480819776
445300,0.3546370211756755
445400,0.35470048802724674
445500,0.3547639486373053
445600,0.35482740300646487
445700,0.35489085113533936
445800,0.3549542930245423
445900,0.3550177286746874
446000,0.3550811580863882
446100,0.35514458126025816
446200,0.35520799819691085
446300,0.3552714088969595
446400,0.3553348133610176
446500,0.3553982115896983
446600,0.3554616035836149
446700,0.3555249893433804
446800,0.355588368869608
446900,0.35565174216291073
447000,0.3557151092239015
447100,0.3557784700531933
447200,0.3558418246513988
447300,0.35590517301913094
447400,0.35596851515700234
447500,0.35603185106562574
447600,0.35609518074561375
447700,0.3561585041975789
447800,0.35622182142213354
447900,0.35628513241989024
448000,0.35634843719146136
